{
  "dataset_revision": "b71b5f67a93aa63761b79a67bcf28bd2ae590902",
  "evaluation_time": 6.52443790435791,
  "kg_co2_emissions": 0.0002333846606276321,
  "mteb_version": "1.14.15",
  "scores": {
    "test": [
      {
        "cv_recall_at_1": 0.89706,
        "cv_recall_at_10": 0.98529,
        "cv_recall_at_100": 1.0,
        "cv_recall_at_1000": 1.0,
        "cv_recall_at_20": 1.0,
        "cv_recall_at_3": 0.95588,
        "cv_recall_at_5": 0.95588,
        "hf_subset": "default",
        "languages": [
          "eng-Latn"
        ],
        "main_score": 0.89706,
        "map_at_1": 0.21132,
        "map_at_10": 0.46351,
        "map_at_100": 0.66407,
        "map_at_1000": 0.73709,
        "map_at_20": 0.55134,
        "map_at_3": 0.31697,
        "map_at_5": 0.37504,
        "mrr_at_1": 0.8970588235294118,
        "mrr_at_10": 0.9261204481792716,
        "mrr_at_100": 0.9268557422969188,
        "mrr_at_1000": 0.9268557422969188,
        "mrr_at_20": 0.9268557422969188,
        "mrr_at_3": 0.9215686274509804,
        "mrr_at_5": 0.9215686274509804,
        "nauc_cv_recall_at_1000_diff1": NaN,
        "nauc_cv_recall_at_1000_max": NaN,
        "nauc_cv_recall_at_1000_std": NaN,
        "nauc_cv_recall_at_100_diff1": NaN,
        "nauc_cv_recall_at_100_max": NaN,
        "nauc_cv_recall_at_100_std": NaN,
        "nauc_cv_recall_at_10_diff1": 0.5540376442015769,
        "nauc_cv_recall_at_10_max": 1.0,
        "nauc_cv_recall_at_10_std": 1.0,
        "nauc_cv_recall_at_1_diff1": 0.3194058608827151,
        "nauc_cv_recall_at_1_max": 0.6545900158455136,
        "nauc_cv_recall_at_1_std": 0.5476805854066717,
        "nauc_cv_recall_at_20_diff1": NaN,
        "nauc_cv_recall_at_20_max": NaN,
        "nauc_cv_recall_at_20_std": NaN,
        "nauc_cv_recall_at_3_diff1": 0.42395634338856986,
        "nauc_cv_recall_at_3_max": 0.8631855899615435,
        "nauc_cv_recall_at_3_std": 0.8631855899615435,
        "nauc_cv_recall_at_5_diff1": 0.42395634338856986,
        "nauc_cv_recall_at_5_max": 0.8631855899615435,
        "nauc_cv_recall_at_5_std": 0.8631855899615435,
        "nauc_map_at_1000_diff1": 0.28787538304886207,
        "nauc_map_at_1000_max": -0.04876259866034967,
        "nauc_map_at_1000_std": -0.009108727258637189,
        "nauc_map_at_100_diff1": 0.4686937593850806,
        "nauc_map_at_100_max": -0.2753907094758405,
        "nauc_map_at_100_std": -0.418749601453212,
        "nauc_map_at_10_diff1": 0.6143778302426633,
        "nauc_map_at_10_max": -0.47431965413143085,
        "nauc_map_at_10_std": -0.5505752263087043,
        "nauc_map_at_1_diff1": 0.7377641295441617,
        "nauc_map_at_1_max": -0.43402507125015405,
        "nauc_map_at_1_std": -0.35592811055927437,
        "nauc_map_at_20_diff1": 0.5601231672351697,
        "nauc_map_at_20_max": -0.42378523813457114,
        "nauc_map_at_20_std": -0.588776703933884,
        "nauc_map_at_3_diff1": 0.6736603304889848,
        "nauc_map_at_3_max": -0.4621422741483394,
        "nauc_map_at_3_std": -0.4603679765772235,
        "nauc_map_at_5_diff1": 0.6396037095552993,
        "nauc_map_at_5_max": -0.45141147126100295,
        "nauc_map_at_5_std": -0.48391458110625,
        "nauc_mrr_at_1000_diff1": 0.3049404910690817,
        "nauc_mrr_at_1000_max": 0.6972550093130471,
        "nauc_mrr_at_1000_std": 0.5749844289072467,
        "nauc_mrr_at_100_diff1": 0.3049404910690817,
        "nauc_mrr_at_100_max": 0.6972550093130471,
        "nauc_mrr_at_100_std": 0.5749844289072467,
        "nauc_mrr_at_10_diff1": 0.30741965704812396,
        "nauc_mrr_at_10_max": 0.7002681111160936,
        "nauc_mrr_at_10_std": 0.5792144417001143,
        "nauc_mrr_at_1_diff1": 0.3194058608827151,
        "nauc_mrr_at_1_max": 0.6545900158455136,
        "nauc_mrr_at_1_std": 0.5476805854066717,
        "nauc_mrr_at_20_diff1": 0.3049404910690817,
        "nauc_mrr_at_20_max": 0.6972550093130471,
        "nauc_mrr_at_20_std": 0.5749844289072467,
        "nauc_mrr_at_3_diff1": 0.31040826627643303,
        "nauc_mrr_at_3_max": 0.7060837701956264,
        "nauc_mrr_at_3_std": 0.591394161289733,
        "nauc_mrr_at_5_diff1": 0.31040826627643303,
        "nauc_mrr_at_5_max": 0.7060837701956264,
        "nauc_mrr_at_5_std": 0.591394161289733,
        "nauc_ndcg_at_1000_diff1": 0.2352855846274999,
        "nauc_ndcg_at_1000_max": 0.11569931131038294,
        "nauc_ndcg_at_1000_std": 0.17061868806186375,
        "nauc_ndcg_at_100_diff1": 0.3214616465863077,
        "nauc_ndcg_at_100_max": -0.07213589859090709,
        "nauc_ndcg_at_100_std": -0.016987885527117802,
        "nauc_ndcg_at_10_diff1": 0.2108557764178645,
        "nauc_ndcg_at_10_max": 0.23369438690589767,
        "nauc_ndcg_at_10_std": 0.2532025569898212,
        "nauc_ndcg_at_1_diff1": 0.3194058608827151,
        "nauc_ndcg_at_1_max": 0.6545900158455136,
        "nauc_ndcg_at_1_std": 0.5476805854066717,
        "nauc_ndcg_at_20_diff1": 0.1798618036466175,
        "nauc_ndcg_at_20_max": 0.1184183571507231,
        "nauc_ndcg_at_20_std": 0.1890369671295809,
        "nauc_ndcg_at_3_diff1": 0.06735455299661267,
        "nauc_ndcg_at_3_max": 0.4112066808692999,
        "nauc_ndcg_at_3_std": 0.35619584806693083,
        "nauc_ndcg_at_5_diff1": 0.14611263256784301,
        "nauc_ndcg_at_5_max": 0.3757666160891758,
        "nauc_ndcg_at_5_std": 0.3151993967477566,
        "nauc_precision_at_1000_diff1": -0.5160037773475551,
        "nauc_precision_at_1000_max": 0.5233157673460003,
        "nauc_precision_at_1000_std": 0.8565266296849019,
        "nauc_precision_at_100_diff1": -0.5388198233666003,
        "nauc_precision_at_100_max": 0.5351506827201237,
        "nauc_precision_at_100_std": 0.8056448258227156,
        "nauc_precision_at_10_diff1": -0.5909630122351829,
        "nauc_precision_at_10_max": 0.5460458352130709,
        "nauc_precision_at_10_std": 0.5167152241428433,
        "nauc_precision_at_1_diff1": 0.3194058608827151,
        "nauc_precision_at_1_max": 0.6545900158455136,
        "nauc_precision_at_1_std": 0.5476805854066717,
        "nauc_precision_at_20_diff1": -0.5919263070785936,
        "nauc_precision_at_20_max": 0.5728183109166055,
        "nauc_precision_at_20_std": 0.585112290974565,
        "nauc_precision_at_3_diff1": -0.5227517181938025,
        "nauc_precision_at_3_max": 0.5360285416488036,
        "nauc_precision_at_3_std": 0.44725015405801666,
        "nauc_precision_at_5_diff1": -0.5935406236483761,
        "nauc_precision_at_5_max": 0.6049921539031955,
        "nauc_precision_at_5_std": 0.49680822576805406,
        "nauc_recall_at_1000_diff1": NaN,
        "nauc_recall_at_1000_max": NaN,
        "nauc_recall_at_1000_std": NaN,
        "nauc_recall_at_100_diff1": 0.6433978260055488,
        "nauc_recall_at_100_max": -0.6134271099754721,
        "nauc_recall_at_100_std": -0.8092746982708653,
        "nauc_recall_at_10_diff1": 0.6631128846124664,
        "nauc_recall_at_10_max": -0.528391693578051,
        "nauc_recall_at_10_std": -0.5783011924389464,
        "nauc_recall_at_1_diff1": 0.7377641295441617,
        "nauc_recall_at_1_max": -0.43402507125015405,
        "nauc_recall_at_1_std": -0.35592811055927437,
        "nauc_recall_at_20_diff1": 0.6030036760009406,
        "nauc_recall_at_20_max": -0.5349401251786824,
        "nauc_recall_at_20_std": -0.6971013609470667,
        "nauc_recall_at_3_diff1": 0.6759252669186833,
        "nauc_recall_at_3_max": -0.4781772274944867,
        "nauc_recall_at_3_std": -0.46761628113895276,
        "nauc_recall_at_5_diff1": 0.6660798996671938,
        "nauc_recall_at_5_max": -0.4787911008413393,
        "nauc_recall_at_5_std": -0.4927660379282377,
        "ndcg_at_1": 0.89706,
        "ndcg_at_10": 0.83754,
        "ndcg_at_100": 0.83152,
        "ndcg_at_1000": 0.88786,
        "ndcg_at_20": 0.82377,
        "ndcg_at_3": 0.84859,
        "ndcg_at_5": 0.84538,
        "precision_at_1": 0.89706,
        "precision_at_10": 0.60147,
        "precision_at_100": 0.24221,
        "precision_at_1000": 0.04454,