{
  "dataset_revision": "fd121b6592fe946616fa85116703b94a4c61fd63",
  "evaluation_time": 24.023842573165894,
  "kg_co2_emissions": 0.0008548724305468135,
  "mteb_version": "1.14.15",
  "scores": {
    "test": [
      {
        "cv_recall_at_1": 0.47143,
        "cv_recall_at_10": 0.75714,
        "cv_recall_at_100": 1.0,
        "cv_recall_at_1000": 1.0,
        "cv_recall_at_20": 0.87143,
        "cv_recall_at_3": 0.6,
        "cv_recall_at_5": 0.65714,
        "hf_subset": "default",
        "languages": [
          "eng-Latn"
        ],
        "main_score": 0.47143,
        "map_at_1": 0.00642,
        "map_at_10": 0.06148,
        "map_at_100": 0.33916,
        "map_at_1000": 0.5041,
        "map_at_20": 0.12268,
        "map_at_3": 0.01856,
        "map_at_5": 0.03069,
        "mrr_at_1": 0.4714285714285714,
        "mrr_at_10": 0.5499319727891157,
        "mrr_at_100": 0.5620364926315786,
        "mrr_at_1000": 0.5620364926315786,
        "mrr_at_20": 0.5577355557607658,
        "mrr_at_3": 0.5238095238095237,
        "mrr_at_5": 0.5352380952380953,
        "nauc_cv_recall_at_1000_diff1": NaN,
        "nauc_cv_recall_at_1000_max": NaN,
        "nauc_cv_recall_at_1000_std": NaN,
        "nauc_cv_recall_at_100_diff1": NaN,
        "nauc_cv_recall_at_100_max": NaN,
        "nauc_cv_recall_at_100_std": NaN,
        "nauc_cv_recall_at_10_diff1": 0.23897272643790782,
        "nauc_cv_recall_at_10_max": -0.8372463191404684,
        "nauc_cv_recall_at_10_std": -0.6293734121032162,
        "nauc_cv_recall_at_1_diff1": -0.19564275079625332,
        "nauc_cv_recall_at_1_max": -0.5423946024387027,
        "nauc_cv_recall_at_1_std": -0.2979024142025216,
        "nauc_cv_recall_at_20_diff1": 0.3574634042098506,
        "nauc_cv_recall_at_20_max": -0.9498878085265534,
        "nauc_cv_recall_at_20_std": -0.8271717063788877,
        "nauc_cv_recall_at_3_diff1": -0.05001484119916888,
        "nauc_cv_recall_at_3_max": -0.6857058050290464,
        "nauc_cv_recall_at_3_std": -0.4980918458211423,
        "nauc_cv_recall_at_5_diff1": 0.12058560045263765,
        "nauc_cv_recall_at_5_max": -0.7229006553821488,
        "nauc_cv_recall_at_5_std": -0.5316846621717194,
        "nauc_map_at_1000_diff1": -0.07949785407802695,
        "nauc_map_at_1000_max": -0.40441055638546736,
        "nauc_map_at_1000_std": -0.25261593987450165,
        "nauc_map_at_100_diff1": -0.08605624289153502,
        "nauc_map_at_100_max": -0.40123924138587835,
        "nauc_map_at_100_std": -0.3621946258484617,
        "nauc_map_at_10_diff1": -0.011088392469816567,
        "nauc_map_at_10_max": -0.3646589328170611,
        "nauc_map_at_10_std": -0.4943735906556411,
        "nauc_map_at_1_diff1": -0.04659135461442762,
        "nauc_map_at_1_max": -0.32349603675526134,
        "nauc_map_at_1_std": -0.46844647775601156,
        "nauc_map_at_20_diff1": -0.014379799453294607,
        "nauc_map_at_20_max": -0.3616000178914708,
        "nauc_map_at_20_std": -0.4920223896236845,
        "nauc_map_at_3_diff1": -0.014073210332126282,
        "nauc_map_at_3_max": -0.36907154332330555,
        "nauc_map_at_3_std": -0.4855700536558404,
        "nauc_map_at_5_diff1": -0.015498846717181108,
        "nauc_map_at_5_max": -0.3665295083600721,
        "nauc_map_at_5_std": -0.48890458197812703,
        "nauc_mrr_at_1000_diff1": -0.1091184215662819,
        "nauc_mrr_at_1000_max": -0.6057575567056431,
        "nauc_mrr_at_1000_std": -0.3766859202201237,
        "nauc_mrr_at_100_diff1": -0.1091184215662819,
        "nauc_mrr_at_100_max": -0.6057575567056431,
        "nauc_mrr_at_100_std": -0.3766859202201237,
        "nauc_mrr_at_10_diff1": -0.09882957506042951,
        "nauc_mrr_at_10_max": -0.6114901047913208,
        "nauc_mrr_at_10_std": -0.381663605021387,
        "nauc_mrr_at_1_diff1": -0.19564275079625332,
        "nauc_mrr_at_1_max": -0.5423946024387027,
        "nauc_mrr_at_1_std": -0.2979024142025216,
        "nauc_mrr_at_20_diff1": -0.10357725580872179,
        "nauc_mrr_at_20_max": -0.6104734039972702,
        "nauc_mrr_at_20_std": -0.3815887508899486,
        "nauc_mrr_at_3_diff1": -0.13075831811793134,
        "nauc_mrr_at_3_max": -0.5990949572436257,
        "nauc_mrr_at_3_std": -0.37360270067911033,
        "nauc_mrr_at_5_diff1": -0.10323728391558236,
        "nauc_mrr_at_5_max": -0.6037794192057786,
        "nauc_mrr_at_5_std": -0.37695135239329325,
        "nauc_ndcg_at_1000_diff1": -0.0744308494595224,
        "nauc_ndcg_at_1000_max": -0.41462011242292296,
        "nauc_ndcg_at_1000_std": -0.27874079985075795,
        "nauc_ndcg_at_100_diff1": -0.0446566328843866,
        "nauc_ndcg_at_100_max": -0.4581497665422479,
        "nauc_ndcg_at_100_std": -0.31284116319839383,
        "nauc_ndcg_at_10_diff1": -0.07400464198576888,
        "nauc_ndcg_at_10_max": -0.6102319074529322,
        "nauc_ndcg_at_10_std": -0.3811341914133819,
        "nauc_ndcg_at_1_diff1": -0.19564275079625332,
        "nauc_ndcg_at_1_max": -0.5423946024387027,
        "nauc_ndcg_at_1_std": -0.2979024142025216,
        "nauc_ndcg_at_20_diff1": -0.07731280354241181,
        "nauc_ndcg_at_20_max": -0.6033847242461894,
        "nauc_ndcg_at_20_std": -0.3764981095425936,
        "nauc_ndcg_at_3_diff1": -0.11602452419561386,
        "nauc_ndcg_at_3_max": -0.5848107774919469,
        "nauc_ndcg_at_3_std": -0.3323134273516433,
        "nauc_ndcg_at_5_diff1": -0.11283462153219032,
        "nauc_ndcg_at_5_max": -0.599254742828457,
        "nauc_ndcg_at_5_std": -0.3521198302975041,
        "nauc_precision_at_1000_diff1": 0.04905805332106514,
        "nauc_precision_at_1000_max": 0.026639253890164395,
        "nauc_precision_at_1000_std": 0.01692926566717928,
        "nauc_precision_at_100_diff1": -0.08412379766012142,
        "nauc_precision_at_100_max": -0.2949774726361167,
        "nauc_precision_at_100_std": 0.03404591322849592,
        "nauc_precision_at_10_diff1": -0.05089356835032035,
        "nauc_precision_at_10_max": -0.6190580257756179,
        "nauc_precision_at_10_std": -0.3998856232511597,
        "nauc_precision_at_1_diff1": -0.19564275079625332,
        "nauc_precision_at_1_max": -0.5423946024387027,
        "nauc_precision_at_1_std": -0.2979024142025216,
        "nauc_precision_at_20_diff1": -0.06869835363055787,
        "nauc_precision_at_20_max": -0.6018688461101309,
        "nauc_precision_at_20_std": -0.3821989198199978,
        "nauc_precision_at_3_diff1": -0.09486232479317987,
        "nauc_precision_at_3_max": -0.5948720270628644,
        "nauc_precision_at_3_std": -0.3424577789564239,
        "nauc_precision_at_5_diff1": -0.09649098556505606,
        "nauc_precision_at_5_max": -0.6117138287158628,
        "nauc_precision_at_5_std": -0.3655022610138034,
        "nauc_recall_at_1000_diff1": -0.14001418937740487,
        "nauc_recall_at_1000_max": -0.050444560285154656,
        "nauc_recall_at_1000_std": 0.2510468561054893,
        "nauc_recall_at_100_diff1": -0.08600468386540439,
        "nauc_recall_at_100_max": -0.3256549259550752,
        "nauc_recall_at_100_std": -0.3456824435416801,
        "nauc_recall_at_10_diff1": 0.00874728416927117,
        "nauc_recall_at_10_max": -0.3714591038859912,
        "nauc_recall_at_10_std": -0.5091157396705791,
        "nauc_recall_at_1_diff1": -0.04659135461442762,
        "nauc_recall_at_1_max": -0.32349603675526134,
        "nauc_recall_at_1_std": -0.46844647775601156,
        "nauc_recall_at_20_diff1": 0.0039423740020869775,
        "nauc_recall_at_20_max": -0.36679459280799115,
        "nauc_recall_at_20_std": -0.5015918303047151,
        "nauc_recall_at_3_diff1": -0.004843239810828156,
        "nauc_recall_at_3_max": -0.37237509929239077,
        "nauc_recall_at_3_std": -0.4966207649083456,
        "nauc_recall_at_5_diff1": -0.0028465215036793793,
        "nauc_recall_at_5_max": -0.36656115722983074,
        "nauc_recall_at_5_std": -0.49575138849087796,
        "ndcg_at_1": 0.47143,
        "ndcg_at_10": 0.50973,
        "ndcg_at_100": 0.56638,