{
  "dataset_revision": "8270b3751ce6b95bec362fb38fbcd2a4aa400cfc",
  "evaluation_time": 46.67537331581116,
  "kg_co2_emissions": 0.0013971954110555446,
  "mteb_version": "1.14.15",
  "scores": {
    "test": [
      {
        "cv_recall_at_1": 0.08,
        "cv_recall_at_10": 0.31,
        "cv_recall_at_100": 0.72,
        "cv_recall_at_1000": 1.0,
        "cv_recall_at_20": 0.44,
        "cv_recall_at_3": 0.2,
        "cv_recall_at_5": 0.25,
        "hf_subset": "default",
        "languages": [
          "eng-Latn"
        ],
        "main_score": 0.17052,
        "map_at_1": 0.09,
        "map_at_10": 0.15827,
        "map_at_100": 0.17218,
        "map_at_1000": 0.17365,
        "map_at_20": 0.16538,
        "map_at_3": 0.13833,
        "map_at_5": 0.14733,
        "mrr_at_1": 0.08,
        "mrr_at_10": 0.15321825396825395,
        "mrr_at_100": 0.1682608638032838,
        "mrr_at_1000": 0.1696394311509762,
        "mrr_at_20": 0.16182409665497904,
        "mrr_at_3": 0.135,
        "mrr_at_5": 0.14550000000000002,
        "nauc_cv_recall_at_1000_diff1": NaN,
        "nauc_cv_recall_at_1000_max": NaN,
        "nauc_cv_recall_at_1000_std": NaN,
        "nauc_cv_recall_at_100_diff1": 0.2891674297924302,
        "nauc_cv_recall_at_100_max": 0.31026785714285704,
        "nauc_cv_recall_at_100_std": 0.014785561660561612,
        "nauc_cv_recall_at_10_diff1": 0.05097005794802133,
        "nauc_cv_recall_at_10_max": 0.20972881401508534,
        "nauc_cv_recall_at_10_std": -0.04682899283380624,
        "nauc_cv_recall_at_1_diff1": 0.22598604775959208,
        "nauc_cv_recall_at_1_max": 0.1770525892138448,
        "nauc_cv_recall_at_1_std": -0.009022001609873865,
        "nauc_cv_recall_at_20_diff1": -0.02804457900506349,
        "nauc_cv_recall_at_20_max": 0.16654486610638408,
        "nauc_cv_recall_at_20_std": -0.022589653912408136,
        "nauc_cv_recall_at_3_diff1": 0.1530190506942201,
        "nauc_cv_recall_at_3_max": 0.32428156280271236,
        "nauc_cv_recall_at_3_std": -0.055037132709073316,
        "nauc_cv_recall_at_5_diff1": 0.1511438028687017,
        "nauc_cv_recall_at_5_max": 0.3347995586612725,
        "nauc_cv_recall_at_5_std": 0.03863184994483273,
        "nauc_map_at_1000_diff1": 0.13028274915525903,
        "nauc_map_at_1000_max": 0.26047978279242806,
        "nauc_map_at_1000_std": 0.007708088739023795,
        "nauc_map_at_100_diff1": 0.1307744456931751,
        "nauc_map_at_100_max": 0.2603762080120874,
        "nauc_map_at_100_std": 0.008461601823214602,
        "nauc_map_at_10_diff1": 0.13677104979375654,
        "nauc_map_at_10_max": 0.26809854203490713,
        "nauc_map_at_10_std": 0.012748524337179181,
        "nauc_map_at_1_diff1": 0.13701815580001783,
        "nauc_map_at_1_max": 0.20588498345407374,
        "nauc_map_at_1_std": -0.009599618400262369,
        "nauc_map_at_20_diff1": 0.12404399719890498,
        "nauc_map_at_20_max": 0.260715678229064,
        "nauc_map_at_20_std": 0.00936220771375169,
        "nauc_map_at_3_diff1": 0.14220788846666996,
        "nauc_map_at_3_max": 0.25751226584617176,
        "nauc_map_at_3_std": 0.018287590253849923,
        "nauc_map_at_5_diff1": 0.15043158077674643,
        "nauc_map_at_5_max": 0.2856317299826068,
        "nauc_map_at_5_std": 0.019526045324105883,
        "nauc_mrr_at_1000_diff1": 0.15879982798692988,
        "nauc_mrr_at_1000_max": 0.26505096077493556,
        "nauc_mrr_at_1000_std": -0.015867518646947434,
        "nauc_mrr_at_100_diff1": 0.15873609930487734,
        "nauc_mrr_at_100_max": 0.2652561819651651,
        "nauc_mrr_at_100_std": -0.015136702617594585,
        "nauc_mrr_at_10_diff1": 0.15780903392664133,
        "nauc_mrr_at_10_max": 0.26577384246367564,
        "nauc_mrr_at_10_std": -0.017805093523377412,
        "nauc_mrr_at_1_diff1": 0.22598604775959208,
        "nauc_mrr_at_1_max": 0.1770525892138448,
        "nauc_mrr_at_1_std": -0.009022001609873865,
        "nauc_mrr_at_20_diff1": 0.15073160072139738,
        "nauc_mrr_at_20_max": 0.2632664313071212,
        "nauc_mrr_at_20_std": -0.015396344333587157,
        "nauc_mrr_at_3_diff1": 0.1816013170715316,
        "nauc_mrr_at_3_max": 0.2825917339575236,
        "nauc_mrr_at_3_std": -0.03192629177912924,
        "nauc_mrr_at_5_diff1": 0.17976949306115975,
        "nauc_mrr_at_5_max": 0.2904896375699666,
        "nauc_mrr_at_5_std": -0.002068819560382082,
        "nauc_ndcg_at_1000_diff1": 0.12687949495092216,
        "nauc_ndcg_at_1000_max": 0.25442992222960864,
        "nauc_ndcg_at_1000_std": 0.0006237260430146343,
        "nauc_ndcg_at_100_diff1": 0.14991122391793188,
        "nauc_ndcg_at_100_max": 0.2570958641792597,
        "nauc_ndcg_at_100_std": 0.007564049270173833,
        "nauc_ndcg_at_10_diff1": 0.12560189444927403,
        "nauc_ndcg_at_10_max": 0.266621174761599,
        "nauc_ndcg_at_10_std": 0.010231781522560776,
        "nauc_ndcg_at_1_diff1": 0.13701815580001783,
        "nauc_ndcg_at_1_max": 0.20588498345407374,
        "nauc_ndcg_at_1_std": -0.009599618400262369,
        "nauc_ndcg_at_20_diff1": 0.08548122213509293,
        "nauc_ndcg_at_20_max": 0.24178330010388824,
        "nauc_ndcg_at_20_std": 0.004087848541692793,
        "nauc_ndcg_at_3_diff1": 0.139487823994323,
        "nauc_ndcg_at_3_max": 0.2566301601000777,
        "nauc_ndcg_at_3_std": 0.02049696937511431,
        "nauc_ndcg_at_5_diff1": 0.1501805082238874,
        "nauc_ndcg_at_5_max": 0.3015079784821697,
        "nauc_ndcg_at_5_std": 0.024096659357615405,
        "nauc_precision_at_1000_diff1": NaN,
        "nauc_precision_at_1000_max": NaN,
        "nauc_precision_at_1000_std": NaN,
        "nauc_precision_at_100_diff1": 0.3205715026962921,
        "nauc_precision_at_100_max": 0.2790059855827142,
        "nauc_precision_at_100_std": 0.028575134814595487,
        "nauc_precision_at_10_diff1": 0.10058332441399971,
        "nauc_precision_at_10_max": 0.2585625602055014,
        "nauc_precision_at_10_std": 0.003264476078347323,
        "nauc_precision_at_1_diff1": 0.13701815580001783,
        "nauc_precision_at_1_max": 0.20588498345407374,
        "nauc_precision_at_1_std": -0.009599618400262369,
        "nauc_precision_at_20_diff1": -0.012511217177562812,
        "nauc_precision_at_20_max": 0.18609460144880452,
        "nauc_precision_at_20_std": -0.0070749502542555905,
        "nauc_precision_at_3_diff1": 0.13267678398450117,
        "nauc_precision_at_3_max": 0.2517274782047144,
        "nauc_precision_at_3_std": 0.024297707458831263,
        "nauc_precision_at_5_diff1": 0.14837946321591175,
        "nauc_precision_at_5_max": 0.33535526000479254,
        "nauc_precision_at_5_std": 0.03383357296908688,
        "nauc_recall_at_1000_diff1": NaN,
        "nauc_recall_at_1000_max": NaN,
        "nauc_recall_at_1000_std": NaN,
        "nauc_recall_at_100_diff1": 0.3205715026962921,
        "nauc_recall_at_100_max": 0.2790059855827142,
        "nauc_recall_at_100_std": 0.02857513481459552,
        "nauc_recall_at_10_diff1": 0.10058332441399959,
        "nauc_recall_at_10_max": 0.2585625602055015,
        "nauc_recall_at_10_std": 0.003264476078347183,
        "nauc_recall_at_1_diff1": 0.13701815580001783,
        "nauc_recall_at_1_max": 0.20588498345407374,
        "nauc_recall_at_1_std": -0.009599618400262369,
        "nauc_recall_at_20_diff1": -0.012511217177563084,
        "nauc_recall_at_20_max": 0.18609460144880408,
        "nauc_recall_at_20_std": -0.007074950254256136,
        "nauc_recall_at_3_diff1": 0.13267678398450097,
        "nauc_recall_at_3_max": 0.25172747820471414,
        "nauc_recall_at_3_std": 0.024297707458831096,
        "nauc_recall_at_5_diff1": 0.1483794632159119,
        "nauc_recall_at_5_max": 0.3353552600047926,
        "nauc_recall_at_5_std": 0.03383357296908694,
        "ndcg_at_1": 0.09,
        "ndcg_at_10": 0.19666,
        "ndcg_at_100": 0.27483,
        "ndcg_at_1000": 0.31213,
        "ndcg_at_20": 0.22382,
        "ndcg_at_3": 0.15417,
        "ndcg_at_5": 0.17052,