{
  "dataset_revision": "ad08c1307b15a226bf1b64e62656a17f1f85f7ec",
  "evaluation_time": 220.8782298564911,
  "kg_co2_emissions": 0.01573588755036444,
  "mteb_version": "1.14.15",
  "scores": {
    "test": [
      {
        "cv_recall_at_1": 0.78133,
        "cv_recall_at_10": 0.97446,
        "cv_recall_at_100": 0.99517,
        "cv_recall_at_1000": 1.0,
        "cv_recall_at_20": 0.98792,
        "cv_recall_at_3": 0.91457,
        "cv_recall_at_5": 0.94494,
        "hf_subset": "default",
        "languages": [
          "eng-Latn"
        ],
        "main_score": 0.78133,
        "map_at_1": 0.0,
        "map_at_10": 0.15121,
        "map_at_100": 0.46141,
        "map_at_1000": 0.48366,
        "map_at_20": 0.28736,
        "map_at_3": 0.03061,
        "map_at_5": 0.06586,
        "mrr_at_1": 0.0,
        "mrr_at_10": 0.440722203045296,
        "mrr_at_100": 0.4420825290010735,
        "mrr_at_1000": 0.4421050987739606,
        "mrr_at_20": 0.44180018999824333,
        "mrr_at_3": 0.42155678287883996,
        "mrr_at_5": 0.4354936140835346,
        "nauc_cv_recall_at_1000_diff1": NaN,
        "nauc_cv_recall_at_1000_max": NaN,
        "nauc_cv_recall_at_1000_std": NaN,
        "nauc_cv_recall_at_100_diff1": -0.4923188369691239,
        "nauc_cv_recall_at_100_max": 0.09488283174819959,
        "nauc_cv_recall_at_100_std": 0.36148824897576276,
        "nauc_cv_recall_at_10_diff1": -0.23652893990004858,
        "nauc_cv_recall_at_10_max": -0.06190055733612996,
        "nauc_cv_recall_at_10_std": -0.005918480285723319,
        "nauc_cv_recall_at_1_diff1": -0.24229659159824,
        "nauc_cv_recall_at_1_max": -0.007009747206774015,
        "nauc_cv_recall_at_1_std": -0.2468479081750973,
        "nauc_cv_recall_at_20_diff1": -0.40144641380758217,
        "nauc_cv_recall_at_20_max": -0.14921334644472609,
        "nauc_cv_recall_at_20_std": 0.2816834050545202,
        "nauc_cv_recall_at_3_diff1": -0.24714649987433374,
        "nauc_cv_recall_at_3_max": 0.019236385725773745,
        "nauc_cv_recall_at_3_std": -0.2505948992694902,
        "nauc_cv_recall_at_5_diff1": -0.2589643929006882,
        "nauc_cv_recall_at_5_max": -0.007668233877581337,
        "nauc_cv_recall_at_5_std": -0.1579148074264971,
        "nauc_map_at_1000_diff1": -0.22350185206322515,
        "nauc_map_at_1000_max": 0.004929993668821316,
        "nauc_map_at_1000_std": -0.1901346182399223,
        "nauc_map_at_100_diff1": -0.21764685547864737,
        "nauc_map_at_100_max": 0.005327053875865219,
        "nauc_map_at_100_std": -0.19915356995802588,
        "nauc_map_at_10_diff1": -0.1884187123747034,
        "nauc_map_at_10_max": 0.004056140287558119,
        "nauc_map_at_10_std": -0.2556076167870258,
        "nauc_map_at_1_diff1": NaN,
        "nauc_map_at_1_max": NaN,
        "nauc_map_at_1_std": NaN,
        "nauc_map_at_20_diff1": -0.1959143783567494,
        "nauc_map_at_20_max": 0.004461499986530743,
        "nauc_map_at_20_std": -0.24516019949832243,
        "nauc_map_at_3_diff1": -0.16704551963363712,
        "nauc_map_at_3_max": -0.007807642397035339,
        "nauc_map_at_3_std": -0.23073174253124917,
        "nauc_map_at_5_diff1": -0.18025579599751973,
        "nauc_map_at_5_max": -0.0010775717013991378,
        "nauc_map_at_5_std": -0.24425832937243352,
        "nauc_mrr_at_1000_diff1": -0.24654153649087313,
        "nauc_mrr_at_1000_max": -0.0049381735901223725,
        "nauc_mrr_at_1000_std": -0.23387910349108934,
        "nauc_mrr_at_100_diff1": -0.24670943526075917,
        "nauc_mrr_at_100_max": -0.004887934413886841,
        "nauc_mrr_at_100_std": -0.23363346058037412,
        "nauc_mrr_at_10_diff1": -0.24461157104516956,
        "nauc_mrr_at_10_max": -0.006575969154315081,
        "nauc_mrr_at_10_std": -0.23273137968172994,
        "nauc_mrr_at_1_diff1": NaN,
        "nauc_mrr_at_1_max": NaN,
        "nauc_mrr_at_1_std": NaN,
        "nauc_mrr_at_20_diff1": -0.24643215538431665,
        "nauc_mrr_at_20_max": -0.00603127734272927,
        "nauc_mrr_at_20_std": -0.23270806063017202,
        "nauc_mrr_at_3_diff1": -0.24848066349310502,
        "nauc_mrr_at_3_max": 0.0014926549453040954,
        "nauc_mrr_at_3_std": -0.2556234500486935,
        "nauc_mrr_at_5_diff1": -0.2431764998046219,
        "nauc_mrr_at_5_max": -0.0035488207253435333,
        "nauc_mrr_at_5_std": -0.2486116640179999,
        "nauc_ndcg_at_1000_diff1": -0.26265445316693925,
        "nauc_ndcg_at_1000_max": 0.004267532586997441,
        "nauc_ndcg_at_1000_std": -0.14060632491800282,
        "nauc_ndcg_at_100_diff1": -0.24834649816427518,
        "nauc_ndcg_at_100_max": 0.0036745792889716885,
        "nauc_ndcg_at_100_std": -0.1359352976312738,
        "nauc_ndcg_at_10_diff1": -0.21843766312724675,
        "nauc_ndcg_at_10_max": 0.0039017682294955696,
        "nauc_ndcg_at_10_std": -0.26076410900823316,
        "nauc_ndcg_at_1_diff1": NaN,
        "nauc_ndcg_at_1_max": NaN,
        "nauc_ndcg_at_1_std": NaN,
        "nauc_ndcg_at_20_diff1": -0.2134713475676,
        "nauc_ndcg_at_20_max": 0.0037149165302346352,
        "nauc_ndcg_at_20_std": -0.2436021786371661,
        "nauc_ndcg_at_3_diff1": -0.22987584258421812,
        "nauc_ndcg_at_3_max": -0.005484776087636391,
        "nauc_ndcg_at_3_std": -0.2560917224116723,
        "nauc_ndcg_at_5_diff1": -0.22618413535866275,
        "nauc_ndcg_at_5_max": -0.0009921368372020933,
        "nauc_ndcg_at_5_std": -0.2618916582521243,
        "nauc_precision_at_1000_diff1": -0.3702882333883853,
        "nauc_precision_at_1000_max": 0.014366623688213613,
        "nauc_precision_at_1000_std": 0.17107074604912806,
        "nauc_precision_at_100_diff1": -0.28047567221188197,
        "nauc_precision_at_100_max": 0.004443008302772605,
        "nauc_precision_at_100_std": -0.01474572609249661,
        "nauc_precision_at_10_diff1": -0.2132561126855295,
        "nauc_precision_at_10_max": 0.005128769400311111,
        "nauc_precision_at_10_std": -0.25812253232051163,
        "nauc_precision_at_1_diff1": NaN,
        "nauc_precision_at_1_max": NaN,
        "nauc_precision_at_1_std": NaN,
        "nauc_precision_at_20_diff1": -0.21253115806299383,
        "nauc_precision_at_20_max": 0.0048038341616619094,
        "nauc_precision_at_20_std": -0.23248969805061304,
        "nauc_precision_at_3_diff1": -0.22827222581603268,
        "nauc_precision_at_3_max": -0.005287890275446642,
        "nauc_precision_at_3_std": -0.25728517181597627,
        "nauc_precision_at_5_diff1": -0.22392100332881856,
        "nauc_precision_at_5_max": -0.00030522715087845576,
        "nauc_precision_at_5_std": -0.2624284866917066,
        "nauc_recall_at_1000_diff1": -0.39502930733436425,
        "nauc_recall_at_1000_max": 0.006883815642056623,
        "nauc_recall_at_1000_std": 0.4720192897198577,
        "nauc_recall_at_100_diff1": -0.24844536344200543,
        "nauc_recall_at_100_max": 0.002177093669213187,
        "nauc_recall_at_100_std": -0.009094394145298456,
        "nauc_recall_at_10_diff1": -0.1712481938382828,
        "nauc_recall_at_10_max": 0.0030796191584879866,
        "nauc_recall_at_10_std": -0.2506162441369407,
        "nauc_recall_at_1_diff1": NaN,
        "nauc_recall_at_1_max": NaN,
        "nauc_recall_at_1_std": NaN,
        "nauc_recall_at_20_diff1": -0.18550102852093864,
        "nauc_recall_at_20_max": 0.003204020005059743,
        "nauc_recall_at_20_std": -0.23334518003652527,
        "nauc_recall_at_3_diff1": -0.15879320721060391,
        "nauc_recall_at_3_max": -0.006903837423955072,
        "nauc_recall_at_3_std": -0.2283267557936362,
        "nauc_recall_at_5_diff1": -0.1661233252023938,
        "nauc_recall_at_5_max": -0.0026942933434916778,
        "nauc_recall_at_5_std": -0.24207527187621855,
        "ndcg_at_1": 0.0,
        "ndcg_at_10": 0.54573,
        "ndcg_at_100": 0.66563,
        "ndcg_at_1000": 0.74281,
        "ndcg_at_20": 0.5404,
        "ndcg_at_3": 0.40685,
        "ndcg_at_5": 0.49124,
        "precision_at_1": 0.0,
        "precision_at_10": 0.61738,