{
  "dataset_revision": "d4f4606f7a42bbf311c2957419ef3734fe81c47f",
  "evaluation_time": 2097.9904131889343,
  "kg_co2_emissions": 0.1218499091902552,
  "mteb_version": "1.14.15",
  "scores": {
    "test": [
      {
        "cv_recall_at_1": 0.00256,
        "cv_recall_at_10": 0.0695,
        "cv_recall_at_100": 0.23174,
        "cv_recall_at_1000": 0.36395,
        "cv_recall_at_20": 0.13539,
        "cv_recall_at_3": 0.01201,
        "cv_recall_at_5": 0.01978,
        "hf_subset": "default",
        "languages": [
          "eng-Latn"
        ],
        "main_score": 0.01153,
        "map_at_1": 0.00029,
        "map_at_10": 0.00311,
        "map_at_100": 0.00999,
        "map_at_1000": 0.01116,
        "map_at_20": 0.00635,
        "map_at_3": 0.00094,
        "map_at_5": 0.00143,
        "mrr_at_1": 0.0025611587035238013,
        "mrr_at_10": 0.014194419561813354,
        "mrr_at_100": 0.02131833643231822,
        "mrr_at_1000": 0.021824951440226434,
        "mrr_at_20": 0.01885355494355055,
        "mrr_at_3": 0.006402896758809501,
        "mrr_at_5": 0.008142718360858432,
        "nauc_cv_recall_at_1000_diff1": -0.022745486295229135,
        "nauc_cv_recall_at_1000_max": -0.13362490989215642,
        "nauc_cv_recall_at_1000_std": 0.22903620417339018,
        "nauc_cv_recall_at_100_diff1": -0.0054423705369504175,
        "nauc_cv_recall_at_100_max": -0.1218143436296803,
        "nauc_cv_recall_at_100_std": 0.23475332434383,
        "nauc_cv_recall_at_10_diff1": -0.037390227335359,
        "nauc_cv_recall_at_10_max": -0.06217092491828935,
        "nauc_cv_recall_at_10_std": 0.13904143670449176,
        "nauc_cv_recall_at_1_diff1": -0.3094499356834638,
        "nauc_cv_recall_at_1_max": -0.28397854976075715,
        "nauc_cv_recall_at_1_std": -0.26651932145918006,
        "nauc_cv_recall_at_20_diff1": -0.006773674438643711,
        "nauc_cv_recall_at_20_max": -0.0964426922838218,
        "nauc_cv_recall_at_20_std": 0.22498338945188762,
        "nauc_cv_recall_at_3_diff1": -0.1375792006337134,
        "nauc_cv_recall_at_3_max": 0.1647954307233473,
        "nauc_cv_recall_at_3_std": -0.07036971631357278,
        "nauc_cv_recall_at_5_diff1": -0.108808434968274,
        "nauc_cv_recall_at_5_max": 0.11520356176517568,
        "nauc_cv_recall_at_5_std": -0.06252810449561974,
        "nauc_map_at_1000_diff1": -0.04458010596483906,
        "nauc_map_at_1000_max": -0.10689771906326777,
        "nauc_map_at_1000_std": 0.26403583628640603,
        "nauc_map_at_100_diff1": -0.04223139686519049,
        "nauc_map_at_100_max": -0.1021934384022318,
        "nauc_map_at_100_std": 0.2555342107773745,
        "nauc_map_at_10_diff1": -0.09031102149452126,
        "nauc_map_at_10_max": -0.01998122032261681,
        "nauc_map_at_10_std": 0.0036087420832175703,
        "nauc_map_at_1_diff1": -0.2798449032853851,
        "nauc_map_at_1_max": -0.2705625853659341,
        "nauc_map_at_1_std": -0.3755178951308818,
        "nauc_map_at_20_diff1": -0.05416577949689923,
        "nauc_map_at_20_max": -0.0922816202140614,
        "nauc_map_at_20_std": 0.1890381857940172,
        "nauc_map_at_3_diff1": -0.1651329642997067,
        "nauc_map_at_3_max": 0.0009275053489066486,
        "nauc_map_at_3_std": -0.19890607311110808,
        "nauc_map_at_5_diff1": -0.15419275096373797,
        "nauc_map_at_5_max": 0.04919174575409372,
        "nauc_map_at_5_std": -0.15869453516418147,
        "nauc_mrr_at_1000_diff1": -0.06246340047015192,
        "nauc_mrr_at_1000_max": -0.06124621673653804,
        "nauc_mrr_at_1000_std": 0.10822024433544396,
        "nauc_mrr_at_100_diff1": -0.06192561201713462,
        "nauc_mrr_at_100_max": -0.059970925224058044,
        "nauc_mrr_at_100_std": 0.10765672342035544,
        "nauc_mrr_at_10_diff1": -0.09396765220536277,
        "nauc_mrr_at_10_max": -0.02621978909645422,
        "nauc_mrr_at_10_std": 0.03354861576531361,
        "nauc_mrr_at_1_diff1": -0.3094499356834638,
        "nauc_mrr_at_1_max": -0.28397854976075715,
        "nauc_mrr_at_1_std": -0.26651932145918006,
        "nauc_mrr_at_20_diff1": -0.06823142579266973,
        "nauc_mrr_at_20_max": -0.05154073363243072,
        "nauc_mrr_at_20_std": 0.0978478690557576,
        "nauc_mrr_at_3_diff1": -0.18354176267244124,
        "nauc_mrr_at_3_max": 0.045445216117624934,
        "nauc_mrr_at_3_std": -0.10781831071543638,
        "nauc_mrr_at_5_diff1": -0.15825745129517732,
        "nauc_mrr_at_5_max": 0.045347564841182714,
        "nauc_mrr_at_5_std": -0.0979142285720269,
        "nauc_ndcg_at_1000_diff1": -0.028144556833343482,
        "nauc_ndcg_at_1000_max": -0.11557456574879615,
        "nauc_ndcg_at_1000_std": 0.2666799844259782,
        "nauc_ndcg_at_100_diff1": -0.011870973020507046,
        "nauc_ndcg_at_100_max": -0.09854242688190762,
        "nauc_ndcg_at_100_std": 0.2695819119983515,
        "nauc_ndcg_at_10_diff1": -0.08471600696880835,
        "nauc_ndcg_at_10_max": -0.024650682997327693,
        "nauc_ndcg_at_10_std": 0.09499066832551845,
        "nauc_ndcg_at_1_diff1": -0.3094499356834638,
        "nauc_ndcg_at_1_max": -0.28397854976075715,
        "nauc_ndcg_at_1_std": -0.26651932145918006,
        "nauc_ndcg_at_20_diff1": -0.027935649297346196,
        "nauc_ndcg_at_20_max": -0.0835741792998085,
        "nauc_ndcg_at_20_std": 0.21928683782436117,
        "nauc_ndcg_at_3_diff1": -0.18754937164549815,
        "nauc_ndcg_at_3_max": 0.04040257166047176,
        "nauc_ndcg_at_3_std": -0.10254373456988208,
        "nauc_ndcg_at_5_diff1": -0.1764840092094269,
        "nauc_ndcg_at_5_max": 0.07089350552794516,
        "nauc_ndcg_at_5_std": -0.0821724203065611,
        "nauc_precision_at_1000_diff1": -0.05270475328980776,
        "nauc_precision_at_1000_max": -0.1337011602042997,
        "nauc_precision_at_1000_std": 0.2714567609891396,
        "nauc_precision_at_100_diff1": -0.04003307334075402,
        "nauc_precision_at_100_max": -0.12727871472285138,
        "nauc_precision_at_100_std": 0.30753296124689056,
        "nauc_precision_at_10_diff1": -0.08574017288255151,
        "nauc_precision_at_10_max": -0.04248114655860536,
        "nauc_precision_at_10_std": 0.14775037370005906,
        "nauc_precision_at_1_diff1": -0.3094499356834638,
        "nauc_precision_at_1_max": -0.28397854976075715,
        "nauc_precision_at_1_std": -0.26651932145918006,
        "nauc_precision_at_20_diff1": -0.046897259607571185,
        "nauc_precision_at_20_max": -0.12082678044038586,
        "nauc_precision_at_20_std": 0.2622098890152449,
        "nauc_precision_at_3_diff1": -0.16666239565497015,
        "nauc_precision_at_3_max": 0.10518897645589649,
        "nauc_precision_at_3_std": -0.07846929796047696,
        "nauc_precision_at_5_diff1": -0.15677946827857558,
        "nauc_precision_at_5_max": 0.12078526883898247,
        "nauc_precision_at_5_std": -0.054223061227338415,
        "nauc_recall_at_1000_diff1": -0.011889027475441264,
        "nauc_recall_at_1000_max": -0.09889009694289781,
        "nauc_recall_at_1000_std": 0.24756238874809838,
        "nauc_recall_at_100_diff1": 0.02076237810952469,
        "nauc_recall_at_100_max": -0.08327719460173866,
        "nauc_recall_at_100_std": 0.28404215366763863,
        "nauc_recall_at_10_diff1": -0.028705815829662126,
        "nauc_recall_at_10_max": -0.03012315535012323,
        "nauc_recall_at_10_std": 0.1005424248786304,
        "nauc_recall_at_1_diff1": -0.2798449032853851,
        "nauc_recall_at_1_max": -0.2705625853659341,
        "nauc_recall_at_1_std": -0.3755178951308818,
        "nauc_recall_at_20_diff1": 0.011674591861053263,
        "nauc_recall_at_20_max": -0.08072177118994639,
        "nauc_recall_at_20_std": 0.25954733122844403,
        "nauc_recall_at_3_diff1": -0.10905173153947299,
        "nauc_recall_at_3_max": 0.10199171172094341,
        "nauc_recall_at_3_std": -0.17443167778625332,
        "nauc_recall_at_5_diff1": -0.10038735857477447,
        "nauc_recall_at_5_max": 0.11837843982620348,