{
  "dataset_revision": "cca3a3e223763e6519a4d68936bc9279034d75d2",
  "evaluation_time": 147.61016273498535,
  "kg_co2_emissions": 0.008992566049950383,
  "mteb_version": "1.14.15",
  "scores": {
    "test": [
      {
        "cv_recall_at_1": 0.0096,
        "cv_recall_at_10": 0.0254,
        "cv_recall_at_100": 0.0742,
        "cv_recall_at_1000": 0.2776,
        "cv_recall_at_20": 0.0344,
        "cv_recall_at_3": 0.0156,
        "cv_recall_at_5": 0.0202,
        "hf_subset": "default",
        "languages": [
          "eng-Latn"
        ],
        "main_score": 0.00623,
        "map_at_1": 0.00192,
        "map_at_10": 0.00325,
        "map_at_100": 0.0037,
        "map_at_1000": 0.0039,
        "map_at_20": 0.00343,
        "map_at_3": 0.00269,
        "map_at_5": 0.003,
        "mrr_at_1": 0.0096,
        "mrr_at_10": 0.0139388888888889,
        "mrr_at_100": 0.015445626152109123,
        "mrr_at_1000": 0.016040119329552176,
        "mrr_at_20": 0.014559009110084975,
        "mrr_at_3": 0.01216666666666667,
        "mrr_at_5": 0.013226666666666668,
        "nauc_cv_recall_at_1000_diff1": 0.03318527726574575,
        "nauc_cv_recall_at_1000_max": 0.04316223302506703,
        "nauc_cv_recall_at_1000_std": 0.0435431249291787,
        "nauc_cv_recall_at_100_diff1": 0.0662782044337344,
        "nauc_cv_recall_at_100_max": 0.09781104882633246,
        "nauc_cv_recall_at_100_std": 0.07061893359234021,
        "nauc_cv_recall_at_10_diff1": 0.06008083172592429,
        "nauc_cv_recall_at_10_max": 0.1696008484584718,
        "nauc_cv_recall_at_10_std": 0.05378711213553376,
        "nauc_cv_recall_at_1_diff1": 0.2825272784187461,
        "nauc_cv_recall_at_1_max": 0.21300643949557294,
        "nauc_cv_recall_at_1_std": 0.0017719792505142145,
        "nauc_cv_recall_at_20_diff1": 0.043001728430497696,
        "nauc_cv_recall_at_20_max": 0.1464626453098382,
        "nauc_cv_recall_at_20_std": 0.09967178540006623,
        "nauc_cv_recall_at_3_diff1": 0.12400844839803785,
        "nauc_cv_recall_at_3_max": 0.2059847405970294,
        "nauc_cv_recall_at_3_std": 0.04343219610190363,
        "nauc_cv_recall_at_5_diff1": 0.0911810258031439,
        "nauc_cv_recall_at_5_max": 0.18393473369338548,
        "nauc_cv_recall_at_5_std": 0.07173502432078468,
        "nauc_map_at_1000_diff1": 0.1577448177955329,
        "nauc_map_at_1000_max": 0.22796038500778665,
        "nauc_map_at_1000_std": 0.05268620829972636,
        "nauc_map_at_100_diff1": 0.162973098284367,
        "nauc_map_at_100_max": 0.23639821396219166,
        "nauc_map_at_100_std": 0.051351982690053324,
        "nauc_map_at_10_diff1": 0.17892529849277342,
        "nauc_map_at_10_max": 0.25692610981243846,
        "nauc_map_at_10_std": 0.03208911165730563,
        "nauc_map_at_1_diff1": 0.2825272784187465,
        "nauc_map_at_1_max": 0.21300643949557305,
        "nauc_map_at_1_std": 0.0017719792505142917,
        "nauc_map_at_20_diff1": 0.16936254981575574,
        "nauc_map_at_20_max": 0.2477981749358587,
        "nauc_map_at_20_std": 0.049186410546042614,
        "nauc_map_at_3_diff1": 0.19711168117306418,
        "nauc_map_at_3_max": 0.2566144312078515,
        "nauc_map_at_3_std": 0.009507443835840765,
        "nauc_map_at_5_diff1": 0.18277676635617168,
        "nauc_map_at_5_max": 0.2564101312396679,
        "nauc_map_at_5_std": 0.03248787668277861,
        "nauc_mrr_at_1000_diff1": 0.15253388043011104,
        "nauc_mrr_at_1000_max": 0.18398466788542825,
        "nauc_mrr_at_1000_std": 0.04312726339641348,
        "nauc_mrr_at_100_diff1": 0.15582185864181516,
        "nauc_mrr_at_100_max": 0.18865512413020907,
        "nauc_mrr_at_100_std": 0.044065246820363835,
        "nauc_mrr_at_10_diff1": 0.16640055476775623,
        "nauc_mrr_at_10_max": 0.20256628515740377,
        "nauc_mrr_at_10_std": 0.03454488140291642,
        "nauc_mrr_at_1_diff1": 0.2825272784187461,
        "nauc_mrr_at_1_max": 0.21300643949557294,
        "nauc_mrr_at_1_std": 0.0017719792505142145,
        "nauc_mrr_at_20_diff1": 0.15841616880908108,
        "nauc_mrr_at_20_max": 0.1966730183673093,
        "nauc_mrr_at_20_std": 0.04234348485799745,
        "nauc_mrr_at_3_diff1": 0.19586063931841327,
        "nauc_mrr_at_3_max": 0.21627001775271917,
        "nauc_mrr_at_3_std": 0.02480823020461577,
        "nauc_mrr_at_5_diff1": 0.17884395258661737,
        "nauc_mrr_at_5_max": 0.2072962151734943,
        "nauc_mrr_at_5_std": 0.03685007292036329,
        "nauc_ndcg_at_1000_diff1": 0.07262066298493008,
        "nauc_ndcg_at_1000_max": 0.1118116297595631,
        "nauc_ndcg_at_1000_std": 0.06371707165977997,
        "nauc_ndcg_at_100_diff1": 0.1086956924923977,
        "nauc_ndcg_at_100_max": 0.1691392137848364,
        "nauc_ndcg_at_100_std": 0.0747854830100448,
        "nauc_ndcg_at_10_diff1": 0.13670636018003393,
        "nauc_ndcg_at_10_max": 0.22476248720601455,
        "nauc_ndcg_at_10_std": 0.046628738668169224,
        "nauc_ndcg_at_1_diff1": 0.2825272784187461,
        "nauc_ndcg_at_1_max": 0.21300643949557294,
        "nauc_ndcg_at_1_std": 0.0017719792505142145,
        "nauc_ndcg_at_20_diff1": 0.11852742616993775,
        "nauc_ndcg_at_20_max": 0.2061196481780126,
        "nauc_ndcg_at_20_std": 0.07927528871151242,
        "nauc_ndcg_at_3_diff1": 0.17722876716823466,
        "nauc_ndcg_at_3_max": 0.2380575377215846,
        "nauc_ndcg_at_3_std": 0.01974387590276632,
        "nauc_ndcg_at_5_diff1": 0.15357702123779432,
        "nauc_ndcg_at_5_max": 0.22937266574677753,
        "nauc_ndcg_at_5_std": 0.04763044188918166,
        "nauc_precision_at_1000_diff1": 0.03676597522141343,
        "nauc_precision_at_1000_max": 0.06443515273140898,
        "nauc_precision_at_1000_std": 0.06171006310247133,
        "nauc_precision_at_100_diff1": 0.07124765226723914,
        "nauc_precision_at_100_max": 0.12746087112065121,
        "nauc_precision_at_100_std": 0.09154577706227841,
        "nauc_precision_at_10_diff1": 0.08273693163876787,
        "nauc_precision_at_10_max": 0.21896657777680437,
        "nauc_precision_at_10_std": 0.06448439316697974,
        "nauc_precision_at_1_diff1": 0.2825272784187461,
        "nauc_precision_at_1_max": 0.21300643949557294,
        "nauc_precision_at_1_std": 0.0017719792505142145,
        "nauc_precision_at_20_diff1": 0.06020423614671636,
        "nauc_precision_at_20_max": 0.18322410454085383,
        "nauc_precision_at_20_std": 0.12840471060790007,
        "nauc_precision_at_3_diff1": 0.1323600435612935,
        "nauc_precision_at_3_max": 0.24220710554143848,
        "nauc_precision_at_3_std": 0.02640508846414868,
        "nauc_precision_at_5_diff1": 0.10302955472027861,
        "nauc_precision_at_5_max": 0.22591184634489792,
        "nauc_precision_at_5_std": 0.07131408924589999,
        "nauc_recall_at_1000_diff1": 0.036557617288342545,
        "nauc_recall_at_1000_max": 0.06453434960820258,
        "nauc_recall_at_1000_std": 0.06197248041421268,
        "nauc_recall_at_100_diff1": 0.07124765226723923,
        "nauc_recall_at_100_max": 0.12746087112065116,
        "nauc_recall_at_100_std": 0.09154577706227839,
        "nauc_recall_at_10_diff1": 0.08273693163876787,
        "nauc_recall_at_10_max": 0.21896657777680437,
        "nauc_recall_at_10_std": 0.06448439316697974,
        "nauc_recall_at_1_diff1": 0.2825272784187465,
        "nauc_recall_at_1_max": 0.21300643949557305,
        "nauc_recall_at_1_std": 0.0017719792505142917,
        "nauc_recall_at_20_diff1": 0.06020423614671636,
        "nauc_recall_at_20_max": 0.18322410454085383,
        "nauc_recall_at_20_std": 0.12840471060790007,
        "nauc_recall_at_3_diff1": 0.1323600435612937,
        "nauc_recall_at_3_max": 0.24220710554143862,
        "nauc_recall_at_3_std": 0.02640508846414872,
        "nauc_recall_at_5_diff1": 0.10302955472027861,
        "nauc_recall_at_5_max": 0.22591184634489792,
        "nauc_recall_at_5_std": 0.07131408924589999,
        "ndcg_at_1": 0.0096,
        "ndcg_at_10": 0.00623,
        "ndcg_at_100": 0.01018,