{
  "dataset_revision": "c8b8c1b7a2f0a92f1bfaaa1c9afc22aa42c61d5b",
  "evaluation_time": 8644.76094698906,
  "kg_co2_emissions": 0.6091393894490225,
  "mteb_version": "1.14.15",
  "scores": {
    "test": [
      {
        "cv_recall_at_1": 0.79486,
        "cv_recall_at_10": 0.90512,
        "cv_recall_at_100": 0.96846,
        "cv_recall_at_1000": 0.98573,
        "cv_recall_at_20": 0.9275,
        "cv_recall_at_3": 0.85627,
        "cv_recall_at_5": 0.87862,
        "hf_subset": "default",
        "languages": [
          "eng-Latn"
        ],
        "main_score": 0.79486,
        "map_at_1": 0.00795,
        "map_at_10": 0.0718,
        "map_at_100": 0.4519,
        "map_at_1000": 0.50554,
        "map_at_20": 0.13498,
        "map_at_3": 0.02298,
        "map_at_5": 0.03743,
        "mrr_at_1": 0.7948622832235926,
        "mrr_at_10": 0.8310251155394183,
        "mrr_at_100": 0.8336711937642489,
        "mrr_at_1000": 0.8337771289254339,
        "mrr_at_20": 0.832604147659171,
        "mrr_at_3": 0.8223460208529458,
        "mrr_at_5": 0.8274572408950669,
        "nauc_cv_recall_at_1000_diff1": 0.017267676339009348,
        "nauc_cv_recall_at_1000_max": 0.8559658684729123,
        "nauc_cv_recall_at_1000_std": 0.7493440556428295,
        "nauc_cv_recall_at_100_diff1": 0.04507790124545498,
        "nauc_cv_recall_at_100_max": 0.8512031605593671,
        "nauc_cv_recall_at_100_std": 0.7520100360957174,
        "nauc_cv_recall_at_10_diff1": 0.06314567436979217,
        "nauc_cv_recall_at_10_max": 0.7795826448100054,
        "nauc_cv_recall_at_10_std": 0.7414044699075298,
        "nauc_cv_recall_at_1_diff1": 0.08695448330554403,
        "nauc_cv_recall_at_1_max": 0.7966235279973697,
        "nauc_cv_recall_at_1_std": 0.7968685303021013,
        "nauc_cv_recall_at_20_diff1": 0.06108600895034463,
        "nauc_cv_recall_at_20_max": 0.794113291638186,
        "nauc_cv_recall_at_20_std": 0.7396619914253098,
        "nauc_cv_recall_at_3_diff1": 0.06489563248426995,
        "nauc_cv_recall_at_3_max": 0.7955035442174206,
        "nauc_cv_recall_at_3_std": 0.7833063019539248,
        "nauc_cv_recall_at_5_diff1": 0.06492173397637428,
        "nauc_cv_recall_at_5_max": 0.7867226567104387,
        "nauc_cv_recall_at_5_std": 0.7668819457758879,
        "nauc_map_at_1000_diff1": -0.06310186884705085,
        "nauc_map_at_1000_max": 0.6780105850624841,
        "nauc_map_at_1000_std": 0.7022206230943102,
        "nauc_map_at_100_diff1": -0.06737218186984525,
        "nauc_map_at_100_max": 0.6924610081221865,
        "nauc_map_at_100_std": 0.693441481316587,
        "nauc_map_at_10_diff1": 0.025156852749124763,
        "nauc_map_at_10_max": 0.8027688153899172,
        "nauc_map_at_10_std": 0.8315561358264596,
        "nauc_map_at_1_diff1": 0.0869544833055431,
        "nauc_map_at_1_max": 0.79662352799737,
        "nauc_map_at_1_std": 0.7968685303021013,
        "nauc_map_at_20_diff1": 0.0001829483384889901,
        "nauc_map_at_20_max": 0.7836721727207957,
        "nauc_map_at_20_std": 0.8252010430476063,
        "nauc_map_at_3_diff1": 0.060035034264315786,
        "nauc_map_at_3_max": 0.8060581659743921,
        "nauc_map_at_3_std": 0.8155255289894592,
        "nauc_map_at_5_diff1": 0.04713866723286343,
        "nauc_map_at_5_max": 0.808641014244041,
        "nauc_map_at_5_std": 0.824882535347926,
        "nauc_mrr_at_1000_diff1": 0.07946940390251823,
        "nauc_mrr_at_1000_max": 0.7959891742704363,
        "nauc_mrr_at_1000_std": 0.7893988957352649,
        "nauc_mrr_at_100_diff1": 0.07946146060327748,
        "nauc_mrr_at_100_max": 0.7960178746906009,
        "nauc_mrr_at_100_std": 0.7893804550794117,
        "nauc_mrr_at_10_diff1": 0.07933287629437744,
        "nauc_mrr_at_10_max": 0.795068518751885,
        "nauc_mrr_at_10_std": 0.7886206869444012,
        "nauc_mrr_at_1_diff1": 0.08695448330554403,
        "nauc_mrr_at_1_max": 0.7966235279973697,
        "nauc_mrr_at_1_std": 0.7968685303021013,
        "nauc_mrr_at_20_diff1": 0.07943756597173729,
        "nauc_mrr_at_20_max": 0.7956786688796927,
        "nauc_mrr_at_20_std": 0.7890170366070691,
        "nauc_mrr_at_3_diff1": 0.07870459791502933,
        "nauc_mrr_at_3_max": 0.7969167911382558,
        "nauc_mrr_at_3_std": 0.792676060345729,
        "nauc_mrr_at_5_diff1": 0.07912086818302017,
        "nauc_mrr_at_5_max": 0.795517643368228,
        "nauc_mrr_at_5_std": 0.790277845187093,
        "nauc_ndcg_at_1000_diff1": -0.040460259637707253,
        "nauc_ndcg_at_1000_max": 0.6775944940722602,
        "nauc_ndcg_at_1000_std": 0.7126214674922704,
        "nauc_ndcg_at_100_diff1": -0.04780076176711804,
        "nauc_ndcg_at_100_max": 0.7130569921685433,
        "nauc_ndcg_at_100_std": 0.7159190223206349,
        "nauc_ndcg_at_10_diff1": 0.03716753511758722,
        "nauc_ndcg_at_10_max": 0.8047120723292088,
        "nauc_ndcg_at_10_std": 0.8247255877724214,
        "nauc_ndcg_at_1_diff1": 0.08695448330554403,
        "nauc_ndcg_at_1_max": 0.7966235279973697,
        "nauc_ndcg_at_1_std": 0.7968685303021013,
        "nauc_ndcg_at_20_diff1": 0.01720421858113917,
        "nauc_ndcg_at_20_max": 0.7917969395243498,
        "nauc_ndcg_at_20_std": 0.8224557737733162,
        "nauc_ndcg_at_3_diff1": 0.06277877170655363,
        "nauc_ndcg_at_3_max": 0.805134696601601,
        "nauc_ndcg_at_3_std": 0.811219934407243,
        "nauc_ndcg_at_5_diff1": 0.053606377041531324,
        "nauc_ndcg_at_5_max": 0.807559388290313,
        "nauc_ndcg_at_5_std": 0.8183695324930628,
        "nauc_precision_at_1000_diff1": -0.05326732409572951,
        "nauc_precision_at_1000_max": 0.6106389479228008,
        "nauc_precision_at_1000_std": 0.6553317698206909,
        "nauc_precision_at_100_diff1": -0.06355017751325438,
        "nauc_precision_at_100_max": 0.6887950762222772,
        "nauc_precision_at_100_std": 0.6833356478141882,
        "nauc_precision_at_10_diff1": 0.026717388064619655,
        "nauc_precision_at_10_max": 0.8013438969625711,
        "nauc_precision_at_10_std": 0.8266056620741928,
        "nauc_precision_at_1_diff1": 0.08695448330554403,
        "nauc_precision_at_1_max": 0.7966235279973697,
        "nauc_precision_at_1_std": 0.7968685303021013,
        "nauc_precision_at_20_diff1": 0.004692788890626066,
        "nauc_precision_at_20_max": 0.7826539392678159,
        "nauc_precision_at_20_std": 0.8196288360593024,
        "nauc_precision_at_3_diff1": 0.05617603343637647,
        "nauc_precision_at_3_max": 0.8043872452742877,
        "nauc_precision_at_3_std": 0.8122135282079882,
        "nauc_precision_at_5_diff1": 0.04582230706664826,
        "nauc_precision_at_5_max": 0.8075451089266903,
        "nauc_precision_at_5_std": 0.8214480267559122,
        "nauc_recall_at_1000_diff1": -0.05326732409572969,
        "nauc_recall_at_1000_max": 0.6106389479228008,
        "nauc_recall_at_1000_std": 0.6553317698206909,
        "nauc_recall_at_100_diff1": -0.06355017751325438,
        "nauc_recall_at_100_max": 0.6887950762222772,
        "nauc_recall_at_100_std": 0.6833356478141882,
        "nauc_recall_at_10_diff1": 0.02671738806461907,
        "nauc_recall_at_10_max": 0.801343896962572,
        "nauc_recall_at_10_std": 0.8266056620741932,
        "nauc_recall_at_1_diff1": 0.0869544833055431,
        "nauc_recall_at_1_max": 0.79662352799737,
        "nauc_recall_at_1_std": 0.7968685303021013,
        "nauc_recall_at_20_diff1": 0.004692788890625633,
        "nauc_recall_at_20_max": 0.7826539392678163,
        "nauc_recall_at_20_std": 0.8196288360593027,
        "nauc_recall_at_3_diff1": 0.056176033436376,
        "nauc_recall_at_3_max": 0.8043872452742868,
        "nauc_recall_at_3_std": 0.8122135282079884,
        "nauc_recall_at_5_diff1": 0.04582230706664714,
        "nauc_recall_at_5_max": 0.8075451089266912,
        "nauc_recall_at_5_std": 0.8214480267559112,
        "ndcg_at_1": 0.79486,
        "ndcg_at_10": 0.76329,
        "ndcg_at_100": 0.57395,
        "ndcg_at_1000": 0.66172,
        "ndcg_at_20": 0.73782,