{
  "dataset_revision": "9e7df4c35994683a7ba88002fb22917ffa15067e",
  "evaluation_time": 46.765263080596924,
  "kg_co2_emissions": 0.0020708370269183103,
  "mteb_version": "1.14.15",
  "scores": {
    "test": [
      {
        "cv_recall_at_1": 0.0,
        "cv_recall_at_10": 0.06,
        "cv_recall_at_100": 0.2,
        "cv_recall_at_1000": 1.0,
        "cv_recall_at_20": 0.09,
        "cv_recall_at_3": 0.02,
        "cv_recall_at_5": 0.04,
        "hf_subset": "default",
        "languages": [
          "eng-Latn"
        ],
        "main_score": 0.01992,
        "map_at_1": 0.0,
        "map_at_10": 0.016,
        "map_at_100": 0.0211,
        "map_at_1000": 0.02327,
        "map_at_20": 0.0183,
        "map_at_3": 0.00833,
        "map_at_5": 0.01333,
        "mrr_at_1": 0.0,
        "mrr_at_10": 0.016,
        "mrr_at_100": 0.021100653628381205,
        "mrr_at_1000": 0.023271041595521746,
        "mrr_at_20": 0.0182979797979798,
        "mrr_at_3": 0.008333333333333333,
        "mrr_at_5": 0.013333333333333332,
        "nauc_cv_recall_at_1000_diff1": NaN,
        "nauc_cv_recall_at_1000_max": NaN,
        "nauc_cv_recall_at_1000_std": NaN,
        "nauc_cv_recall_at_100_diff1": 0.07983532450758792,
        "nauc_cv_recall_at_100_max": 0.2778333871488537,
        "nauc_cv_recall_at_100_std": 0.23098159509202454,
        "nauc_cv_recall_at_10_diff1": 0.3518916018245237,
        "nauc_cv_recall_at_10_max": 0.6675610410517844,
        "nauc_cv_recall_at_10_std": 0.5246847330292459,
        "nauc_cv_recall_at_1_diff1": NaN,
        "nauc_cv_recall_at_1_max": NaN,
        "nauc_cv_recall_at_1_std": NaN,
        "nauc_cv_recall_at_20_diff1": 0.2729630623378947,
        "nauc_cv_recall_at_20_max": 0.44513013147303443,
        "nauc_cv_recall_at_20_std": 0.2702501267030379,
        "nauc_cv_recall_at_3_diff1": 0.4647169305071101,
        "nauc_cv_recall_at_3_max": 1.0,
        "nauc_cv_recall_at_3_std": 0.8309632412127715,
        "nauc_cv_recall_at_5_diff1": 0.3574590823718808,
        "nauc_cv_recall_at_5_max": 0.6703783203649044,
        "nauc_cv_recall_at_5_std": 0.6619264824255433,
        "nauc_map_at_1000_diff1": 0.2402322981027932,
        "nauc_map_at_1000_max": 0.6069666571800216,
        "nauc_map_at_1000_std": 0.45197840318425875,
        "nauc_map_at_100_diff1": 0.23734012880350994,
        "nauc_map_at_100_max": 0.6065113714113611,
        "nauc_map_at_100_std": 0.4530248962419814,
        "nauc_map_at_10_diff1": 0.29379360075127453,
        "nauc_map_at_10_max": 0.7235544674000538,
        "nauc_map_at_10_std": 0.5796719881942582,
        "nauc_map_at_1_diff1": NaN,
        "nauc_map_at_1_max": NaN,
        "nauc_map_at_1_std": NaN,
        "nauc_map_at_20_diff1": 0.2629828020174302,
        "nauc_map_at_20_max": 0.6444469311491935,
        "nauc_map_at_20_std": 0.4750502502384485,
        "nauc_map_at_3_diff1": 0.35766031660853226,
        "nauc_map_at_3_max": 1.0,
        "nauc_map_at_3_std": 0.797155889455326,
        "nauc_map_at_5_diff1": 0.31736316071907705,
        "nauc_map_at_5_max": 0.7527837402736784,
        "nauc_map_at_5_std": 0.6830560772739469,
        "nauc_mrr_at_1000_diff1": 0.2402322981027932,
        "nauc_mrr_at_1000_max": 0.6069666571800216,
        "nauc_mrr_at_1000_std": 0.45197840318425875,
        "nauc_mrr_at_100_diff1": 0.23734012880350994,
        "nauc_mrr_at_100_max": 0.6065113714113611,
        "nauc_mrr_at_100_std": 0.4530248962419814,
        "nauc_mrr_at_10_diff1": 0.29379360075127453,
        "nauc_mrr_at_10_max": 0.7235544674000538,
        "nauc_mrr_at_10_std": 0.5796719881942582,
        "nauc_mrr_at_1_diff1": NaN,
        "nauc_mrr_at_1_max": NaN,
        "nauc_mrr_at_1_std": NaN,
        "nauc_mrr_at_20_diff1": 0.2629828020174302,
        "nauc_mrr_at_20_max": 0.6444469311491935,
        "nauc_mrr_at_20_std": 0.4750502502384485,
        "nauc_mrr_at_3_diff1": 0.35766031660853226,
        "nauc_mrr_at_3_max": 1.0,
        "nauc_mrr_at_3_std": 0.797155889455326,
        "nauc_mrr_at_5_diff1": 0.31736316071907705,
        "nauc_mrr_at_5_max": 0.7527837402736784,
        "nauc_mrr_at_5_std": 0.6830560772739469,
        "nauc_ndcg_at_1000_diff1": 0.20824621103299754,
        "nauc_ndcg_at_1000_max": 0.4913754684368095,
        "nauc_ndcg_at_1000_std": 0.35347671172931405,
        "nauc_ndcg_at_100_diff1": 0.15807715463164246,
        "nauc_ndcg_at_100_max": 0.4209712520990889,
        "nauc_ndcg_at_100_std": 0.321580171667899,
        "nauc_ndcg_at_10_diff1": 0.3209817204860826,
        "nauc_ndcg_at_10_max": 0.6933941506065415,
        "nauc_ndcg_at_10_std": 0.5509973710977311,
        "nauc_ndcg_at_1_diff1": NaN,
        "nauc_ndcg_at_1_max": NaN,
        "nauc_ndcg_at_1_std": NaN,
        "nauc_ndcg_at_20_diff1": 0.2681732617087487,
        "nauc_ndcg_at_20_max": 0.542112652355091,
        "nauc_ndcg_at_20_std": 0.3686802874301802,
        "nauc_ndcg_at_3_diff1": 0.4027462553538996,
        "nauc_ndcg_at_3_max": 1.0,
        "nauc_ndcg_at_3_std": 0.8113935543222842,
        "nauc_ndcg_at_5_diff1": 0.3367942104464404,
        "nauc_ndcg_at_5_max": 0.7149795691980425,
        "nauc_ndcg_at_5_std": 0.673690082975806,
        "nauc_precision_at_1000_diff1": NaN,
        "nauc_precision_at_1000_max": NaN,
        "nauc_precision_at_1000_std": NaN,
        "nauc_precision_at_100_diff1": 0.0798353245075878,
        "nauc_precision_at_100_max": 0.2778333871488535,
        "nauc_precision_at_100_std": 0.23098159509202448,
        "nauc_precision_at_10_diff1": 0.35189160182452395,
        "nauc_precision_at_10_max": 0.6675610410517843,
        "nauc_precision_at_10_std": 0.524684733029246,
        "nauc_precision_at_1_diff1": NaN,
        "nauc_precision_at_1_max": NaN,
        "nauc_precision_at_1_std": NaN,
        "nauc_precision_at_20_diff1": 0.2729630623378946,
        "nauc_precision_at_20_max": 0.4451301314730348,
        "nauc_precision_at_20_std": 0.27025012670303794,
        "nauc_precision_at_3_diff1": 0.46471693050711027,
        "nauc_precision_at_3_max": 1.0,
        "nauc_precision_at_3_std": 0.8309632412127718,
        "nauc_precision_at_5_diff1": 0.357459082371881,
        "nauc_precision_at_5_max": 0.670378320364905,
        "nauc_precision_at_5_std": 0.6619264824255433,
        "nauc_recall_at_1000_diff1": NaN,
        "nauc_recall_at_1000_max": NaN,
        "nauc_recall_at_1000_std": NaN,
        "nauc_recall_at_100_diff1": 0.07983532450758792,
        "nauc_recall_at_100_max": 0.2778333871488537,
        "nauc_recall_at_100_std": 0.23098159509202454,
        "nauc_recall_at_10_diff1": 0.3518916018245237,
        "nauc_recall_at_10_max": 0.6675610410517844,
        "nauc_recall_at_10_std": 0.5246847330292459,
        "nauc_recall_at_1_diff1": NaN,
        "nauc_recall_at_1_max": NaN,
        "nauc_recall_at_1_std": NaN,
        "nauc_recall_at_20_diff1": 0.2729630623378947,
        "nauc_recall_at_20_max": 0.44513013147303443,
        "nauc_recall_at_20_std": 0.2702501267030379,
        "nauc_recall_at_3_diff1": 0.4647169305071101,
        "nauc_recall_at_3_max": 1.0,
        "nauc_recall_at_3_std": 0.8309632412127715,
        "nauc_recall_at_5_diff1": 0.3574590823718808,
        "nauc_recall_at_5_max": 0.6703783203649044,
        "nauc_recall_at_5_std": 0.6619264824255433,
        "ndcg_at_1": 0.0,
        "ndcg_at_10": 0.02638,
        "ndcg_at_100": 0.05458,
        "ndcg_at_1000": 0.14641,
        "ndcg_at_20": 0.03422,
        "ndcg_at_3": 0.01131,
        "ndcg_at_5": 0.01992,
        "precision_at_1": 0.0,
        "precision_at_10": 0.006,
        "precision_at_100": 0.002,
        "precision_at_1000": 0.001,
        "precision_at_20": 0.0045,
        "precision_at_3": 0.00667,
        "precision_at_5": 0.008,
        "recall_at_1": 0.0,
        "recall_at_10": 0.06,
        "recall_at_100": 0.2,
        "recall_at_1000": 1.0,
        "recall_at_20": 0.09,
        "recall_at_3": 0.02,
        "recall_at_5": 0.04
      }
    ]
  },
  "task_name": "VidoreShiftProjectRetrieval"
}