{
  "dataset_revision": "5fe59d7e52732b86d11ee0e9c4a8cdb0e8ba7a6e",
  "evaluation_time": 45.58468842506409,
  "kg_co2_emissions": 0.0020175972652664,
  "mteb_version": "1.14.15",
  "scores": {
    "test": [
      {
        "cv_recall_at_1": 0.0,
        "cv_recall_at_10": 0.01,
        "cv_recall_at_100": 0.14,
        "cv_recall_at_1000": 1.0,
        "cv_recall_at_20": 0.03,
        "cv_recall_at_3": 0.0,
        "cv_recall_at_5": 0.0,
        "hf_subset": "default",
        "languages": [
          "eng-Latn"
        ],
        "main_score": 0.0,
        "map_at_1": 0.0,
        "map_at_10": 0.00143,
        "map_at_100": 0.00487,
        "map_at_1000": 0.00694,
        "map_at_20": 0.00267,
        "map_at_3": 0.0,
        "map_at_5": 0.0,
        "mrr_at_1": 0.0,
        "mrr_at_10": 0.0014285714285714286,
        "mrr_at_100": 0.00485799424703659,
        "mrr_at_1000": 0.00692706725654738,
        "mrr_at_20": 0.002642857142857143,
        "mrr_at_3": 0.0,
        "mrr_at_5": 0.0,
        "nauc_cv_recall_at_1000_diff1": NaN,
        "nauc_cv_recall_at_1000_max": NaN,
        "nauc_cv_recall_at_1000_std": NaN,
        "nauc_cv_recall_at_100_diff1": 0.1818702532988247,
        "nauc_cv_recall_at_100_max": 0.08519665662522796,
        "nauc_cv_recall_at_100_std": 0.10815053672196506,
        "nauc_cv_recall_at_10_diff1": 1.0,
        "nauc_cv_recall_at_10_max": 1.0,
        "nauc_cv_recall_at_10_std": 1.0,
        "nauc_cv_recall_at_1_diff1": NaN,
        "nauc_cv_recall_at_1_max": NaN,
        "nauc_cv_recall_at_1_std": NaN,
        "nauc_cv_recall_at_20_diff1": 0.6431446203380736,
        "nauc_cv_recall_at_20_max": 0.5605044271532065,
        "nauc_cv_recall_at_20_std": 0.1714515696270459,
        "nauc_cv_recall_at_3_diff1": NaN,
        "nauc_cv_recall_at_3_max": NaN,
        "nauc_cv_recall_at_3_std": NaN,
        "nauc_cv_recall_at_5_diff1": NaN,
        "nauc_cv_recall_at_5_max": NaN,
        "nauc_cv_recall_at_5_std": NaN,
        "nauc_map_at_1000_diff1": 0.35568640118708417,
        "nauc_map_at_1000_max": 0.4200720652076203,
        "nauc_map_at_1000_std": 0.27852678849393,
        "nauc_map_at_100_diff1": 0.3876254930966541,
        "nauc_map_at_100_max": 0.4285073294905826,
        "nauc_map_at_100_std": 0.30656441687553404,
        "nauc_map_at_10_diff1": 1.0,
        "nauc_map_at_10_max": 1.0,
        "nauc_map_at_10_std": 1.0,
        "nauc_map_at_1_diff1": NaN,
        "nauc_map_at_1_max": NaN,
        "nauc_map_at_1_std": NaN,
        "nauc_map_at_20_diff1": 0.7135104698488761,
        "nauc_map_at_20_max": 0.7400167033864037,
        "nauc_map_at_20_std": 0.43448077787897227,
        "nauc_map_at_3_diff1": NaN,
        "nauc_map_at_3_max": NaN,
        "nauc_map_at_3_std": NaN,
        "nauc_map_at_5_diff1": NaN,
        "nauc_map_at_5_max": NaN,
        "nauc_map_at_5_std": NaN,
        "nauc_mrr_at_1000_diff1": 0.35119879293165357,
        "nauc_mrr_at_1000_max": 0.42195760465710486,
        "nauc_mrr_at_1000_std": 0.28527048334030125,
        "nauc_mrr_at_100_diff1": 0.38317095660599204,
        "nauc_mrr_at_100_max": 0.4306405905114894,
        "nauc_mrr_at_100_std": 0.3136228327181818,
        "nauc_mrr_at_10_diff1": 1.0,
        "nauc_mrr_at_10_max": 1.0,
        "nauc_mrr_at_10_std": 1.0,
        "nauc_mrr_at_1_diff1": NaN,
        "nauc_mrr_at_1_max": NaN,
        "nauc_mrr_at_1_std": NaN,
        "nauc_mrr_at_20_diff1": 0.7106578002741136,
        "nauc_mrr_at_20_max": 0.7505565667626305,
        "nauc_mrr_at_20_std": 0.4429401228435303,
        "nauc_mrr_at_3_diff1": NaN,
        "nauc_mrr_at_3_max": NaN,
        "nauc_mrr_at_3_std": NaN,
        "nauc_mrr_at_5_diff1": NaN,
        "nauc_mrr_at_5_max": NaN,
        "nauc_mrr_at_5_std": NaN,
        "nauc_ndcg_at_1000_diff1": 0.20488636399207016,
        "nauc_ndcg_at_1000_max": 0.26333660128211506,
        "nauc_ndcg_at_1000_std": 0.14501049649799178,
        "nauc_ndcg_at_100_diff1": 0.22871423323069254,
        "nauc_ndcg_at_100_max": 0.17754362725177478,
        "nauc_ndcg_at_100_std": 0.15418340522974164,
        "nauc_ndcg_at_10_diff1": 1.0,
        "nauc_ndcg_at_10_max": 1.0,
        "nauc_ndcg_at_10_std": 1.0,
        "nauc_ndcg_at_1_diff1": NaN,
        "nauc_ndcg_at_1_max": NaN,
        "nauc_ndcg_at_1_std": NaN,
        "nauc_ndcg_at_20_diff1": 0.666101919767743,
        "nauc_ndcg_at_20_max": 0.6282680488245528,
        "nauc_ndcg_at_20_std": 0.26713685861607245,
        "nauc_ndcg_at_3_diff1": NaN,
        "nauc_ndcg_at_3_max": NaN,
        "nauc_ndcg_at_3_std": NaN,
        "nauc_ndcg_at_5_diff1": NaN,
        "nauc_ndcg_at_5_max": NaN,
        "nauc_ndcg_at_5_std": NaN,
        "nauc_precision_at_1000_diff1": NaN,
        "nauc_precision_at_1000_max": NaN,
        "nauc_precision_at_1000_std": NaN,
        "nauc_precision_at_100_diff1": 0.18187025329882472,
        "nauc_precision_at_100_max": 0.085196656625228,
        "nauc_precision_at_100_std": 0.10815053672196509,
        "nauc_precision_at_10_diff1": 1.0,
        "nauc_precision_at_10_max": 1.0,
        "nauc_precision_at_10_std": 1.0,
        "nauc_precision_at_1_diff1": NaN,
        "nauc_precision_at_1_max": NaN,
        "nauc_precision_at_1_std": NaN,
        "nauc_precision_at_20_diff1": 0.6431446203380732,
        "nauc_precision_at_20_max": 0.5605044271532061,
        "nauc_precision_at_20_std": 0.1714515696270458,
        "nauc_precision_at_3_diff1": NaN,
        "nauc_precision_at_3_max": NaN,
        "nauc_precision_at_3_std": NaN,
        "nauc_precision_at_5_diff1": NaN,
        "nauc_precision_at_5_max": NaN,
        "nauc_precision_at_5_std": NaN,
        "nauc_recall_at_1000_diff1": NaN,
        "nauc_recall_at_1000_max": NaN,
        "nauc_recall_at_1000_std": NaN,
        "nauc_recall_at_100_diff1": 0.1818702532988247,
        "nauc_recall_at_100_max": 0.08519665662522796,
        "nauc_recall_at_100_std": 0.10815053672196506,
        "nauc_recall_at_10_diff1": 1.0,
        "nauc_recall_at_10_max": 1.0,
        "nauc_recall_at_10_std": 1.0,
        "nauc_recall_at_1_diff1": NaN,
        "nauc_recall_at_1_max": NaN,
        "nauc_recall_at_1_std": NaN,
        "nauc_recall_at_20_diff1": 0.6431446203380736,
        "nauc_recall_at_20_max": 0.5605044271532065,
        "nauc_recall_at_20_std": 0.1714515696270459,
        "nauc_recall_at_3_diff1": NaN,
        "nauc_recall_at_3_max": NaN,
        "nauc_recall_at_3_std": NaN,
        "nauc_recall_at_5_diff1": NaN,
        "nauc_recall_at_5_max": NaN,
        "nauc_recall_at_5_std": NaN,
        "ndcg_at_1": 0.0,
        "ndcg_at_10": 0.00333,
        "ndcg_at_100": 0.02741,
        "ndcg_at_1000": 0.12437,
        "ndcg_at_20": 0.00821,
        "ndcg_at_3": 0.0,
        "ndcg_at_5": 0.0,
        "precision_at_1": 0.0,
        "precision_at_10": 0.001,
        "precision_at_100": 0.0014,
        "precision_at_1000": 0.001,
        "precision_at_20": 0.0015,
        "precision_at_3": 0.0,
        "precision_at_5": 0.0,
        "recall_at_1": 0.0,
        "recall_at_10": 0.01,
        "recall_at_100": 0.14,
        "recall_at_1000": 1.0,
        "recall_at_20": 0.03,
        "recall_at_3": 0.0,
        "recall_at_5": 0.0
      }
    ]
  },
  "task_name": "VidoreSyntheticDocQAAIRetrieval"
}