{
  "dataset_revision": "86f09ebc1703516c76e5f931465e2ed7626a5e52",
  "evaluation_time": 40.854827880859375,
  "kg_co2_emissions": 0.001832442044703508,
  "mteb_version": "1.14.15",
  "scores": {
    "test": [
      {
        "cv_recall_at_1": 0.39,
        "cv_recall_at_10": 0.91,
        "cv_recall_at_100": 0.98,
        "cv_recall_at_1000": 1.0,
        "cv_recall_at_20": 0.93,
        "cv_recall_at_3": 0.77,
        "cv_recall_at_5": 0.83,
        "hf_subset": "default",
        "languages": [
          "eng-Latn"
        ],
        "main_score": 0.64656,
        "map_at_1": 0.38,
        "map_at_10": 0.5931,
        "map_at_100": 0.59702,
        "map_at_1000": 0.59711,
        "map_at_20": 0.59561,
        "map_at_3": 0.57667,
        "map_at_5": 0.58317,
        "mrr_at_1": 0.39,
        "mrr_at_10": 0.596388888888889,
        "mrr_at_100": 0.5994932183655588,
        "mrr_at_1000": 0.5995869683655589,
        "mrr_at_20": 0.5980672105672107,
        "mrr_at_3": 0.5716666666666668,
        "mrr_at_5": 0.5856666666666667,
        "nauc_cv_recall_at_1000_diff1": NaN,
        "nauc_cv_recall_at_1000_max": NaN,
        "nauc_cv_recall_at_1000_std": NaN,
        "nauc_cv_recall_at_100_diff1": 0.24042950513539033,
        "nauc_cv_recall_at_100_max": 1.0,
        "nauc_cv_recall_at_100_std": 0.6790382819794599,
        "nauc_cv_recall_at_10_diff1": -0.1451914098972924,
        "nauc_cv_recall_at_10_max": 0.6514679946052495,
        "nauc_cv_recall_at_10_std": 0.04917522564581364,
        "nauc_cv_recall_at_1_diff1": 0.1526004682265596,
        "nauc_cv_recall_at_1_max": 0.21676820198414246,
        "nauc_cv_recall_at_1_std": -0.19902215668774995,
        "nauc_cv_recall_at_20_diff1": -0.12371615312792061,
        "nauc_cv_recall_at_20_max": 0.6342537014805916,
        "nauc_cv_recall_at_20_std": 0.08490062691743155,
        "nauc_cv_recall_at_3_diff1": -0.31675656319240897,
        "nauc_cv_recall_at_3_max": 0.41433719030460353,
        "nauc_cv_recall_at_3_std": -0.08518162082316849,
        "nauc_cv_recall_at_5_diff1": -0.23349973878214386,
        "nauc_cv_recall_at_5_max": 0.2983688396122369,
        "nauc_cv_recall_at_5_std": -0.19536193185116332,
        "nauc_map_at_1000_diff1": 0.11550843940980371,
        "nauc_map_at_1000_max": 0.24974841169224812,
        "nauc_map_at_1000_std": -0.189603345771719,
        "nauc_map_at_100_diff1": 0.11553091988633603,
        "nauc_map_at_100_max": 0.25001447132071103,
        "nauc_map_at_100_std": -0.18923577322769833,
        "nauc_map_at_10_diff1": 0.11031384842185425,
        "nauc_map_at_10_max": 0.25118375392362263,
        "nauc_map_at_10_std": -0.18614478686135047,
        "nauc_map_at_1_diff1": 0.23594468848283207,
        "nauc_map_at_1_max": 0.20493592909313024,
        "nauc_map_at_1_std": -0.22449510046006305,
        "nauc_map_at_20_diff1": 0.11335227373460552,
        "nauc_map_at_20_max": 0.2511554684159654,
        "nauc_map_at_20_std": -0.18959966219554694,
        "nauc_map_at_3_diff1": 0.09065212724380316,
        "nauc_map_at_3_max": 0.2497619270423361,
        "nauc_map_at_3_std": -0.19749321560877878,
        "nauc_map_at_5_diff1": 0.09457435879577254,
        "nauc_map_at_5_max": 0.23973227901532382,
        "nauc_map_at_5_std": -0.19990749067183533,
        "nauc_mrr_at_1000_diff1": 0.018955564197587142,
        "nauc_mrr_at_1000_max": 0.2727920865815557,
        "nauc_mrr_at_1000_std": -0.16496305814098922,
        "nauc_mrr_at_100_diff1": 0.019011656932250362,
        "nauc_mrr_at_100_max": 0.2730472712011276,
        "nauc_mrr_at_100_std": -0.16460789353113803,
        "nauc_mrr_at_10_diff1": 0.015640946777020878,
        "nauc_mrr_at_10_max": 0.27677388738729447,
        "nauc_mrr_at_10_std": -0.1639870043438806,
        "nauc_mrr_at_1_diff1": 0.1526004682265596,
        "nauc_mrr_at_1_max": 0.21676820198414246,
        "nauc_mrr_at_1_std": -0.19902215668774995,
        "nauc_mrr_at_20_diff1": 0.017294286838773498,
        "nauc_mrr_at_20_max": 0.2739740164271275,
        "nauc_mrr_at_20_std": -0.1650978851390167,
        "nauc_mrr_at_3_diff1": -0.020932951939569313,
        "nauc_mrr_at_3_max": 0.28358089142318926,
        "nauc_mrr_at_3_std": -0.15796980067805272,
        "nauc_mrr_at_5_diff1": 0.002411168818813779,
        "nauc_mrr_at_5_max": 0.2619586935737681,
        "nauc_mrr_at_5_std": -0.1764412004994803,
        "nauc_ndcg_at_1000_diff1": 0.10176634256280116,
        "nauc_ndcg_at_1000_max": 0.263602135207888,
        "nauc_ndcg_at_1000_std": -0.17936802655277342,
        "nauc_ndcg_at_100_diff1": 0.10329374655218017,
        "nauc_ndcg_at_100_max": 0.2725035699978711,
        "nauc_ndcg_at_100_std": -0.16858601736273948,
        "nauc_ndcg_at_10_diff1": 0.07615220815367511,
        "nauc_ndcg_at_10_max": 0.28109374473704796,
        "nauc_ndcg_at_10_std": -0.1574726955320548,
        "nauc_ndcg_at_1_diff1": 0.23594468848283207,
        "nauc_ndcg_at_1_max": 0.20493592909313024,
        "nauc_ndcg_at_1_std": -0.22449510046006305,
        "nauc_ndcg_at_20_diff1": 0.08662337478425786,
        "nauc_ndcg_at_20_max": 0.2813181384902174,
        "nauc_ndcg_at_20_std": -0.16887918148790165,
        "nauc_ndcg_at_3_diff1": 0.032086712255515015,
        "nauc_ndcg_at_3_max": 0.2694704095718904,
        "nauc_ndcg_at_3_std": -0.19320020507956667,
        "nauc_ndcg_at_5_diff1": 0.03869572683640214,
        "nauc_ndcg_at_5_max": 0.25026917218931916,
        "nauc_ndcg_at_5_std": -0.19824307855777126,
        "nauc_precision_at_1000_diff1": NaN,
        "nauc_precision_at_1000_max": NaN,
        "nauc_precision_at_1000_std": NaN,
        "nauc_precision_at_100_diff1": 0.24042950513539257,
        "nauc_precision_at_100_max": 1.0,
        "nauc_precision_at_100_std": 0.6790382819794637,
        "nauc_precision_at_10_diff1": -0.14780578898225746,
        "nauc_precision_at_10_max": 0.5299719887955197,
        "nauc_precision_at_10_std": 0.09967320261438037,
        "nauc_precision_at_1_diff1": 0.23594468848283207,
        "nauc_precision_at_1_max": 0.20493592909313024,
        "nauc_precision_at_1_std": -0.22449510046006305,
        "nauc_precision_at_20_diff1": -0.12371615312791642,
        "nauc_precision_at_20_max": 0.6342537014805939,
        "nauc_precision_at_20_std": 0.08490062691743591,
        "nauc_precision_at_3_diff1": -0.22107892107892127,
        "nauc_precision_at_3_max": 0.3554445554445548,
        "nauc_precision_at_3_std": -0.177772227772228,
        "nauc_precision_at_5_diff1": -0.23349973878214267,
        "nauc_precision_at_5_max": 0.2983688396122374,
        "nauc_precision_at_5_std": -0.19536193185116102,
        "nauc_recall_at_1000_diff1": NaN,
        "nauc_recall_at_1000_max": NaN,
        "nauc_recall_at_1000_std": NaN,
        "nauc_recall_at_100_diff1": 0.24042950513539033,
        "nauc_recall_at_100_max": 1.0,
        "nauc_recall_at_100_std": 0.6790382819794599,
        "nauc_recall_at_10_diff1": -0.14780578898225952,
        "nauc_recall_at_10_max": 0.5299719887955179,
        "nauc_recall_at_10_std": 0.09967320261437904,
        "nauc_recall_at_1_diff1": 0.23594468848283207,
        "nauc_recall_at_1_max": 0.20493592909313024,
        "nauc_recall_at_1_std": -0.22449510046006305,
        "nauc_recall_at_20_diff1": -0.12371615312792061,
        "nauc_recall_at_20_max": 0.6342537014805916,
        "nauc_recall_at_20_std": 0.08490062691743155,
        "nauc_recall_at_3_diff1": -0.22107892107892177,
        "nauc_recall_at_3_max": 0.3554445554445554,
        "nauc_recall_at_3_std": -0.17777222777222812,
        "nauc_recall_at_5_diff1": -0.23349973878214386,
        "nauc_recall_at_5_max": 0.2983688396122369,
        "nauc_recall_at_5_std": -0.19536193185116332,
        "ndcg_at_1": 0.38,
        "ndcg_at_10": 0.66978,
        "ndcg_at_100": 0.6874,
        "ndcg_at_1000": 0.68994,
        "ndcg_at_20": 0.6779,
        "ndcg_at_3": 0.63452,
        "ndcg_at_5": 0.64656,
        "precision_at_1": 0.38,
        "precision_at_10": 0.09,