{
  "dataset_revision": "aaee58895a66e4d619168849267ed2bb40d37043",
  "evaluation_time": 1903.4971942901611,
  "kg_co2_emissions": 0.10412228715672943,
  "mteb_version": "1.14.15",
  "scores": {
    "test": [
      {
        "cv_recall_at_1": 0.07475,
        "cv_recall_at_10": 0.13955,
        "cv_recall_at_100": 0.18425,
        "cv_recall_at_1000": 0.23035,
        "cv_recall_at_20": 0.15415,
        "cv_recall_at_3": 0.1095,
        "cv_recall_at_5": 0.122,
        "hf_subset": "default",
        "languages": [
          "eng-Latn"
        ],
        "main_score": 0.10584,
        "map_at_1": 0.07475,
        "map_at_10": 0.09521,
        "map_at_100": 0.09701,
        "map_at_1000": 0.09719,
        "map_at_20": 0.09625,
        "map_at_3": 0.08997,
        "map_at_5": 0.09285,
        "mrr_at_1": 0.07475,
        "mrr_at_10": 0.09521121031746008,
        "mrr_at_100": 0.09700708457624291,
        "mrr_at_1000": 0.09718546871744943,
        "mrr_at_20": 0.09625401458663421,
        "mrr_at_3": 0.08997499999999972,
        "mrr_at_5": 0.09284749999999985,
        "nauc_cv_recall_at_1000_diff1": 0.17159661842946958,
        "nauc_cv_recall_at_1000_max": 0.1762681099082828,
        "nauc_cv_recall_at_1000_std": 0.10500181812652705,
        "nauc_cv_recall_at_100_diff1": 0.2097221618143993,
        "nauc_cv_recall_at_100_max": 0.22372978138205543,
        "nauc_cv_recall_at_100_std": 0.12866966758376508,
        "nauc_cv_recall_at_10_diff1": 0.2719634269558212,
        "nauc_cv_recall_at_10_max": 0.27015510350068156,
        "nauc_cv_recall_at_10_std": 0.1139276736537542,
        "nauc_cv_recall_at_1_diff1": 0.5204980738047315,
        "nauc_cv_recall_at_1_max": 0.3809991807052037,
        "nauc_cv_recall_at_1_std": 0.03966912335456796,
        "nauc_cv_recall_at_20_diff1": 0.24771540627909341,
        "nauc_cv_recall_at_20_max": 0.2582595026684907,
        "nauc_cv_recall_at_20_std": 0.12904590578426636,
        "nauc_cv_recall_at_3_diff1": 0.34718663894894836,
        "nauc_cv_recall_at_3_max": 0.30992725992176956,
        "nauc_cv_recall_at_3_std": 0.07692512555646862,
        "nauc_cv_recall_at_5_diff1": 0.31355831971033377,
        "nauc_cv_recall_at_5_max": 0.29318389410128043,
        "nauc_cv_recall_at_5_std": 0.09118002501323265,
        "nauc_map_at_1000_diff1": 0.400809698665472,
        "nauc_map_at_1000_max": 0.32733132356649197,
        "nauc_map_at_1000_std": 0.0695771940591936,
        "nauc_map_at_100_diff1": 0.40130832975763486,
        "nauc_map_at_100_max": 0.3278307717720849,
        "nauc_map_at_100_std": 0.06972761364438387,
        "nauc_map_at_10_diff1": 0.40733322159045104,
        "nauc_map_at_10_max": 0.33129925821573736,
        "nauc_map_at_10_std": 0.06735332633569074,
        "nauc_map_at_1_diff1": 0.5204980738047315,
        "nauc_map_at_1_max": 0.3809991807052037,
        "nauc_map_at_1_std": 0.03966912335456796,
        "nauc_map_at_20_diff1": 0.40374286410320154,
        "nauc_map_at_20_max": 0.329651335232829,
        "nauc_map_at_20_std": 0.06932229726793597,
        "nauc_map_at_3_diff1": 0.4284221173187139,
        "nauc_map_at_3_max": 0.3422146618325577,
        "nauc_map_at_3_std": 0.05840888923562188,
        "nauc_map_at_5_diff1": 0.4168484990341736,
        "nauc_map_at_5_max": 0.33640377602834237,
        "nauc_map_at_5_std": 0.06282233781188466,
        "nauc_mrr_at_1000_diff1": 0.400809698665472,
        "nauc_mrr_at_1000_max": 0.32733132356649197,
        "nauc_mrr_at_1000_std": 0.0695771940591936,
        "nauc_mrr_at_100_diff1": 0.40130832975763486,
        "nauc_mrr_at_100_max": 0.3278307717720849,
        "nauc_mrr_at_100_std": 0.06972761364438387,
        "nauc_mrr_at_10_diff1": 0.40733322159045104,
        "nauc_mrr_at_10_max": 0.33129925821573736,
        "nauc_mrr_at_10_std": 0.06735332633569074,
        "nauc_mrr_at_1_diff1": 0.5204980738047315,
        "nauc_mrr_at_1_max": 0.3809991807052037,
        "nauc_mrr_at_1_std": 0.03966912335456796,
        "nauc_mrr_at_20_diff1": 0.40374286410320154,
        "nauc_mrr_at_20_max": 0.329651335232829,
        "nauc_mrr_at_20_std": 0.06932229726793597,
        "nauc_mrr_at_3_diff1": 0.4284221173187139,
        "nauc_mrr_at_3_max": 0.3422146618325577,
        "nauc_mrr_at_3_std": 0.05840888923562188,
        "nauc_mrr_at_5_diff1": 0.4168484990341736,
        "nauc_mrr_at_5_max": 0.33640377602834237,
        "nauc_mrr_at_5_std": 0.06282233781188466,
        "nauc_ndcg_at_1000_diff1": 0.3311600276076589,
        "nauc_ndcg_at_1000_max": 0.28565997932527665,
        "nauc_ndcg_at_1000_std": 0.08460710511984973,
        "nauc_ndcg_at_100_diff1": 0.34186812619670254,
        "nauc_ndcg_at_100_max": 0.29690428003713454,
        "nauc_ndcg_at_100_std": 0.08847405450764344,
        "nauc_ndcg_at_10_diff1": 0.3663247125786652,
        "nauc_ndcg_at_10_max": 0.31286785610161094,
        "nauc_ndcg_at_10_std": 0.08101761594183826,
        "nauc_ndcg_at_1_diff1": 0.5204980738047315,
        "nauc_ndcg_at_1_max": 0.3809991807052037,
        "nauc_ndcg_at_1_std": 0.03966912335456796,
        "nauc_ndcg_at_20_diff1": 0.3558353809040022,
        "nauc_ndcg_at_20_max": 0.3078912855030312,
        "nauc_ndcg_at_20_std": 0.08694926663380353,
        "nauc_ndcg_at_3_diff1": 0.4046542131127562,
        "nauc_ndcg_at_3_max": 0.33272644944437,
        "nauc_ndcg_at_3_std": 0.06378370539822328,
        "nauc_ndcg_at_5_diff1": 0.38608800018695083,
        "nauc_ndcg_at_5_max": 0.323507345201162,
        "nauc_ndcg_at_5_std": 0.07112689345829792,
        "nauc_precision_at_1000_diff1": 0.1715966184294691,
        "nauc_precision_at_1000_max": 0.17626810990828237,
        "nauc_precision_at_1000_std": 0.10500181812652667,
        "nauc_precision_at_100_diff1": 0.20972216181439943,
        "nauc_precision_at_100_max": 0.22372978138205557,
        "nauc_precision_at_100_std": 0.12866966758376513,
        "nauc_precision_at_10_diff1": 0.27196342695582126,
        "nauc_precision_at_10_max": 0.2701551035006817,
        "nauc_precision_at_10_std": 0.11392767365375424,
        "nauc_precision_at_1_diff1": 0.5204980738047315,
        "nauc_precision_at_1_max": 0.3809991807052037,
        "nauc_precision_at_1_std": 0.03966912335456796,
        "nauc_precision_at_20_diff1": 0.24771540627909355,
        "nauc_precision_at_20_max": 0.25825950266849096,
        "nauc_precision_at_20_std": 0.12904590578426658,
        "nauc_precision_at_3_diff1": 0.34718663894894825,
        "nauc_precision_at_3_max": 0.30992725992176956,
        "nauc_precision_at_3_std": 0.07692512555646869,
        "nauc_precision_at_5_diff1": 0.31355831971033377,
        "nauc_precision_at_5_max": 0.2931838941012801,
        "nauc_precision_at_5_std": 0.09118002501323282,
        "nauc_recall_at_1000_diff1": 0.17159661842946958,
        "nauc_recall_at_1000_max": 0.1762681099082828,
        "nauc_recall_at_1000_std": 0.10500181812652705,
        "nauc_recall_at_100_diff1": 0.2097221618143993,
        "nauc_recall_at_100_max": 0.22372978138205543,
        "nauc_recall_at_100_std": 0.12866966758376508,
        "nauc_recall_at_10_diff1": 0.2719634269558212,
        "nauc_recall_at_10_max": 0.27015510350068156,
        "nauc_recall_at_10_std": 0.1139276736537542,
        "nauc_recall_at_1_diff1": 0.5204980738047315,
        "nauc_recall_at_1_max": 0.3809991807052037,
        "nauc_recall_at_1_std": 0.03966912335456796,
        "nauc_recall_at_20_diff1": 0.24771540627909341,
        "nauc_recall_at_20_max": 0.2582595026684907,
        "nauc_recall_at_20_std": 0.12904590578426636,
        "nauc_recall_at_3_diff1": 0.34718663894894836,
        "nauc_recall_at_3_max": 0.30992725992176956,
        "nauc_recall_at_3_std": 0.07692512555646862,
        "nauc_recall_at_5_diff1": 0.31355831971033377,
        "nauc_recall_at_5_max": 0.29318389410128043,
        "nauc_recall_at_5_std": 0.09118002501323265,
        "ndcg_at_1": 0.07475,
        "ndcg_at_10": 0.10584,
        "ndcg_at_100": 0.11512,
        "ndcg_at_1000": 0.12073,