{
  "dataset_revision": "044af162d55f82ab603fa16ffcf7f1e4dbf300e9",
  "evaluation_time": 94.71396231651306,
  "kg_co2_emissions": 0.005968210112849894,
  "mteb_version": "1.14.15",
  "scores": {
    "test": [
      {
        "cv_recall_at_1": 0.00069,
        "cv_recall_at_10": 0.00394,
        "cv_recall_at_100": 0.04608,
        "cv_recall_at_1000": 0.39662,
        "cv_recall_at_20": 0.00834,
        "cv_recall_at_3": 0.00093,
        "cv_recall_at_5": 0.00185,
        "hf_subset": "default",
        "languages": [
          "eng-Latn"
        ],
        "main_score": 0.00189,
        "map_at_1": 0.00069,
        "map_at_10": 0.00129,
        "map_at_100": 0.00235,
        "map_at_1000": 0.00323,
        "map_at_20": 0.00159,
        "map_at_3": 0.00081,
        "map_at_5": 0.00103,
        "mrr_at_1": 0.0006946052326927529,
        "mrr_at_10": 0.0012907161784216658,
        "mrr_at_100": 0.0023496968172520864,
        "mrr_at_1000": 0.0032283584155637997,
        "mrr_at_20": 0.0015911233003234866,
        "mrr_at_3": 0.0008103727714748784,
        "mrr_at_5": 0.001030331095160917,
        "nauc_cv_recall_at_1000_diff1": 0.022675825287757335,
        "nauc_cv_recall_at_1000_max": -0.0022206450283990546,
        "nauc_cv_recall_at_1000_std": 0.00046291188540946524,
        "nauc_cv_recall_at_100_diff1": -0.02131900492243669,
        "nauc_cv_recall_at_100_max": 0.03462749217669793,
        "nauc_cv_recall_at_100_std": 0.05556077714190105,
        "nauc_cv_recall_at_10_diff1": 0.15799027890786851,
        "nauc_cv_recall_at_10_max": -0.145487193397027,
        "nauc_cv_recall_at_10_std": -0.11020958005401199,
        "nauc_cv_recall_at_1_diff1": 0.5492573072869672,
        "nauc_cv_recall_at_1_max": -0.443327742446069,
        "nauc_cv_recall_at_1_std": -0.23048713356302591,
        "nauc_cv_recall_at_20_diff1": 0.05188169326385581,
        "nauc_cv_recall_at_20_max": -0.03508306842460585,
        "nauc_cv_recall_at_20_std": 0.025011525855775138,
        "nauc_cv_recall_at_3_diff1": 0.5774287255815318,
        "nauc_cv_recall_at_3_max": -0.3839456406234252,
        "nauc_cv_recall_at_3_std": -0.2243151839611429,
        "nauc_cv_recall_at_5_diff1": 0.23772739214378122,
        "nauc_cv_recall_at_5_max": -0.2218373425963038,
        "nauc_cv_recall_at_5_std": -0.10059878621009093,
        "nauc_map_at_1000_diff1": 0.13696166119374364,
        "nauc_map_at_1000_max": -0.0872343992618401,
        "nauc_map_at_1000_std": -0.03353812922319882,
        "nauc_map_at_100_diff1": 0.1712903263987044,
        "nauc_map_at_100_max": -0.11815013341674775,
        "nauc_map_at_100_std": -0.04532622933089364,
        "nauc_map_at_10_diff1": 0.36997143596685844,
        "nauc_map_at_10_max": -0.2827378312519179,
        "nauc_map_at_10_std": -0.17116563466808177,
        "nauc_map_at_1_diff1": 0.5492573072869672,
        "nauc_map_at_1_max": -0.443327742446069,
        "nauc_map_at_1_std": -0.23048713356302591,
        "nauc_map_at_20_diff1": 0.2897322193902238,
        "nauc_map_at_20_max": -0.20601647813541124,
        "nauc_map_at_20_std": -0.10521013474562324,
        "nauc_map_at_3_diff1": 0.5653552605981471,
        "nauc_map_at_3_max": -0.4093951128331296,
        "nauc_map_at_3_std": -0.22696030521909275,
        "nauc_map_at_5_diff1": 0.4264105346778768,
        "nauc_map_at_5_max": -0.34285597494570724,
        "nauc_map_at_5_std": -0.18075069792115162,
        "nauc_mrr_at_1000_diff1": 0.13696327174300568,
        "nauc_mrr_at_1000_max": -0.08723485558751021,
        "nauc_mrr_at_1000_std": -0.033540568579874176,
        "nauc_mrr_at_100_diff1": 0.1712903263987044,
        "nauc_mrr_at_100_max": -0.11815013341674775,
        "nauc_mrr_at_100_std": -0.04532622933089364,
        "nauc_mrr_at_10_diff1": 0.36997143596685844,
        "nauc_mrr_at_10_max": -0.2827378312519179,
        "nauc_mrr_at_10_std": -0.17116563466808177,
        "nauc_mrr_at_1_diff1": 0.5492573072869672,
        "nauc_mrr_at_1_max": -0.443327742446069,
        "nauc_mrr_at_1_std": -0.23048713356302591,
        "nauc_mrr_at_20_diff1": 0.2897322193902238,
        "nauc_mrr_at_20_max": -0.20601647813541124,
        "nauc_mrr_at_20_std": -0.10521013474562324,
        "nauc_mrr_at_3_diff1": 0.5653552605981471,
        "nauc_mrr_at_3_max": -0.4093951128331296,
        "nauc_mrr_at_3_std": -0.22696030521909275,
        "nauc_mrr_at_5_diff1": 0.4264105346778768,
        "nauc_mrr_at_5_max": -0.34285597494570724,
        "nauc_mrr_at_5_std": -0.18075069792115162,
        "nauc_ndcg_at_1000_diff1": 0.024033542703259057,
        "nauc_ndcg_at_1000_max": -0.0005819174513693016,
        "nauc_ndcg_at_1000_std": 0.005304225291281025,
        "nauc_ndcg_at_100_diff1": 0.016077301457594215,
        "nauc_ndcg_at_100_max": 0.0041079571469475155,
        "nauc_ndcg_at_100_std": 0.03571320013682469,
        "nauc_ndcg_at_10_diff1": 0.2728908408232835,
        "nauc_ndcg_at_10_max": -0.2179623418665803,
        "nauc_ndcg_at_10_std": -0.14294095929931644,
        "nauc_ndcg_at_1_diff1": 0.5492573072869672,
        "nauc_ndcg_at_1_max": -0.443327742446069,
        "nauc_ndcg_at_1_std": -0.23048713356302591,
        "nauc_ndcg_at_20_diff1": 0.15461849838477176,
        "nauc_ndcg_at_20_max": -0.10634485959637058,
        "nauc_ndcg_at_20_std": -0.032094379186261214,
        "nauc_ndcg_at_3_diff1": 0.5688381719234864,
        "nauc_ndcg_at_3_max": -0.40205353731151516,
        "nauc_ndcg_at_3_std": -0.22619724980800013,
        "nauc_ndcg_at_5_diff1": 0.3593222443155386,
        "nauc_ndcg_at_5_max": -0.29977191325653163,
        "nauc_ndcg_at_5_std": -0.15264010465861358,
        "nauc_precision_at_1000_diff1": 0.022675825287757523,
        "nauc_precision_at_1000_max": -0.0022206450283989102,
        "nauc_precision_at_1000_std": 0.00046291188540929735,
        "nauc_precision_at_100_diff1": -0.021319004922436834,
        "nauc_precision_at_100_max": 0.034627492176697854,
        "nauc_precision_at_100_std": 0.055560777141900934,
        "nauc_precision_at_10_diff1": 0.1579902789078683,
        "nauc_precision_at_10_max": -0.14548719339702737,
        "nauc_precision_at_10_std": -0.11020958005401227,
        "nauc_precision_at_1_diff1": 0.5492573072869672,
        "nauc_precision_at_1_max": -0.443327742446069,
        "nauc_precision_at_1_std": -0.23048713356302591,
        "nauc_precision_at_20_diff1": 0.0518816932638557,
        "nauc_precision_at_20_max": -0.03508306842460598,
        "nauc_precision_at_20_std": 0.02501152585577503,
        "nauc_precision_at_3_diff1": 0.5774287255815319,
        "nauc_precision_at_3_max": -0.3839456406234251,
        "nauc_precision_at_3_std": -0.22431518396114275,
        "nauc_precision_at_5_diff1": 0.2377273921437813,
        "nauc_precision_at_5_max": -0.2218373425963039,
        "nauc_precision_at_5_std": -0.10059878621009101,
        "nauc_recall_at_1000_diff1": 0.022675825287757335,
        "nauc_recall_at_1000_max": -0.0022206450283990546,
        "nauc_recall_at_1000_std": 0.00046291188540946524,
        "nauc_recall_at_100_diff1": -0.02131900492243669,
        "nauc_recall_at_100_max": 0.03462749217669793,
        "nauc_recall_at_100_std": 0.05556077714190105,
        "nauc_recall_at_10_diff1": 0.15799027890786851,
        "nauc_recall_at_10_max": -0.145487193397027,
        "nauc_recall_at_10_std": -0.11020958005401199,
        "nauc_recall_at_1_diff1": 0.5492573072869672,
        "nauc_recall_at_1_max": -0.443327742446069,
        "nauc_recall_at_1_std": -0.23048713356302591,
        "nauc_recall_at_20_diff1": 0.05188169326385581,
        "nauc_recall_at_20_max": -0.03508306842460585,
        "nauc_recall_at_20_std": 0.025011525855775138,
        "nauc_recall_at_3_diff1": 0.5774287255815318,
        "nauc_recall_at_3_max": -0.3839456406234252,
        "nauc_recall_at_3_std": -0.2243151839611429,
        "nauc_recall_at_5_diff1": 0.23772739214378122,
        "nauc_recall_at_5_max": -0.2218373425963038,
        "nauc_recall_at_5_std": -0.10059878621009093,