{
  "dataset_revision": "dbafdb9e1506c9c419c5c4672e409463cd21ba50",
  "evaluation_time": 125.58871364593506,
  "kg_co2_emissions": null,
  "mteb_version": "1.14.15",
  "scores": {
    "test": [
      {
        "accuracy": 0.4531502423263328,
        "f1": 0.65412666041608,
        "hf_subset": "default",
        "languages": [
          "eng-Latn"
        ],
        "lrap": 0.6138664512654944,
        "main_score": 0.4531502423263328,
        "scores_per_experiment": [
          {
            "accuracy": 0.4531502423263328,
            "f1": 0.65412666041608,
            "lrap": 0.6138664512654944
          }
        ]
      }
    ]
  },
  "task_name": "VOC2007"
}