{
  "dataset_revision": "ae713b03ae68e343f16c3bcdbd1b1ee760975d55",
  "evaluation_time": 25.329318046569824,
  "kg_co2_emissions": null,
  "mteb_version": "1.14.15",
  "scores": {
    "test": [
      {
        "accuracy": 0.36186,
        "hf_subset": "default",
        "languages": [
          "eng-Latn"
        ],
        "main_score": 0.36186,
        "mrr_at_1": 0.361863488624052,
        "mrr_at_10": 0.6348862405200429,
        "mrr_at_100": 0.6348862405200429,
        "mrr_at_1000": 0.6348862405200429,
        "mrr_at_20": 0.6348862405200429,
        "mrr_at_3": 0.6110509209100754,
        "mrr_at_5": 0.6348862405200429,
        "ndcg_at_1": 0.36186,
        "ndcg_at_10": 0.72794,
        "ndcg_at_100": 0.72794,
        "ndcg_at_1000": 0.72794,
        "ndcg_at_20": 0.72794,
        "ndcg_at_3": 0.68688,
        "ndcg_at_5": 0.72794
      }
    ]
  },
  "task_name": "BLINKIT2TMultiChoice"
}