{
  "dataset_revision": "a4cf34ac79215f9e2cd6a10342d84f606fc41cc3",
  "evaluation_time": 896.6979014873505,
  "kg_co2_emissions": 0.03560069559496103,
  "mteb_version": "1.14.15",
  "scores": {
    "test": [
      {
        "cv_recall_at_1": 0.44678,
        "cv_recall_at_10": 0.79667,
        "cv_recall_at_100": 0.9652,
        "cv_recall_at_1000": 0.99699,
        "cv_recall_at_20": 0.86844,
        "cv_recall_at_3": 0.62988,
        "cv_recall_at_5": 0.7056,
        "hf_subset": "default",
        "languages": [
          "eng-Latn"
        ],
        "main_score": 0.61457,
        "map_at_1": 0.44679,
        "map_at_10": 0.55711,
        "map_at_100": 0.56485,
        "map_at_1000": 0.56502,
        "map_at_20": 0.56217,
        "map_at_3": 0.52753,
        "map_at_5": 0.54483,
        "mrr_at_1": 0.44677887405687755,
        "mrr_at_10": 0.5571053779091021,
        "mrr_at_100": 0.5648459478601091,
        "mrr_at_1000": 0.5650183349727302,
        "mrr_at_20": 0.5621690101577572,
        "mrr_at_3": 0.5275284280217409,
        "mrr_at_5": 0.5448309365662062,
        "nauc_cv_recall_at_1000_diff1": 0.4542784209534829,
        "nauc_cv_recall_at_1000_max": 0.39777914026842837,
        "nauc_cv_recall_at_1000_std": 0.7109706543561618,
        "nauc_cv_recall_at_100_diff1": 0.4620632515868395,
        "nauc_cv_recall_at_100_max": 0.27545337201028136,
        "nauc_cv_recall_at_100_std": 0.28342759498956954,
        "nauc_cv_recall_at_10_diff1": 0.47963440891640496,
        "nauc_cv_recall_at_10_max": 0.18189150051247593,
        "nauc_cv_recall_at_10_std": -0.1970832579965591,
        "nauc_cv_recall_at_1_diff1": 0.6342395356095026,
        "nauc_cv_recall_at_1_max": 0.21433869227828442,
        "nauc_cv_recall_at_1_std": -0.25139008605728036,
        "nauc_cv_recall_at_20_diff1": 0.46938267917155446,
        "nauc_cv_recall_at_20_max": 0.19355534418294976,
        "nauc_cv_recall_at_20_std": -0.12553182099809454,
        "nauc_cv_recall_at_3_diff1": 0.5261635655543755,
        "nauc_cv_recall_at_3_max": 0.18688831171875048,
        "nauc_cv_recall_at_3_std": -0.2582076225419766,
        "nauc_cv_recall_at_5_diff1": 0.4988358802996502,
        "nauc_cv_recall_at_5_max": 0.18035182003668948,
        "nauc_cv_recall_at_5_std": -0.24411512286886447,
        "nauc_map_at_1000_diff1": 0.5890081144716401,
        "nauc_map_at_1000_max": 0.20442986048384157,
        "nauc_map_at_1000_std": -0.24709091733933408,
        "nauc_map_at_100_diff1": 0.5889406208118304,
        "nauc_map_at_100_max": 0.20445247229161695,
        "nauc_map_at_100_std": -0.24687728988721333,
        "nauc_map_at_10_diff1": 0.5868446504675362,
        "nauc_map_at_10_max": 0.20345651160260375,
        "nauc_map_at_10_std": -0.24868955238061147,
        "nauc_map_at_1_diff1": 0.6342228743710341,
        "nauc_map_at_1_max": 0.21435997751199487,
        "nauc_map_at_1_std": -0.25136983402768126,
        "nauc_map_at_20_diff1": 0.5880779304472878,
        "nauc_map_at_20_max": 0.204092313607863,
        "nauc_map_at_20_std": -0.24738621424908727,
        "nauc_map_at_3_diff1": 0.5889866979541694,
        "nauc_map_at_3_max": 0.20326339680185004,
        "nauc_map_at_3_std": -0.2548169423808353,
        "nauc_map_at_5_diff1": 0.5859127226040588,
        "nauc_map_at_5_max": 0.20258553422979483,
        "nauc_map_at_5_std": -0.25225630992808973,
        "nauc_mrr_at_1000_diff1": 0.5890176489349357,
        "nauc_mrr_at_1000_max": 0.20441722132201778,
        "nauc_mrr_at_1000_std": -0.24710291831390116,
        "nauc_mrr_at_100_diff1": 0.5889501500083129,
        "nauc_mrr_at_100_max": 0.20443984020133543,
        "nauc_mrr_at_100_std": -0.24688928440510874,
        "nauc_mrr_at_10_diff1": 0.5868541072328137,
        "nauc_mrr_at_10_max": 0.2034444153544681,
        "nauc_mrr_at_10_std": -0.2487010779431308,
        "nauc_mrr_at_1_diff1": 0.6342395356095026,
        "nauc_mrr_at_1_max": 0.21433869227828442,
        "nauc_mrr_at_1_std": -0.25139008605728036,
        "nauc_mrr_at_20_diff1": 0.588087396917276,
        "nauc_mrr_at_20_max": 0.20407969650860422,
        "nauc_mrr_at_20_std": -0.24739817510017964,
        "nauc_mrr_at_3_diff1": 0.5889956993228794,
        "nauc_mrr_at_3_max": 0.20325197935219233,
        "nauc_mrr_at_3_std": -0.2548278140889761,
        "nauc_mrr_at_5_diff1": 0.5859220005961074,
        "nauc_mrr_at_5_max": 0.20257377152569198,
        "nauc_mrr_at_5_std": -0.25226751432330663,
        "nauc_ndcg_at_1000_diff1": 0.5810844877197829,
        "nauc_ndcg_at_1000_max": 0.20394729504874992,
        "nauc_ndcg_at_1000_std": -0.23903675766161744,
        "nauc_ndcg_at_100_diff1": 0.5791552181929036,
        "nauc_ndcg_at_100_max": 0.20486523562635678,
        "nauc_ndcg_at_100_std": -0.23148184169422406,
        "nauc_ndcg_at_10_diff1": 0.5683937308998829,
        "nauc_ndcg_at_10_max": 0.19963972355383178,
        "nauc_ndcg_at_10_std": -0.2411175152285346,
        "nauc_ndcg_at_1_diff1": 0.6342228743710341,
        "nauc_ndcg_at_1_max": 0.21435997751199487,
        "nauc_ndcg_at_1_std": -0.25136983402768126,
        "nauc_ndcg_at_20_diff1": 0.572381784786381,
        "nauc_ndcg_at_20_max": 0.20207458995233088,
        "nauc_ndcg_at_20_std": -0.2351399156854139,
        "nauc_ndcg_at_3_diff1": 0.5740234484253655,
        "nauc_ndcg_at_3_max": 0.1993813381046464,
        "nauc_ndcg_at_3_std": -0.25565084803719507,
        "nauc_ndcg_at_5_diff1": 0.5673623496170812,
        "nauc_ndcg_at_5_max": 0.19786364728078884,
        "nauc_ndcg_at_5_std": -0.25074580379519157,
        "nauc_precision_at_1000_diff1": 0.4542784209534526,
        "nauc_precision_at_1000_max": 0.39777914026837363,
        "nauc_precision_at_1000_std": 0.7109706543561499,
        "nauc_precision_at_100_diff1": 0.46206325158683814,
        "nauc_precision_at_100_max": 0.27545337201028247,
        "nauc_precision_at_100_std": 0.2834275949895723,
        "nauc_precision_at_10_diff1": 0.47963440891640563,
        "nauc_precision_at_10_max": 0.18189150051247407,
        "nauc_precision_at_10_std": -0.19708325799656068,
        "nauc_precision_at_1_diff1": 0.6342228743710341,
        "nauc_precision_at_1_max": 0.21435997751199487,
        "nauc_precision_at_1_std": -0.25136983402768126,
        "nauc_precision_at_20_diff1": 0.4693826791715525,
        "nauc_precision_at_20_max": 0.19355534418294912,
        "nauc_precision_at_20_std": -0.12553182099809615,
        "nauc_precision_at_3_diff1": 0.5261635655543757,
        "nauc_precision_at_3_max": 0.1868883117187507,
        "nauc_precision_at_3_std": -0.25820762254197543,
        "nauc_precision_at_5_diff1": 0.4988358802996499,
        "nauc_precision_at_5_max": 0.1803518200366893,
        "nauc_precision_at_5_std": -0.24411512286886447,
        "nauc_recall_at_1000_diff1": 0.4542784209534829,
        "nauc_recall_at_1000_max": 0.39777914026842837,
        "nauc_recall_at_1000_std": 0.7109706543561618,
        "nauc_recall_at_100_diff1": 0.4620632515868395,
        "nauc_recall_at_100_max": 0.27545337201028136,
        "nauc_recall_at_100_std": 0.28342759498956954,
        "nauc_recall_at_10_diff1": 0.47963440891640496,
        "nauc_recall_at_10_max": 0.18189150051247593,
        "nauc_recall_at_10_std": -0.1970832579965591,
        "nauc_recall_at_1_diff1": 0.6342228743710341,
        "nauc_recall_at_1_max": 0.21435997751199487,
        "nauc_recall_at_1_std": -0.25136983402768126,
        "nauc_recall_at_20_diff1": 0.46938267917155446,
        "nauc_recall_at_20_max": 0.19355534418294976,
        "nauc_recall_at_20_std": -0.12553182099809454,
        "nauc_recall_at_3_diff1": 0.5261635655543755,
        "nauc_recall_at_3_max": 0.18688831171875048,
        "nauc_recall_at_3_std": -0.2582076225419766,
        "nauc_recall_at_5_diff1": 0.4988358802996502,
        "nauc_recall_at_5_max": 0.18035182003668948,
        "nauc_recall_at_5_std": -0.24411512286886447,
        "ndcg_at_1": 0.44679,
        "ndcg_at_10": 0.61457,
        "ndcg_at_100": 0.65116,