{
  "dataset_revision": "f9e25d5b6e13e1ad9f5c3cce202565031b3ab164",
  "evaluation_time": 48.53279638290405,
  "kg_co2_emissions": null,
  "mteb_version": "1.16.5",
  "scores": {
    "test": [
      {
        "cv_recall_at_1": 0.14,
        "cv_recall_at_10": 0.31,
        "cv_recall_at_100": 0.66,
        "cv_recall_at_1000": 1.0,
        "cv_recall_at_20": 0.39,
        "cv_recall_at_3": 0.21,
        "cv_recall_at_5": 0.26,
        "hf_subset": "default",
        "languages": [
          "eng-Latn"
        ],
        "main_score": 0.20395,
        "map_at_1": 0.14,
        "map_at_10": 0.19161,
        "map_at_100": 0.20318,
        "map_at_1000": 0.20489,
        "map_at_20": 0.197,
        "map_at_3": 0.175,
        "map_at_5": 0.1855,
        "mrr_at_1": 0.14,
        "mrr_at_10": 0.19160714285714284,
        "mrr_at_100": 0.2031765812862211,
        "mrr_at_1000": 0.20488973980152164,
        "mrr_at_20": 0.19699877899877902,
        "mrr_at_3": 0.175,
        "mrr_at_5": 0.1855,
        "nauc_cv_recall_at_1000_diff1": NaN,
        "nauc_cv_recall_at_1000_max": NaN,
        "nauc_cv_recall_at_1000_std": NaN,
        "nauc_cv_recall_at_100_diff1": 0.07419761691393645,
        "nauc_cv_recall_at_100_max": 0.10196156526934144,
        "nauc_cv_recall_at_100_std": 0.01757442995120959,
        "nauc_cv_recall_at_10_diff1": 0.24327413044355117,
        "nauc_cv_recall_at_10_max": 0.11604393831426366,
        "nauc_cv_recall_at_10_std": 0.03570996410180559,
        "nauc_cv_recall_at_1_diff1": 0.5160592303449446,
        "nauc_cv_recall_at_1_max": 0.30881666595952306,
        "nauc_cv_recall_at_1_std": -0.004624718910433394,
        "nauc_cv_recall_at_20_diff1": 0.1911709544319844,
        "nauc_cv_recall_at_20_max": 0.2022298966538615,
        "nauc_cv_recall_at_20_std": 0.07062201699584807,
        "nauc_cv_recall_at_3_diff1": 0.3919901182954059,
        "nauc_cv_recall_at_3_max": 0.16415665035551977,
        "nauc_cv_recall_at_3_std": -0.04079370358053429,
        "nauc_cv_recall_at_5_diff1": 0.3144748634037756,
        "nauc_cv_recall_at_5_max": 0.08779740394900407,
        "nauc_cv_recall_at_5_std": -0.03989477031597809,
        "nauc_map_at_1000_diff1": 0.4002677847812122,
        "nauc_map_at_1000_max": 0.2101787014200671,
        "nauc_map_at_1000_std": -0.01379371759588628,
        "nauc_map_at_100_diff1": 0.39895394700022124,
        "nauc_map_at_100_max": 0.21011253212338898,
        "nauc_map_at_100_std": -0.013382275438640952,
        "nauc_map_at_10_diff1": 0.4088320956136501,
        "nauc_map_at_10_max": 0.20707914531781468,
        "nauc_map_at_10_std": -0.01415484832392261,
        "nauc_map_at_1_diff1": 0.5160592303449446,
        "nauc_map_at_1_max": 0.30881666595952306,
        "nauc_map_at_1_std": -0.004624718910433394,
        "nauc_map_at_20_diff1": 0.40250688778550564,
        "nauc_map_at_20_max": 0.21344325125686406,
        "nauc_map_at_20_std": -0.010878414384242049,
        "nauc_map_at_3_diff1": 0.44501972163032155,
        "nauc_map_at_3_max": 0.22598721494310206,
        "nauc_map_at_3_std": -0.025334360973840512,
        "nauc_map_at_5_diff1": 0.42249713480890283,
        "nauc_map_at_5_max": 0.20432158568051514,
        "nauc_map_at_5_std": -0.025650662074088143,
        "nauc_mrr_at_1000_diff1": 0.4002677847812122,
        "nauc_mrr_at_1000_max": 0.2101787014200671,
        "nauc_mrr_at_1000_std": -0.01379371759588628,
        "nauc_mrr_at_100_diff1": 0.39895394700022124,
        "nauc_mrr_at_100_max": 0.21011253212338898,
        "nauc_mrr_at_100_std": -0.013382275438640952,
        "nauc_mrr_at_10_diff1": 0.4088320956136501,
        "nauc_mrr_at_10_max": 0.20707914531781468,
        "nauc_mrr_at_10_std": -0.01415484832392261,
        "nauc_mrr_at_1_diff1": 0.5160592303449446,
        "nauc_mrr_at_1_max": 0.30881666595952306,
        "nauc_mrr_at_1_std": -0.004624718910433394,
        "nauc_mrr_at_20_diff1": 0.40250688778550564,
        "nauc_mrr_at_20_max": 0.21344325125686406,
        "nauc_mrr_at_20_std": -0.010878414384242049,
        "nauc_mrr_at_3_diff1": 0.44501972163032155,
        "nauc_mrr_at_3_max": 0.22598721494310206,
        "nauc_mrr_at_3_std": -0.025334360973840512,
        "nauc_mrr_at_5_diff1": 0.42249713480890283,
        "nauc_mrr_at_5_max": 0.20432158568051514,
        "nauc_mrr_at_5_std": -0.025650662074088143,
        "nauc_ndcg_at_1000_diff1": 0.359737935771566,
        "nauc_ndcg_at_1000_max": 0.19348519469338504,
        "nauc_ndcg_at_1000_std": -0.00875098231621754,
        "nauc_ndcg_at_100_diff1": 0.3249806694652229,
        "nauc_ndcg_at_100_max": 0.1835195861298862,
        "nauc_ndcg_at_100_std": -0.004686528560691559,
        "nauc_ndcg_at_10_diff1": 0.3613776855989179,
        "nauc_ndcg_at_10_max": 0.17889402810678168,
        "nauc_ndcg_at_10_std": -0.0019564828504791795,
        "nauc_ndcg_at_1_diff1": 0.5160592303449446,
        "nauc_ndcg_at_1_max": 0.30881666595952306,
        "nauc_ndcg_at_1_std": -0.004624718910433394,
        "nauc_ndcg_at_20_diff1": 0.34248468476709404,
        "nauc_ndcg_at_20_max": 0.20371115437657444,
        "nauc_ndcg_at_20_std": 0.00933390459448406,
        "nauc_ndcg_at_3_diff1": 0.4297000029418027,
        "nauc_ndcg_at_3_max": 0.20812498712571267,
        "nauc_ndcg_at_3_std": -0.02980040946279929,
        "nauc_ndcg_at_5_diff1": 0.39147514541582096,
        "nauc_ndcg_at_5_max": 0.17080782947689643,
        "nauc_ndcg_at_5_std": -0.029994226193641216,
        "nauc_precision_at_1000_diff1": NaN,
        "nauc_precision_at_1000_max": NaN,
        "nauc_precision_at_1000_std": NaN,
        "nauc_precision_at_100_diff1": 0.0741976169139366,
        "nauc_precision_at_100_max": 0.1019615652693415,
        "nauc_precision_at_100_std": 0.0175744299512098,
        "nauc_precision_at_10_diff1": 0.24327413044355092,
        "nauc_precision_at_10_max": 0.11604393831426352,
        "nauc_precision_at_10_std": 0.03570996410180547,
        "nauc_precision_at_1_diff1": 0.5160592303449446,
        "nauc_precision_at_1_max": 0.30881666595952306,
        "nauc_precision_at_1_std": -0.004624718910433394,
        "nauc_precision_at_20_diff1": 0.19117095443198426,
        "nauc_precision_at_20_max": 0.20222989665386137,
        "nauc_precision_at_20_std": 0.07062201699584773,
        "nauc_precision_at_3_diff1": 0.391990118295406,
        "nauc_precision_at_3_max": 0.16415665035551957,
        "nauc_precision_at_3_std": -0.04079370358053415,
        "nauc_precision_at_5_diff1": 0.3144748634037755,
        "nauc_precision_at_5_max": 0.08779740394900405,
        "nauc_precision_at_5_std": -0.03989477031597808,
        "nauc_recall_at_1000_diff1": NaN,
        "nauc_recall_at_1000_max": NaN,
        "nauc_recall_at_1000_std": NaN,
        "nauc_recall_at_100_diff1": 0.07419761691393645,
        "nauc_recall_at_100_max": 0.10196156526934144,
        "nauc_recall_at_100_std": 0.01757442995120959,
        "nauc_recall_at_10_diff1": 0.24327413044355117,
        "nauc_recall_at_10_max": 0.11604393831426366,
        "nauc_recall_at_10_std": 0.03570996410180559,
        "nauc_recall_at_1_diff1": 0.5160592303449446,
        "nauc_recall_at_1_max": 0.30881666595952306,
        "nauc_recall_at_1_std": -0.004624718910433394,
        "nauc_recall_at_20_diff1": 0.1911709544319844,
        "nauc_recall_at_20_max": 0.2022298966538615,
        "nauc_recall_at_20_std": 0.07062201699584807,
        "nauc_recall_at_3_diff1": 0.3919901182954059,
        "nauc_recall_at_3_max": 0.16415665035551977,
        "nauc_recall_at_3_std": -0.04079370358053429,
        "nauc_recall_at_5_diff1": 0.3144748634037756,
        "nauc_recall_at_5_max": 0.08779740394900407,
        "nauc_recall_at_5_std": -0.03989477031597809,
        "ndcg_at_1": 0.14,
        "ndcg_at_10": 0.21955,
        "ndcg_at_100": 0.28826,
        "ndcg_at_1000": 0.33182,
        "ndcg_at_20": 0.23959,
        "ndcg_at_3": 0.18417,
        "ndcg_at_5": 0.20395,
        "precision_at_1": 0.14,
        "precision_at_10": 0.031,