{
  "dataset_revision": "359b66f11c25d19bc8f7108d98e660a5857f3d26",
  "evaluation_time": 39.251827239990234,
  "kg_co2_emissions": 0.0025109010051505946,
  "mteb_version": "1.14.15",
  "scores": {
    "test": [
      {
        "cv_recall_at_1": 0.36816,
        "cv_recall_at_10": 0.64925,
        "cv_recall_at_100": 0.8806,
        "cv_recall_at_1000": 1.0,
        "cv_recall_at_20": 0.70896,
        "cv_recall_at_3": 0.52488,
        "cv_recall_at_5": 0.56965,
        "hf_subset": "default",
        "languages": [
          "eng-Latn"
        ],
        "main_score": 0.50324,
        "map_at_1": 0.36816,
        "map_at_10": 0.45708,
        "map_at_100": 0.46548,
        "map_at_1000": 0.46609,
        "map_at_20": 0.46155,
        "map_at_3": 0.43574,
        "map_at_5": 0.44606,
        "mrr_at_1": 0.3681592039800995,
        "mrr_at_10": 0.4570846165995422,
        "mrr_at_100": 0.4654754904519439,
        "mrr_at_1000": 0.46609468497721435,
        "mrr_at_20": 0.461550526440377,
        "mrr_at_3": 0.4357379767827531,
        "mrr_at_5": 0.44606135986733014,
        "nauc_cv_recall_at_1000_diff1": NaN,
        "nauc_cv_recall_at_1000_max": NaN,
        "nauc_cv_recall_at_1000_std": NaN,
        "nauc_cv_recall_at_100_diff1": 0.2345750464207043,
        "nauc_cv_recall_at_100_max": 0.46455949932555984,
        "nauc_cv_recall_at_100_std": 0.7667054391217593,
        "nauc_cv_recall_at_10_diff1": 0.3003259070451595,
        "nauc_cv_recall_at_10_max": 0.5436353378931835,
        "nauc_cv_recall_at_10_std": 0.5883006725033417,
        "nauc_cv_recall_at_1_diff1": 0.35000912463428885,
        "nauc_cv_recall_at_1_max": 0.4802207347384075,
        "nauc_cv_recall_at_1_std": 0.2535999415288509,
        "nauc_cv_recall_at_20_diff1": 0.2216762475810558,
        "nauc_cv_recall_at_20_max": 0.5104598667167238,
        "nauc_cv_recall_at_20_std": 0.6629420435966004,
        "nauc_cv_recall_at_3_diff1": 0.31612026974122454,
        "nauc_cv_recall_at_3_max": 0.5765354535633194,
        "nauc_cv_recall_at_3_std": 0.45301470461765075,
        "nauc_cv_recall_at_5_diff1": 0.3067360443292302,
        "nauc_cv_recall_at_5_max": 0.5621535657075067,
        "nauc_cv_recall_at_5_std": 0.5088414265098422,
        "nauc_map_at_1000_diff1": 0.32969435527390184,
        "nauc_map_at_1000_max": 0.5140435844752668,
        "nauc_map_at_1000_std": 0.35385598482533537,
        "nauc_map_at_100_diff1": 0.3296715803575518,
        "nauc_map_at_100_max": 0.513955611992962,
        "nauc_map_at_100_std": 0.3544854453736857,
        "nauc_map_at_10_diff1": 0.3329493526250278,
        "nauc_map_at_10_max": 0.5162278702650106,
        "nauc_map_at_10_std": 0.3529726832869277,
        "nauc_map_at_1_diff1": 0.35000912463428885,
        "nauc_map_at_1_max": 0.4802207347384075,
        "nauc_map_at_1_std": 0.2535999415288509,
        "nauc_map_at_20_diff1": 0.3286950623761787,
        "nauc_map_at_20_max": 0.5143651586315725,
        "nauc_map_at_20_std": 0.35582748963559396,
        "nauc_map_at_3_diff1": 0.33537966097314675,
        "nauc_map_at_3_max": 0.5228171267816745,
        "nauc_map_at_3_std": 0.33593813996396177,
        "nauc_map_at_5_diff1": 0.33367275581411365,
        "nauc_map_at_5_max": 0.5195024598201715,
        "nauc_map_at_5_std": 0.347052239084604,
        "nauc_mrr_at_1000_diff1": 0.32969435527390184,
        "nauc_mrr_at_1000_max": 0.5140435844752668,
        "nauc_mrr_at_1000_std": 0.35385598482533537,
        "nauc_mrr_at_100_diff1": 0.3296715803575518,
        "nauc_mrr_at_100_max": 0.513955611992962,
        "nauc_mrr_at_100_std": 0.3544854453736857,
        "nauc_mrr_at_10_diff1": 0.3329493526250278,
        "nauc_mrr_at_10_max": 0.5162278702650106,
        "nauc_mrr_at_10_std": 0.3529726832869277,
        "nauc_mrr_at_1_diff1": 0.35000912463428885,
        "nauc_mrr_at_1_max": 0.4802207347384075,
        "nauc_mrr_at_1_std": 0.2535999415288509,
        "nauc_mrr_at_20_diff1": 0.3286950623761787,
        "nauc_mrr_at_20_max": 0.5143651586315725,
        "nauc_mrr_at_20_std": 0.35582748963559396,
        "nauc_mrr_at_3_diff1": 0.33537966097314675,
        "nauc_mrr_at_3_max": 0.5228171267816745,
        "nauc_mrr_at_3_std": 0.33593813996396177,
        "nauc_mrr_at_5_diff1": 0.33367275581411365,
        "nauc_mrr_at_5_max": 0.5195024598201715,
        "nauc_mrr_at_5_std": 0.347052239084604,
        "nauc_ndcg_at_1000_diff1": 0.3218079308225925,
        "nauc_ndcg_at_1000_max": 0.515820746232514,
        "nauc_ndcg_at_1000_std": 0.3831187699963985,
        "nauc_ndcg_at_100_diff1": 0.31818965624184875,
        "nauc_ndcg_at_100_max": 0.5131687243152747,
        "nauc_ndcg_at_100_std": 0.401933573256262,
        "nauc_ndcg_at_10_diff1": 0.325776245049141,
        "nauc_ndcg_at_10_max": 0.5232705229411424,
        "nauc_ndcg_at_10_std": 0.402968018004497,
        "nauc_ndcg_at_1_diff1": 0.35000912463428885,
        "nauc_ndcg_at_1_max": 0.4802207347384075,
        "nauc_ndcg_at_1_std": 0.2535999415288509,
        "nauc_ndcg_at_20_diff1": 0.31026555187678523,
        "nauc_ndcg_at_20_max": 0.5161564227686354,
        "nauc_ndcg_at_20_std": 0.4136531699491549,
        "nauc_ndcg_at_3_diff1": 0.33053747300961156,
        "nauc_ndcg_at_3_max": 0.5363664434659237,
        "nauc_ndcg_at_3_std": 0.36521349955685495,
        "nauc_ndcg_at_5_diff1": 0.3272274349685676,
        "nauc_ndcg_at_5_max": 0.5302532820382709,
        "nauc_ndcg_at_5_std": 0.3857438113124012,
        "nauc_precision_at_1000_diff1": NaN,
        "nauc_precision_at_1000_max": NaN,
        "nauc_precision_at_1000_std": NaN,
        "nauc_precision_at_100_diff1": 0.23457504642070523,
        "nauc_precision_at_100_max": 0.46455949932555995,
        "nauc_precision_at_100_std": 0.766705439121761,
        "nauc_precision_at_10_diff1": 0.30032590704516016,
        "nauc_precision_at_10_max": 0.5436353378931835,
        "nauc_precision_at_10_std": 0.5883006725033424,
        "nauc_precision_at_1_diff1": 0.35000912463428885,
        "nauc_precision_at_1_max": 0.4802207347384075,
        "nauc_precision_at_1_std": 0.2535999415288509,
        "nauc_precision_at_20_diff1": 0.22167624758105547,
        "nauc_precision_at_20_max": 0.510459866716723,
        "nauc_precision_at_20_std": 0.6629420435966007,
        "nauc_precision_at_3_diff1": 0.316120269741224,
        "nauc_precision_at_3_max": 0.5765354535633191,
        "nauc_precision_at_3_std": 0.45301470461765064,
        "nauc_precision_at_5_diff1": 0.30673604432923013,
        "nauc_precision_at_5_max": 0.5621535657075069,
        "nauc_precision_at_5_std": 0.5088414265098423,
        "nauc_recall_at_1000_diff1": NaN,
        "nauc_recall_at_1000_max": NaN,
        "nauc_recall_at_1000_std": NaN,
        "nauc_recall_at_100_diff1": 0.2345750464207043,
        "nauc_recall_at_100_max": 0.46455949932555984,
        "nauc_recall_at_100_std": 0.7667054391217593,
        "nauc_recall_at_10_diff1": 0.3003259070451595,
        "nauc_recall_at_10_max": 0.5436353378931835,
        "nauc_recall_at_10_std": 0.5883006725033417,
        "nauc_recall_at_1_diff1": 0.35000912463428885,
        "nauc_recall_at_1_max": 0.4802207347384075,
        "nauc_recall_at_1_std": 0.2535999415288509,
        "nauc_recall_at_20_diff1": 0.2216762475810558,
        "nauc_recall_at_20_max": 0.5104598667167238,
        "nauc_recall_at_20_std": 0.6629420435966004,
        "nauc_recall_at_3_diff1": 0.31612026974122454,
        "nauc_recall_at_3_max": 0.5765354535633194,
        "nauc_recall_at_3_std": 0.45301470461765075,
        "nauc_recall_at_5_diff1": 0.3067360443292302,
        "nauc_recall_at_5_max": 0.5621535657075067,
        "nauc_recall_at_5_std": 0.5088414265098422,
        "ndcg_at_1": 0.36816,
        "ndcg_at_10": 0.50324,
        "ndcg_at_100": 0.54969,
        "ndcg_at_1000": 0.56512,
        "ndcg_at_20": 0.51873,
        "ndcg_at_3": 0.45857,
        "ndcg_at_5": 0.47709,
        "precision_at_1": 0.36816,
        "precision_at_10": 0.06493,