{
  "dataset_revision": "cdb15b61d84d56db73e0e59535dfea81ea3c22f4",
  "evaluation_time": 180.34238862991333,
  "kg_co2_emissions": 0.01271935654209392,
  "mteb_version": "1.14.15",
  "scores": {
    "test": [
      {
        "cv_recall_at_1": 0.92109,
        "cv_recall_at_10": 0.98422,
        "cv_recall_at_100": 0.99283,
        "cv_recall_at_1000": 1.0,
        "cv_recall_at_20": 0.98709,
        "cv_recall_at_3": 0.96844,
        "cv_recall_at_5": 0.97561,
        "hf_subset": "default",
        "languages": [
          "eng-Latn"
        ],
        "main_score": 0.95477,
        "map_at_1": 0.91966,
        "map_at_10": 0.94506,
        "map_at_100": 0.94539,
        "map_at_1000": 0.94542,
        "map_at_20": 0.94524,
        "map_at_3": 0.94237,
        "map_at_5": 0.94388,
        "mrr_at_1": 0.921090387374462,
        "mrr_at_10": 0.946011819361891,
        "mrr_at_100": 0.9463471781290779,
        "mrr_at_1000": 0.9463749933816563,
        "mrr_at_20": 0.9461918626848158,
        "mrr_at_3": 0.9433285509325682,
        "mrr_at_5": 0.9448350071736012,
        "nauc_cv_recall_at_1000_diff1": NaN,
        "nauc_cv_recall_at_1000_max": NaN,
        "nauc_cv_recall_at_1000_std": NaN,
        "nauc_cv_recall_at_100_diff1": 0.9476874003189741,
        "nauc_cv_recall_at_100_max": 0.8585338620978399,
        "nauc_cv_recall_at_100_std": 0.8716120120180918,
        "nauc_cv_recall_at_10_diff1": 0.9643323183992965,
        "nauc_cv_recall_at_10_max": 0.8951728744894034,
        "nauc_cv_recall_at_10_std": 0.8595051928886998,
        "nauc_cv_recall_at_1_diff1": 0.95602264347441,
        "nauc_cv_recall_at_1_max": 0.4334202574381255,
        "nauc_cv_recall_at_1_std": 0.3349512809586916,
        "nauc_cv_recall_at_20_diff1": 0.9709374446216523,
        "nauc_cv_recall_at_20_max": 0.9214077011654564,
        "nauc_cv_recall_at_20_std": 0.9141420623208721,
        "nauc_cv_recall_at_3_diff1": 0.9643323183993047,
        "nauc_cv_recall_at_3_max": 0.8629517757129734,
        "nauc_cv_recall_at_3_std": 0.7263208572691428,
        "nauc_cv_recall_at_5_diff1": 0.961534853175719,
        "nauc_cv_recall_at_5_max": 0.881918677932631,
        "nauc_cv_recall_at_5_std": 0.8473000457907824,
        "nauc_map_at_1000_diff1": 0.9581153339892113,
        "nauc_map_at_1000_max": 0.5417292407243346,
        "nauc_map_at_1000_std": 0.433592710402909,
        "nauc_map_at_100_diff1": 0.9581098160210396,
        "nauc_map_at_100_max": 0.54191382571789,
        "nauc_map_at_100_std": 0.43375440296719714,
        "nauc_map_at_10_diff1": 0.9581378305650755,
        "nauc_map_at_10_max": 0.5440250866044645,
        "nauc_map_at_10_std": 0.4359426298653719,
        "nauc_map_at_1_diff1": 0.9568079534123686,
        "nauc_map_at_1_max": 0.4355776154998435,
        "nauc_map_at_1_std": 0.3353639377289017,
        "nauc_map_at_20_diff1": 0.9582286188692257,
        "nauc_map_at_20_max": 0.5432129831110812,
        "nauc_map_at_20_std": 0.4353059221641007,
        "nauc_map_at_3_diff1": 0.9584280198514896,
        "nauc_map_at_3_max": 0.5570375256528929,
        "nauc_map_at_3_std": 0.4413385010860576,
        "nauc_map_at_5_diff1": 0.9579807864646434,
        "nauc_map_at_5_max": 0.5504665201666428,
        "nauc_map_at_5_std": 0.44385440589674424,
        "nauc_mrr_at_1000_diff1": 0.9573682599227962,
        "nauc_mrr_at_1000_max": 0.5434286850033221,
        "nauc_mrr_at_1000_std": 0.43598764553959846,
        "nauc_mrr_at_100_diff1": 0.9573630308905327,
        "nauc_mrr_at_100_max": 0.5436156795888899,
        "nauc_mrr_at_100_std": 0.4361509790241556,
        "nauc_mrr_at_10_diff1": 0.9573961805640138,
        "nauc_mrr_at_10_max": 0.5457537731544418,
        "nauc_mrr_at_10_std": 0.4383630867568256,
        "nauc_mrr_at_1_diff1": 0.95602264347441,
        "nauc_mrr_at_1_max": 0.4334202574381255,
        "nauc_mrr_at_1_std": 0.3349512809586916,
        "nauc_mrr_at_20_diff1": 0.9574861011198635,
        "nauc_mrr_at_20_max": 0.5449330181368458,
        "nauc_mrr_at_20_std": 0.43772316000381795,
        "nauc_mrr_at_3_diff1": 0.9577263830557342,
        "nauc_mrr_at_3_max": 0.5589039819224926,
        "nauc_mrr_at_3_std": 0.44373542422546414,
        "nauc_mrr_at_5_diff1": 0.9572522348645482,
        "nauc_mrr_at_5_max": 0.5522700143753569,
        "nauc_mrr_at_5_std": 0.44636040677789907,
        "nauc_ndcg_at_1000_diff1": 0.9583480020452385,
        "nauc_ndcg_at_1000_max": 0.5591947353442929,
        "nauc_ndcg_at_1000_std": 0.4539225128715908,
        "nauc_ndcg_at_100_diff1": 0.9581280932054647,
        "nauc_ndcg_at_100_max": 0.565413715463528,
        "nauc_ndcg_at_100_std": 0.46190140028989213,
        "nauc_ndcg_at_10_diff1": 0.9587487900864485,
        "nauc_ndcg_at_10_max": 0.5792289323824584,
        "nauc_ndcg_at_10_std": 0.47659413680129575,
        "nauc_ndcg_at_1_diff1": 0.9568079534123686,
        "nauc_ndcg_at_1_max": 0.4355776154998435,
        "nauc_ndcg_at_1_std": 0.3353639377289017,
        "nauc_ndcg_at_20_diff1": 0.9591512231799101,
        "nauc_ndcg_at_20_max": 0.5760327268300915,
        "nauc_ndcg_at_20_std": 0.47434740530748887,
        "nauc_ndcg_at_3_diff1": 0.9593609151029066,
        "nauc_ndcg_at_3_max": 0.6067780757717512,
        "nauc_ndcg_at_3_std": 0.4874068923411341,
        "nauc_ndcg_at_5_diff1": 0.9584711770711899,
        "nauc_ndcg_at_5_max": 0.5953624490732077,
        "nauc_ndcg_at_5_std": 0.49669511434967284,
        "nauc_precision_at_1000_diff1": 1.0,
        "nauc_precision_at_1000_max": 1.0,
        "nauc_precision_at_1000_std": 1.0,
        "nauc_precision_at_100_diff1": 0.9476874003189741,
        "nauc_precision_at_100_max": 0.8585338620978182,
        "nauc_precision_at_100_std": 0.8716120120180747,
        "nauc_precision_at_10_diff1": 0.9643323183993006,
        "nauc_precision_at_10_max": 0.8951728744893972,
        "nauc_precision_at_10_std": 0.8595051928887081,
        "nauc_precision_at_1_diff1": 0.9568079534123686,
        "nauc_precision_at_1_max": 0.4355776154998435,
        "nauc_precision_at_1_std": 0.3353639377289017,
        "nauc_precision_at_20_diff1": 0.970937444621652,
        "nauc_precision_at_20_max": 0.9214077011654758,
        "nauc_precision_at_20_std": 0.914142062320876,
        "nauc_precision_at_3_diff1": 0.9643323183993004,
        "nauc_precision_at_3_max": 0.8629517757129771,
        "nauc_precision_at_3_std": 0.7263208572691459,
        "nauc_precision_at_5_diff1": 0.9615348531757225,
        "nauc_precision_at_5_max": 0.8819186779326335,
        "nauc_precision_at_5_std": 0.8473000457907844,
        "nauc_recall_at_1000_diff1": NaN,
        "nauc_recall_at_1000_max": NaN,
        "nauc_recall_at_1000_std": NaN,
        "nauc_recall_at_100_diff1": 0.9476874003189741,
        "nauc_recall_at_100_max": 0.8585338620978399,
        "nauc_recall_at_100_std": 0.8716120120180918,
        "nauc_recall_at_10_diff1": 0.9643323183992965,
        "nauc_recall_at_10_max": 0.8951728744894034,
        "nauc_recall_at_10_std": 0.8595051928886998,
        "nauc_recall_at_1_diff1": 0.9568079534123686,
        "nauc_recall_at_1_max": 0.4355776154998435,
        "nauc_recall_at_1_std": 0.3353639377289017,
        "nauc_recall_at_20_diff1": 0.9709374446216523,
        "nauc_recall_at_20_max": 0.9214077011654564,
        "nauc_recall_at_20_std": 0.9141420623208721,
        "nauc_recall_at_3_diff1": 0.9643323183993047,
        "nauc_recall_at_3_max": 0.8629517757129734,
        "nauc_recall_at_3_std": 0.7263208572691428,
        "nauc_recall_at_5_diff1": 0.961534853175719,
        "nauc_recall_at_5_max": 0.881918677932631,
        "nauc_recall_at_5_std": 0.8473000457907824,
        "ndcg_at_1": 0.91966,
        "ndcg_at_10": 0.95477,
        "ndcg_at_100": 0.95656,
        "ndcg_at_1000": 0.95743,
        "ndcg_at_20": 0.95547,
        "ndcg_at_3": 0.94912,
        "ndcg_at_5": 0.95196,
        "precision_at_1": 0.91966,
        "precision_at_10": 0.09842,
        "precision_at_100": 0.00993,