{
  "dataset_revision": "350d14b7258189654e26a2be93dc0bd6bee09b76",
  "evaluation_time": 9650.882316112518,
  "kg_co2_emissions": 0.7183002691546554,
  "mteb_version": "1.14.15",
  "scores": {
    "test": [
      {
        "cv_recall_at_1": 0.27122,
        "cv_recall_at_10": 0.49074,
        "cv_recall_at_100": 0.6682,
        "cv_recall_at_1000": 0.82423,
        "cv_recall_at_20": 0.54847,
        "cv_recall_at_3": 0.38702,
        "cv_recall_at_5": 0.43192,
        "hf_subset": "default",
        "languages": [
          "eng-Latn"
        ],
        "main_score": 0.1259,
        "map_at_1": 0.04843,
        "map_at_10": 0.06326,
        "map_at_100": 0.06483,
        "map_at_1000": 0.06497,
        "map_at_20": 0.06417,
        "map_at_3": 0.05891,
        "map_at_5": 0.06143,
        "mrr_at_1": 0.2712163353910861,
        "mrr_at_10": 0.34073550931803387,
        "mrr_at_100": 0.3477422384109499,
        "mrr_at_1000": 0.3483789025239342,
        "mrr_at_20": 0.34477667171013704,
        "mrr_at_3": 0.3226149288831608,
        "mrr_at_5": 0.3328584673133873,
        "nauc_cv_recall_at_1000_diff1": 0.35253491176826535,
        "nauc_cv_recall_at_1000_max": 0.3020069525366935,
        "nauc_cv_recall_at_1000_std": 0.4912972074674969,
        "nauc_cv_recall_at_100_diff1": 0.38917984202394795,
        "nauc_cv_recall_at_100_max": 0.27815190283753133,
        "nauc_cv_recall_at_100_std": 0.3695077684218631,
        "nauc_cv_recall_at_10_diff1": 0.4264425728676345,
        "nauc_cv_recall_at_10_max": 0.27440278483625646,
        "nauc_cv_recall_at_10_std": 0.21826594431591984,
        "nauc_cv_recall_at_1_diff1": 0.579638648445699,
        "nauc_cv_recall_at_1_max": 0.3188136611723682,
        "nauc_cv_recall_at_1_std": 0.14554674974916168,
        "nauc_cv_recall_at_20_diff1": 0.4133434130035414,
        "nauc_cv_recall_at_20_max": 0.27222770673726215,
        "nauc_cv_recall_at_20_std": 0.2681973396316548,
        "nauc_cv_recall_at_3_diff1": 0.4770843421754882,
        "nauc_cv_recall_at_3_max": 0.3000446819409477,
        "nauc_cv_recall_at_3_std": 0.1811484985828708,
        "nauc_cv_recall_at_5_diff1": 0.45289868734084116,
        "nauc_cv_recall_at_5_max": 0.2868393800558554,
        "nauc_cv_recall_at_5_std": 0.19163861963446166,
        "nauc_map_at_1000_diff1": 0.2807507752065224,
        "nauc_map_at_1000_max": 0.07354306158259277,
        "nauc_map_at_1000_std": -7.804464869159541e-05,
        "nauc_map_at_100_diff1": 0.28097191092086427,
        "nauc_map_at_100_max": 0.07378869611399855,
        "nauc_map_at_100_std": 1.4773429194106827e-05,
        "nauc_map_at_10_diff1": 0.28437608283304494,
        "nauc_map_at_10_max": 0.07620029472805968,
        "nauc_map_at_10_std": -0.003104846194060192,
        "nauc_map_at_1_diff1": 0.3634363633095513,
        "nauc_map_at_1_max": 0.09567047477098127,
        "nauc_map_at_1_std": -0.011035837444051589,
        "nauc_map_at_20_diff1": 0.2822375914690326,
        "nauc_map_at_20_max": 0.07487235706259034,
        "nauc_map_at_20_std": -0.0010613798088698727,
        "nauc_map_at_3_diff1": 0.30224198064369867,
        "nauc_map_at_3_max": 0.0825002708381027,
        "nauc_map_at_3_std": -0.0049210239655863705,
        "nauc_map_at_5_diff1": 0.29033924558086743,
        "nauc_map_at_5_max": 0.07819652513896691,
        "nauc_map_at_5_std": -0.004559817132932923,
        "nauc_mrr_at_1000_diff1": 0.5209081856895413,
        "nauc_mrr_at_1000_max": 0.30664009046824514,
        "nauc_mrr_at_1000_std": 0.17373598427260345,
        "nauc_mrr_at_100_diff1": 0.5208541939193361,
        "nauc_mrr_at_100_max": 0.30656273996463623,
        "nauc_mrr_at_100_std": 0.17367097301333143,
        "nauc_mrr_at_10_diff1": 0.521549528220944,
        "nauc_mrr_at_10_max": 0.3063584941860119,
        "nauc_mrr_at_10_std": 0.16872345101328656,
        "nauc_mrr_at_1_diff1": 0.579638648445699,
        "nauc_mrr_at_1_max": 0.3188136611723682,
        "nauc_mrr_at_1_std": 0.14554674974916168,
        "nauc_mrr_at_20_diff1": 0.5209583855397105,
        "nauc_mrr_at_20_max": 0.30631418912699226,
        "nauc_mrr_at_20_std": 0.1719819065810069,
        "nauc_mrr_at_3_diff1": 0.5309380659715774,
        "nauc_mrr_at_3_max": 0.31152241132852126,
        "nauc_mrr_at_3_std": 0.1628525781909345,
        "nauc_mrr_at_5_diff1": 0.5250803405965812,
        "nauc_mrr_at_5_max": 0.30814270956690143,
        "nauc_mrr_at_5_std": 0.16518444854330125,
        "nauc_ndcg_at_1000_diff1": 0.2773158416399918,
        "nauc_ndcg_at_1000_max": 0.09576537108932627,
        "nauc_ndcg_at_1000_std": 0.05035880643087716,
        "nauc_ndcg_at_100_diff1": 0.2857075429076799,
        "nauc_ndcg_at_100_max": 0.10322610667964251,
        "nauc_ndcg_at_100_std": 0.05489012421249398,
        "nauc_ndcg_at_10_diff1": 0.3725922502548988,
        "nauc_ndcg_at_10_max": 0.17695269356430327,
        "nauc_ndcg_at_10_std": 0.08235687564356389,
        "nauc_ndcg_at_1_diff1": 0.579638648445699,
        "nauc_ndcg_at_1_max": 0.3188136611723682,
        "nauc_ndcg_at_1_std": 0.14554674974916168,
        "nauc_ndcg_at_20_diff1": 0.323196423470399,
        "nauc_ndcg_at_20_max": 0.13566864682395238,
        "nauc_ndcg_at_20_std": 0.06295548430981027,
        "nauc_ndcg_at_3_diff1": 0.48229242724406335,
        "nauc_ndcg_at_3_max": 0.2692245252075131,
        "nauc_ndcg_at_3_std": 0.1369807899707862,
        "nauc_ndcg_at_5_diff1": 0.4380685878184084,
        "nauc_ndcg_at_5_max": 0.23040822831021426,
        "nauc_ndcg_at_5_std": 0.11438973857093618,
        "nauc_precision_at_1000_diff1": 0.3525349117682636,
        "nauc_precision_at_1000_max": 0.3020069525366906,
        "nauc_precision_at_1000_std": 0.49129720746749395,
        "nauc_precision_at_100_diff1": 0.3891798420239481,
        "nauc_precision_at_100_max": 0.27815190283753216,
        "nauc_precision_at_100_std": 0.36950776842186367,
        "nauc_precision_at_10_diff1": 0.42644257286763426,
        "nauc_precision_at_10_max": 0.2744027848362562,
        "nauc_precision_at_10_std": 0.21826594431592006,
        "nauc_precision_at_1_diff1": 0.579638648445699,
        "nauc_precision_at_1_max": 0.3188136611723682,
        "nauc_precision_at_1_std": 0.14554674974916168,
        "nauc_precision_at_20_diff1": 0.4133434130035411,
        "nauc_precision_at_20_max": 0.27222770673726193,
        "nauc_precision_at_20_std": 0.2681973396316546,
        "nauc_precision_at_3_diff1": 0.47708434217548823,
        "nauc_precision_at_3_max": 0.30004468194094763,
        "nauc_precision_at_3_std": 0.181148498582871,
        "nauc_precision_at_5_diff1": 0.45289868734084116,
        "nauc_precision_at_5_max": 0.2868393800558551,
        "nauc_precision_at_5_std": 0.19163861963446144,
        "nauc_recall_at_1000_diff1": 0.007450054330829947,
        "nauc_recall_at_1000_max": -0.04332023394551631,
        "nauc_recall_at_1000_std": 0.017702364115880182,
        "nauc_recall_at_100_diff1": 0.06981055628571942,
        "nauc_recall_at_100_max": -0.005684205308038998,
        "nauc_recall_at_100_std": 0.043877599586901475,
        "nauc_recall_at_10_diff1": 0.15414251405002213,
        "nauc_recall_at_10_max": 0.039413466749761324,
        "nauc_recall_at_10_std": 0.009586005326790062,
        "nauc_recall_at_1_diff1": 0.3634363633095513,
        "nauc_recall_at_1_max": 0.09567047477098127,
        "nauc_recall_at_1_std": -0.011035837444051589,
        "nauc_recall_at_20_diff1": 0.12477771238986692,
        "nauc_recall_at_20_max": 0.025013121042771477,
        "nauc_recall_at_20_std": 0.025751881253944602,
        "nauc_recall_at_3_diff1": 0.23649974970979343,
        "nauc_recall_at_3_max": 0.06667872411869498,
        "nauc_recall_at_3_std": 0.002028863902554077,
        "nauc_recall_at_5_diff1": 0.19239059940171832,
        "nauc_recall_at_5_max": 0.051556766267281715,
        "nauc_recall_at_5_std": 0.003076153378481619,
        "ndcg_at_1": 0.27122,
        "ndcg_at_10": 0.1259,
        "ndcg_at_100": 0.11724,