{
  "dataset_revision": "86f09ebc1703516c76e5f931465e2ed7626a5e52",
  "evaluation_time": 53.30532240867615,
  "kg_co2_emissions": 0.002555590574649838,
  "mteb_version": "1.14.15",
  "scores": {
    "test": [
      {
        "cv_recall_at_1": 0.32,
        "cv_recall_at_10": 0.82,
        "cv_recall_at_100": 0.95,
        "cv_recall_at_1000": 1.0,
        "cv_recall_at_20": 0.89,
        "cv_recall_at_3": 0.68,
        "cv_recall_at_5": 0.73,
        "hf_subset": "default",
        "languages": [
          "eng-Latn"
        ],
        "main_score": 0.55657,
        "map_at_1": 0.32,
        "map_at_10": 0.50525,
        "map_at_100": 0.51169,
        "map_at_1000": 0.51192,
        "map_at_20": 0.51002,
        "map_at_3": 0.47833,
        "map_at_5": 0.49433,
        "mrr_at_1": 0.32,
        "mrr_at_10": 0.5020912698412698,
        "mrr_at_100": 0.5086083623628304,
        "mrr_at_1000": 0.5088409790176565,
        "mrr_at_20": 0.5069187242496068,
        "mrr_at_3": 0.47833333333333333,
        "mrr_at_5": 0.48933333333333345,
        "nauc_cv_recall_at_1000_diff1": NaN,
        "nauc_cv_recall_at_1000_max": NaN,
        "nauc_cv_recall_at_1000_std": NaN,
        "nauc_cv_recall_at_100_diff1": -0.4458450046685315,
        "nauc_cv_recall_at_100_max": 0.45340802987861584,
        "nauc_cv_recall_at_100_std": 0.5425770308123237,
        "nauc_cv_recall_at_10_diff1": -0.10441678598964511,
        "nauc_cv_recall_at_10_max": 0.5584040092521204,
        "nauc_cv_recall_at_10_std": 0.4439090208172703,
        "nauc_cv_recall_at_1_diff1": 0.05106764422562342,
        "nauc_cv_recall_at_1_max": 0.10505191052124571,
        "nauc_cv_recall_at_1_std": -0.0344910628277856,
        "nauc_cv_recall_at_20_diff1": -0.10484494459238902,
        "nauc_cv_recall_at_20_max": 0.5080749076539813,
        "nauc_cv_recall_at_20_std": 0.3766858517309514,
        "nauc_cv_recall_at_3_diff1": -0.22465620896966423,
        "nauc_cv_recall_at_3_max": 0.6152995646465336,
        "nauc_cv_recall_at_3_std": 0.21769400870706934,
        "nauc_cv_recall_at_5_diff1": -0.2352513318524049,
        "nauc_cv_recall_at_5_max": 0.5806876486661812,
        "nauc_cv_recall_at_5_std": 0.33926359865536976,
        "nauc_map_at_1000_diff1": -0.03661336228177959,
        "nauc_map_at_1000_max": 0.336989532666024,
        "nauc_map_at_1000_std": 0.07418899138531376,
        "nauc_map_at_100_diff1": -0.0367784201501297,
        "nauc_map_at_100_max": 0.33714484083462515,
        "nauc_map_at_100_std": 0.07459824772760668,
        "nauc_map_at_10_diff1": -0.03702823356266228,
        "nauc_map_at_10_max": 0.3431544275245632,
        "nauc_map_at_10_std": 0.08284568042553807,
        "nauc_map_at_1_diff1": 0.07441399978593584,
        "nauc_map_at_1_max": 0.24261479182275503,
        "nauc_map_at_1_std": -0.0185834314460024,
        "nauc_map_at_20_diff1": -0.03603703638710844,
        "nauc_map_at_20_max": 0.3388148021687434,
        "nauc_map_at_20_std": 0.0762837902302851,
        "nauc_map_at_3_diff1": -0.05085728846877212,
        "nauc_map_at_3_max": 0.36535171275679246,
        "nauc_map_at_3_std": 0.0648093094368471,
        "nauc_map_at_5_diff1": -0.053283179188403224,
        "nauc_map_at_5_max": 0.3529405717512348,
        "nauc_map_at_5_std": 0.08287093197547415,
        "nauc_mrr_at_1000_diff1": -0.053275648177907746,
        "nauc_mrr_at_1000_max": 0.25445536928315116,
        "nauc_mrr_at_1000_std": 0.08089487665556257,
        "nauc_mrr_at_100_diff1": -0.053427798883438245,
        "nauc_mrr_at_100_max": 0.2546751895969153,
        "nauc_mrr_at_100_std": 0.08129791942648905,
        "nauc_mrr_at_10_diff1": -0.05340964646025963,
        "nauc_mrr_at_10_max": 0.2624960856001937,
        "nauc_mrr_at_10_std": 0.0892998530327671,
        "nauc_mrr_at_1_diff1": 0.05106764422562342,
        "nauc_mrr_at_1_max": 0.10505191052124571,
        "nauc_mrr_at_1_std": -0.0344910628277856,
        "nauc_mrr_at_20_diff1": -0.05259893236959139,
        "nauc_mrr_at_20_max": 0.2568023925272587,
        "nauc_mrr_at_20_std": 0.08297012564693035,
        "nauc_mrr_at_3_diff1": -0.06924115122259625,
        "nauc_mrr_at_3_max": 0.28604014931361976,
        "nauc_mrr_at_3_std": 0.07044490108580706,
        "nauc_mrr_at_5_diff1": -0.06801699541987188,
        "nauc_mrr_at_5_max": 0.2726044356812294,
        "nauc_mrr_at_5_std": 0.08618555090866396,
        "nauc_ndcg_at_1000_diff1": -0.050377809045234784,
        "nauc_ndcg_at_1000_max": 0.35171198347023225,
        "nauc_ndcg_at_1000_std": 0.09559904968636676,
        "nauc_ndcg_at_100_diff1": -0.059672424565563174,
        "nauc_ndcg_at_100_max": 0.3547057843265686,
        "nauc_ndcg_at_100_std": 0.10748015907027872,
        "nauc_ndcg_at_10_diff1": -0.05314866794410409,
        "nauc_ndcg_at_10_max": 0.3806267047253555,
        "nauc_ndcg_at_10_std": 0.1400218911306784,
        "nauc_ndcg_at_1_diff1": 0.07441399978593584,
        "nauc_ndcg_at_1_max": 0.24261479182275503,
        "nauc_ndcg_at_1_std": -0.0185834314460024,
        "nauc_ndcg_at_20_diff1": -0.05002091769773799,
        "nauc_ndcg_at_20_max": 0.3644943568270498,
        "nauc_ndcg_at_20_std": 0.11486559154767899,
        "nauc_ndcg_at_3_diff1": -0.08770251239662165,
        "nauc_ndcg_at_3_max": 0.4246491510829167,
        "nauc_ndcg_at_3_std": 0.1013348502242896,
        "nauc_ndcg_at_5_diff1": -0.09371348916356909,
        "nauc_ndcg_at_5_max": 0.40428094849519414,
        "nauc_ndcg_at_5_std": 0.1400529420610921,
        "nauc_precision_at_1000_diff1": NaN,
        "nauc_precision_at_1000_max": NaN,
        "nauc_precision_at_1000_std": NaN,
        "nauc_precision_at_100_diff1": -0.4458450046685348,
        "nauc_precision_at_100_max": 0.4534080298786217,
        "nauc_precision_at_100_std": 0.5425770308123271,
        "nauc_precision_at_10_diff1": -0.10441678598964478,
        "nauc_precision_at_10_max": 0.558404009252121,
        "nauc_precision_at_10_std": 0.4439090208172706,
        "nauc_precision_at_1_diff1": 0.07441399978593584,
        "nauc_precision_at_1_max": 0.24261479182275503,
        "nauc_precision_at_1_std": -0.0185834314460024,
        "nauc_precision_at_20_diff1": -0.10484494459238952,
        "nauc_precision_at_20_max": 0.5080749076539806,
        "nauc_precision_at_20_std": 0.37668585173094987,
        "nauc_precision_at_3_diff1": -0.20857950601818087,
        "nauc_precision_at_3_max": 0.6291242741785302,
        "nauc_precision_at_3_std": 0.22630393932725024,
        "nauc_precision_at_5_diff1": -0.24796236973358698,
        "nauc_precision_at_5_max": 0.6063419974859088,
        "nauc_precision_at_5_std": 0.37437654596326286,
        "nauc_recall_at_1000_diff1": NaN,
        "nauc_recall_at_1000_max": NaN,
        "nauc_recall_at_1000_std": NaN,
        "nauc_recall_at_100_diff1": -0.4458450046685315,
        "nauc_recall_at_100_max": 0.45340802987861584,
        "nauc_recall_at_100_std": 0.5425770308123237,
        "nauc_recall_at_10_diff1": -0.10441678598964511,
        "nauc_recall_at_10_max": 0.5584040092521204,
        "nauc_recall_at_10_std": 0.4439090208172703,
        "nauc_recall_at_1_diff1": 0.07441399978593584,
        "nauc_recall_at_1_max": 0.24261479182275503,
        "nauc_recall_at_1_std": -0.0185834314460024,
        "nauc_recall_at_20_diff1": -0.10484494459238902,
        "nauc_recall_at_20_max": 0.5080749076539813,
        "nauc_recall_at_20_std": 0.3766858517309514,
        "nauc_recall_at_3_diff1": -0.2085795060181822,
        "nauc_recall_at_3_max": 0.6291242741785307,
        "nauc_recall_at_3_std": 0.22630393932724968,
        "nauc_recall_at_5_diff1": -0.24796236973358746,
        "nauc_recall_at_5_max": 0.6063419974859079,
        "nauc_recall_at_5_std": 0.37437654596326203,
        "ndcg_at_1": 0.32,
        "ndcg_at_10": 0.58269,
        "ndcg_at_100": 0.61171,
        "ndcg_at_1000": 0.6181,
        "ndcg_at_20": 0.6003,
        "ndcg_at_3": 0.52773,
        "ndcg_at_5": 0.55657,
        "precision_at_1": 0.32,