{
  "dataset_revision": "501f02a80aff50c90045b0feaa81565c4e8f889e",
  "evaluation_time": 11.78784728050232,
  "kg_co2_emissions": 0.0006681245437242153,
  "mteb_version": "1.14.15",
  "scores": {
    "test": [
      {
        "cv_recall_at_1": 0.13929,
        "cv_recall_at_10": 0.59643,
        "cv_recall_at_100": 0.87143,
        "cv_recall_at_1000": 1.0,
        "cv_recall_at_20": 0.71429,
        "cv_recall_at_3": 0.36429,
        "cv_recall_at_5": 0.49643,
        "hf_subset": "default",
        "languages": [
          "eng-Latn"
        ],
        "main_score": 0.31882,
        "map_at_1": 0.13571,
        "map_at_10": 0.27873,
        "map_at_100": 0.29011,
        "map_at_1000": 0.29093,
        "map_at_20": 0.28589,
        "map_at_3": 0.23333,
        "map_at_5": 0.26226,
        "mrr_at_1": 0.1392857142857143,
        "mrr_at_10": 0.28130243764172347,
        "mrr_at_100": 0.29409664375314065,
        "mrr_at_1000": 0.29491508890785706,
        "mrr_at_20": 0.2897720757116491,
        "mrr_at_3": 0.23511904761904764,
        "mrr_at_5": 0.26726190476190487,
        "nauc_cv_recall_at_1000_diff1": NaN,
        "nauc_cv_recall_at_1000_max": NaN,
        "nauc_cv_recall_at_1000_std": NaN,
        "nauc_cv_recall_at_100_diff1": -0.1582567582006624,
        "nauc_cv_recall_at_100_max": 0.47191206325462104,
        "nauc_cv_recall_at_100_std": 0.5897264665028307,
        "nauc_cv_recall_at_10_diff1": 0.010257032903801403,
        "nauc_cv_recall_at_10_max": 0.517317651281997,
        "nauc_cv_recall_at_10_std": 0.3558023765909485,
        "nauc_cv_recall_at_1_diff1": 0.036230065478770626,
        "nauc_cv_recall_at_1_max": 0.1856524681922232,
        "nauc_cv_recall_at_1_std": 0.1448594221745644,
        "nauc_cv_recall_at_20_diff1": -0.1538394532296973,
        "nauc_cv_recall_at_20_max": 0.44332618600911256,
        "nauc_cv_recall_at_20_std": 0.377559635486465,
        "nauc_cv_recall_at_3_diff1": 0.07004498816839223,
        "nauc_cv_recall_at_3_max": 0.31981350019173754,
        "nauc_cv_recall_at_3_std": 0.22836873462592472,
        "nauc_cv_recall_at_5_diff1": 0.034448178020275354,
        "nauc_cv_recall_at_5_max": 0.5101638284625221,
        "nauc_cv_recall_at_5_std": 0.35027542382950844,
        "nauc_map_at_1000_diff1": 0.1266678523683197,
        "nauc_map_at_1000_max": 0.3172378840656255,
        "nauc_map_at_1000_std": 0.21042969191952812,
        "nauc_map_at_100_diff1": 0.1257917311777207,
        "nauc_map_at_100_max": 0.31774168143975956,
        "nauc_map_at_100_std": 0.21154638335566725,
        "nauc_map_at_10_diff1": 0.13246403663244152,
        "nauc_map_at_10_max": 0.32207214785754,
        "nauc_map_at_10_std": 0.20883358375539632,
        "nauc_map_at_1_diff1": 0.2759831351820563,
        "nauc_map_at_1_max": 0.19540247702013558,
        "nauc_map_at_1_std": 0.12851673306155345,
        "nauc_map_at_20_diff1": 0.12217346425861149,
        "nauc_map_at_20_max": 0.31893958751093,
        "nauc_map_at_20_std": 0.2100834340825649,
        "nauc_map_at_3_diff1": 0.10942293630482136,
        "nauc_map_at_3_max": 0.2963725381106043,
        "nauc_map_at_3_std": 0.19154055858462232,
        "nauc_map_at_5_diff1": 0.13410808229359128,
        "nauc_map_at_5_max": 0.32517814945079604,
        "nauc_map_at_5_std": 0.2076460503921714,
        "nauc_mrr_at_1000_diff1": 0.026729878153815105,
        "nauc_mrr_at_1000_max": 0.3178504219172885,
        "nauc_mrr_at_1000_std": 0.23159195719427972,
        "nauc_mrr_at_100_diff1": 0.02616565299685954,
        "nauc_mrr_at_100_max": 0.31834279409130795,
        "nauc_mrr_at_100_std": 0.23262972319084943,
        "nauc_mrr_at_10_diff1": 0.03325068616740009,
        "nauc_mrr_at_10_max": 0.32798075575149893,
        "nauc_mrr_at_10_std": 0.2329160268489097,
        "nauc_mrr_at_1_diff1": 0.036230065478770626,
        "nauc_mrr_at_1_max": 0.1856524681922232,
        "nauc_mrr_at_1_std": 0.1448594221745644,
        "nauc_mrr_at_20_diff1": 0.023845167050065497,
        "nauc_mrr_at_20_max": 0.31958288284694336,
        "nauc_mrr_at_20_std": 0.23091917826264816,
        "nauc_mrr_at_3_diff1": 0.04703112635836843,
        "nauc_mrr_at_3_max": 0.27023655639164285,
        "nauc_mrr_at_3_std": 0.19834759487076162,
        "nauc_mrr_at_5_diff1": 0.03605421148325071,
        "nauc_mrr_at_5_max": 0.3289989758560786,
        "nauc_mrr_at_5_std": 0.23495007174933064,
        "nauc_ndcg_at_1000_diff1": 0.10263863628378005,
        "nauc_ndcg_at_1000_max": 0.3373662610847379,
        "nauc_ndcg_at_1000_std": 0.23252446699888038,
        "nauc_ndcg_at_100_diff1": 0.08446574248274832,
        "nauc_ndcg_at_100_max": 0.34687467941543365,
        "nauc_ndcg_at_100_std": 0.25717705075702324,
        "nauc_ndcg_at_10_diff1": 0.1031407203492512,
        "nauc_ndcg_at_10_max": 0.3639655134709805,
        "nauc_ndcg_at_10_std": 0.23978648232291003,
        "nauc_ndcg_at_1_diff1": 0.2759831351820563,
        "nauc_ndcg_at_1_max": 0.19540247702013558,
        "nauc_ndcg_at_1_std": 0.12851673306155345,
        "nauc_ndcg_at_20_diff1": 0.06369855919133668,
        "nauc_ndcg_at_20_max": 0.35274095057866994,
        "nauc_ndcg_at_20_std": 0.24748700263385143,
        "nauc_ndcg_at_3_diff1": 0.06627304100622265,
        "nauc_ndcg_at_3_max": 0.32713143825538465,
        "nauc_ndcg_at_3_std": 0.21240684558043482,
        "nauc_ndcg_at_5_diff1": 0.10603328193842108,
        "nauc_ndcg_at_5_max": 0.37303780713242224,
        "nauc_ndcg_at_5_std": 0.2375134067180102,
        "nauc_precision_at_1000_diff1": NaN,
        "nauc_precision_at_1000_max": NaN,
        "nauc_precision_at_1000_std": NaN,
        "nauc_precision_at_100_diff1": -0.15825675820066218,
        "nauc_precision_at_100_max": 0.47191206325462226,
        "nauc_precision_at_100_std": 0.5897264665028321,
        "nauc_precision_at_10_diff1": 0.032155070420252674,
        "nauc_precision_at_10_max": 0.47030572167928125,
        "nauc_precision_at_10_std": 0.3219342744309925,
        "nauc_precision_at_1_diff1": 0.2759831351820563,
        "nauc_precision_at_1_max": 0.19540247702013558,
        "nauc_precision_at_1_std": 0.12851673306155345,
        "nauc_precision_at_20_diff1": -0.1538394532296971,
        "nauc_precision_at_20_max": 0.4433261860091128,
        "nauc_precision_at_20_std": 0.3775596354864649,
        "nauc_precision_at_3_diff1": -0.03245591141269897,
        "nauc_precision_at_3_max": 0.39857294657171605,
        "nauc_precision_at_3_std": 0.26119924685880486,
        "nauc_precision_at_5_diff1": 0.04452209037164179,
        "nauc_precision_at_5_max": 0.48827330523541085,
        "nauc_precision_at_5_std": 0.30920357086981864,
        "nauc_recall_at_1000_diff1": NaN,
        "nauc_recall_at_1000_max": NaN,
        "nauc_recall_at_1000_std": NaN,
        "nauc_recall_at_100_diff1": -0.1582567582006624,
        "nauc_recall_at_100_max": 0.47191206325462104,
        "nauc_recall_at_100_std": 0.5897264665028307,
        "nauc_recall_at_10_diff1": 0.03215507042025219,
        "nauc_recall_at_10_max": 0.4703057216792813,
        "nauc_recall_at_10_std": 0.3219342744309917,
        "nauc_recall_at_1_diff1": 0.2759831351820563,
        "nauc_recall_at_1_max": 0.19540247702013558,
        "nauc_recall_at_1_std": 0.12851673306155345,
        "nauc_recall_at_20_diff1": -0.1538394532296973,
        "nauc_recall_at_20_max": 0.44332618600911256,
        "nauc_recall_at_20_std": 0.377559635486465,
        "nauc_recall_at_3_diff1": -0.032455911412698976,
        "nauc_recall_at_3_max": 0.3985729465717161,
        "nauc_recall_at_3_std": 0.2611992468588047,
        "nauc_recall_at_5_diff1": 0.0445220903716416,
        "nauc_recall_at_5_max": 0.4882733052354108,
        "nauc_recall_at_5_std": 0.30920357086981887,
        "ndcg_at_1": 0.13571,
        "ndcg_at_10": 0.35835,
        "ndcg_at_100": 0.41388,
        "ndcg_at_1000": 0.43141,
        "ndcg_at_20": 0.3845,
        "ndcg_at_3": 0.26853,
        "ndcg_at_5": 0.31882,