{
  "dataset_revision": "1b86e2dde50e671d5c83d07a79e8b1d8c696964b",
  "evaluation_time": 872.1971929073334,
  "kg_co2_emissions": 0.04287569896337181,
  "mteb_version": "1.14.15",
  "scores": {
    "test": [
      {
        "cv_recall_at_1": 0.0,
        "cv_recall_at_10": 0.0,
        "cv_recall_at_100": 0.00582,
        "cv_recall_at_1000": 0.02152,
        "cv_recall_at_20": 0.00058,
        "cv_recall_at_3": 0.0,
        "cv_recall_at_5": 0.0,
        "hf_subset": "default",
        "languages": [
          "eng-Latn"
        ],
        "main_score": 0.0,
        "map_at_1": 0.0,
        "map_at_10": 0.0,
        "map_at_100": 6e-05,
        "map_at_1000": 0.0001,
        "map_at_20": 1e-05,
        "map_at_3": 0.0,
        "map_at_5": 0.0,
        "mrr_at_1": 0.0,
        "mrr_at_10": 0.0,
        "mrr_at_100": 0.00014719025457733055,
        "mrr_at_1000": 0.0001915228355076473,
        "mrr_at_20": 3.8782237735117314e-05,
        "mrr_at_3": 0.0,
        "mrr_at_5": 0.0,
        "nauc_cv_recall_at_1000_diff1": -0.03377991971329455,
        "nauc_cv_recall_at_1000_max": 0.24378005158787744,
        "nauc_cv_recall_at_1000_std": 0.241349323025539,
        "nauc_cv_recall_at_100_diff1": 0.03309461350857006,
        "nauc_cv_recall_at_100_max": 0.44585019988139674,
        "nauc_cv_recall_at_100_std": 0.5319598567778272,
        "nauc_cv_recall_at_10_diff1": NaN,
        "nauc_cv_recall_at_10_max": NaN,
        "nauc_cv_recall_at_10_std": NaN,
        "nauc_cv_recall_at_1_diff1": NaN,
        "nauc_cv_recall_at_1_max": NaN,
        "nauc_cv_recall_at_1_std": NaN,
        "nauc_cv_recall_at_20_diff1": 0.3239359292125581,
        "nauc_cv_recall_at_20_max": -0.3185916346442094,
        "nauc_cv_recall_at_20_std": -0.415252499295448,
        "nauc_cv_recall_at_3_diff1": NaN,
        "nauc_cv_recall_at_3_max": NaN,
        "nauc_cv_recall_at_3_std": NaN,
        "nauc_cv_recall_at_5_diff1": NaN,
        "nauc_cv_recall_at_5_max": NaN,
        "nauc_cv_recall_at_5_std": NaN,
        "nauc_map_at_1000_diff1": 0.015755373356324754,
        "nauc_map_at_1000_max": 0.436169501905251,
        "nauc_map_at_1000_std": 0.525311787050362,
        "nauc_map_at_100_diff1": -0.0015473440619113187,
        "nauc_map_at_100_max": 0.45125633197256515,
        "nauc_map_at_100_std": 0.49355461800751016,
        "nauc_map_at_10_diff1": NaN,
        "nauc_map_at_10_max": NaN,
        "nauc_map_at_10_std": NaN,
        "nauc_map_at_1_diff1": NaN,
        "nauc_map_at_1_max": NaN,
        "nauc_map_at_1_std": NaN,
        "nauc_map_at_20_diff1": 0.32393592921255804,
        "nauc_map_at_20_max": -0.31859163464420936,
        "nauc_map_at_20_std": -0.41525249929544794,
        "nauc_map_at_3_diff1": NaN,
        "nauc_map_at_3_max": NaN,
        "nauc_map_at_3_std": NaN,
        "nauc_map_at_5_diff1": NaN,
        "nauc_map_at_5_max": NaN,
        "nauc_map_at_5_std": NaN,
        "nauc_mrr_at_1000_diff1": 0.11056074414075379,
        "nauc_mrr_at_1000_max": 0.2743746455214664,
        "nauc_mrr_at_1000_std": 0.4045751852141081,
        "nauc_mrr_at_100_diff1": 0.13388280734619903,
        "nauc_mrr_at_100_max": 0.31266399703432274,
        "nauc_mrr_at_100_std": 0.4258111736483214,
        "nauc_mrr_at_10_diff1": NaN,
        "nauc_mrr_at_10_max": NaN,
        "nauc_mrr_at_10_std": NaN,
        "nauc_mrr_at_1_diff1": NaN,
        "nauc_mrr_at_1_max": NaN,
        "nauc_mrr_at_1_std": NaN,
        "nauc_mrr_at_20_diff1": 0.32393592921255804,
        "nauc_mrr_at_20_max": -0.31859163464420936,
        "nauc_mrr_at_20_std": -0.41525249929544794,
        "nauc_mrr_at_3_diff1": NaN,
        "nauc_mrr_at_3_max": NaN,
        "nauc_mrr_at_3_std": NaN,
        "nauc_mrr_at_5_diff1": NaN,
        "nauc_mrr_at_5_max": NaN,
        "nauc_mrr_at_5_std": NaN,
        "nauc_ndcg_at_1000_diff1": 0.015504312507865641,
        "nauc_ndcg_at_1000_max": 0.3516804570242708,
        "nauc_ndcg_at_1000_std": 0.41598551296806185,
        "nauc_ndcg_at_100_diff1": -0.0004279718517300529,
        "nauc_ndcg_at_100_max": 0.4627344966637521,
        "nauc_ndcg_at_100_std": 0.5133226575336588,
        "nauc_ndcg_at_10_diff1": NaN,
        "nauc_ndcg_at_10_max": NaN,
        "nauc_ndcg_at_10_std": NaN,
        "nauc_ndcg_at_1_diff1": NaN,
        "nauc_ndcg_at_1_max": NaN,
        "nauc_ndcg_at_1_std": NaN,
        "nauc_ndcg_at_20_diff1": 0.3239359292125581,
        "nauc_ndcg_at_20_max": -0.3185916346442095,
        "nauc_ndcg_at_20_std": -0.41525249929544805,
        "nauc_ndcg_at_3_diff1": NaN,
        "nauc_ndcg_at_3_max": NaN,
        "nauc_ndcg_at_3_std": NaN,
        "nauc_ndcg_at_5_diff1": NaN,
        "nauc_ndcg_at_5_max": NaN,
        "nauc_ndcg_at_5_std": NaN,
        "nauc_precision_at_1000_diff1": -0.005320656810077007,
        "nauc_precision_at_1000_max": 0.3152276974296074,
        "nauc_precision_at_1000_std": 0.37531064823077875,
        "nauc_precision_at_100_diff1": 0.06926034721431255,
        "nauc_precision_at_100_max": 0.4069594369046914,
        "nauc_precision_at_100_std": 0.5254585384664258,
        "nauc_precision_at_10_diff1": NaN,
        "nauc_precision_at_10_max": NaN,
        "nauc_precision_at_10_std": NaN,
        "nauc_precision_at_1_diff1": NaN,
        "nauc_precision_at_1_max": NaN,
        "nauc_precision_at_1_std": NaN,
        "nauc_precision_at_20_diff1": 0.32393592921255804,
        "nauc_precision_at_20_max": -0.31859163464420953,
        "nauc_precision_at_20_std": -0.41525249929544816,
        "nauc_precision_at_3_diff1": NaN,
        "nauc_precision_at_3_max": NaN,
        "nauc_precision_at_3_std": NaN,
        "nauc_precision_at_5_diff1": NaN,
        "nauc_precision_at_5_max": NaN,
        "nauc_precision_at_5_std": NaN,
        "nauc_recall_at_1000_diff1": 0.026497437874982727,
        "nauc_recall_at_1000_max": 0.3562834501351278,
        "nauc_recall_at_1000_std": 0.3999866714793787,
        "nauc_recall_at_100_diff1": -0.06573790787182908,
        "nauc_recall_at_100_max": 0.5185524832131383,
        "nauc_recall_at_100_std": 0.5209781291740632,
        "nauc_recall_at_10_diff1": NaN,
        "nauc_recall_at_10_max": NaN,
        "nauc_recall_at_10_std": NaN,
        "nauc_recall_at_1_diff1": NaN,
        "nauc_recall_at_1_max": NaN,
        "nauc_recall_at_1_std": NaN,
        "nauc_recall_at_20_diff1": 0.3239359292125581,
        "nauc_recall_at_20_max": -0.3185916346442094,
        "nauc_recall_at_20_std": -0.415252499295448,
        "nauc_recall_at_3_diff1": NaN,
        "nauc_recall_at_3_max": NaN,
        "nauc_recall_at_3_std": NaN,
        "nauc_recall_at_5_diff1": NaN,
        "nauc_recall_at_5_max": NaN,
        "nauc_recall_at_5_std": NaN,
        "ndcg_at_1": 0.0,
        "ndcg_at_10": 0.0,
        "ndcg_at_100": 0.00058,
        "ndcg_at_1000": 0.00211,
        "ndcg_at_20": 6e-05,
        "ndcg_at_3": 0.0,
        "ndcg_at_5": 0.0,
        "precision_at_1": 0.0,
        "precision_at_10": 0.0,
        "precision_at_100": 7e-05,
        "precision_at_1000": 3e-05,
        "precision_at_20": 3e-05,
        "precision_at_3": 0.0,
        "precision_at_5": 0.0,
        "recall_at_1": 0.0,
        "recall_at_10": 0.0,
        "recall_at_100": 0.00237,
        "recall_at_1000": 0.01204,
        "recall_at_20": 0.00015,
        "recall_at_3": 0.0,
        "recall_at_5": 0.0
      }
    ]
  },
  "task_name": "Fashion200kT2IRetrieval"
}