{
  "dataset_revision": "c9a9a6c3ef0765622a6de0af6ebb68f323ad73ba",
  "evaluation_time": 21.145252466201782,
  "kg_co2_emissions": 0.0008279283525089088,
  "mteb_version": "1.14.15",
  "scores": {
    "test": [
      {
        "cv_recall_at_1": 0.067,
        "cv_recall_at_10": 0.167,
        "cv_recall_at_100": 0.305,
        "cv_recall_at_1000": 0.549,
        "cv_recall_at_20": 0.199,
        "cv_recall_at_3": 0.115,
        "cv_recall_at_5": 0.129,
        "hf_subset": "default",
        "languages": [
          "eng-Latn"
        ],
        "main_score": 0.11231,
        "map_at_1": 0.067,
        "map_at_10": 0.09548,
        "map_at_100": 0.10002,
        "map_at_1000": 0.10093,
        "map_at_20": 0.09768,
        "map_at_3": 0.08717,
        "map_at_5": 0.09062,
        "mrr_at_1": 0.067,
        "mrr_at_10": 0.09573095238095239,
        "mrr_at_100": 0.10026952754269954,
        "mrr_at_1000": 0.10117451483518108,
        "mrr_at_20": 0.09792987253544533,
        "mrr_at_3": 0.08766666666666664,
        "mrr_at_5": 0.09086666666666668,
        "nauc_cv_recall_at_1000_diff1": 0.09056173439544823,
        "nauc_cv_recall_at_1000_max": 0.1389250081005223,
        "nauc_cv_recall_at_1000_std": -0.06383071241112205,
        "nauc_cv_recall_at_100_diff1": 0.1459683125880299,
        "nauc_cv_recall_at_100_max": 0.14298422368536312,
        "nauc_cv_recall_at_100_std": -0.07516022293058022,
        "nauc_cv_recall_at_10_diff1": 0.1733381165785917,
        "nauc_cv_recall_at_10_max": 0.18118028435525638,
        "nauc_cv_recall_at_10_std": -0.1261958887635249,
        "nauc_cv_recall_at_1_diff1": 0.3860093148424766,
        "nauc_cv_recall_at_1_max": 0.3207333336003107,
        "nauc_cv_recall_at_1_std": -0.12294711043654812,
        "nauc_cv_recall_at_20_diff1": 0.17257951835936794,
        "nauc_cv_recall_at_20_max": 0.16923717810523986,
        "nauc_cv_recall_at_20_std": -0.12142323396543876,
        "nauc_cv_recall_at_3_diff1": 0.23676059603861313,
        "nauc_cv_recall_at_3_max": 0.29806812218547496,
        "nauc_cv_recall_at_3_std": -0.10931523901343662,
        "nauc_cv_recall_at_5_diff1": 0.22120326037776616,
        "nauc_cv_recall_at_5_max": 0.2671893535745077,
        "nauc_cv_recall_at_5_std": -0.10816377523112347,
        "nauc_map_at_1000_diff1": 0.2837094181673487,
        "nauc_map_at_1000_max": 0.27868124001963207,
        "nauc_map_at_1000_std": -0.1130202766196159,
        "nauc_map_at_100_diff1": 0.28411718225645155,
        "nauc_map_at_100_max": 0.2787943985454934,
        "nauc_map_at_100_std": -0.11328583419469693,
        "nauc_map_at_10_diff1": 0.2886619432521774,
        "nauc_map_at_10_max": 0.2840997431850958,
        "nauc_map_at_10_std": -0.11516974880692382,
        "nauc_map_at_1_diff1": 0.3860093148424766,
        "nauc_map_at_1_max": 0.3207333336003107,
        "nauc_map_at_1_std": -0.1279929838331818,
        "nauc_map_at_20_diff1": 0.2868643210916615,
        "nauc_map_at_20_max": 0.2808192324231596,
        "nauc_map_at_20_std": -0.11491132053796282,
        "nauc_map_at_3_diff1": 0.3049164002443129,
        "nauc_map_at_3_max": 0.313100560571094,
        "nauc_map_at_3_std": -0.11092086955658512,
        "nauc_map_at_5_diff1": 0.3002202688345426,
        "nauc_map_at_5_max": 0.3019992438707245,
        "nauc_map_at_5_std": -0.11162067083801555,
        "nauc_mrr_at_1000_diff1": 0.28306130023705456,
        "nauc_mrr_at_1000_max": 0.2772808032583354,
        "nauc_mrr_at_1000_std": -0.1112834677421779,
        "nauc_mrr_at_100_diff1": 0.28346789831910485,
        "nauc_mrr_at_100_max": 0.27739320602105244,
        "nauc_mrr_at_100_std": -0.11154783818771011,
        "nauc_mrr_at_10_diff1": 0.28798347693290444,
        "nauc_mrr_at_10_max": 0.2826551688692099,
        "nauc_mrr_at_10_std": -0.11338358136569113,
        "nauc_mrr_at_1_diff1": 0.3860093148424766,
        "nauc_mrr_at_1_max": 0.3207333336003107,
        "nauc_mrr_at_1_std": -0.12294711043654812,
        "nauc_mrr_at_20_diff1": 0.2862007980552207,
        "nauc_mrr_at_20_max": 0.2794051671606585,
        "nauc_mrr_at_20_std": -0.11315379534294998,
        "nauc_mrr_at_3_diff1": 0.3054917242362174,
        "nauc_mrr_at_3_max": 0.30968187903684696,
        "nauc_mrr_at_3_std": -0.11049244721476416,
        "nauc_mrr_at_5_diff1": 0.29948790041505224,
        "nauc_mrr_at_5_max": 0.30045679920550994,
        "nauc_mrr_at_5_std": -0.10977815684759215,
        "nauc_ndcg_at_1000_diff1": 0.22348788589128843,
        "nauc_ndcg_at_1000_max": 0.23182613104033475,
        "nauc_ndcg_at_1000_std": -0.10052459856599369,
        "nauc_ndcg_at_100_diff1": 0.23405502410923432,
        "nauc_ndcg_at_100_max": 0.23240317581449196,
        "nauc_ndcg_at_100_std": -0.10355923363550307,
        "nauc_ndcg_at_10_diff1": 0.2510499875689948,
        "nauc_ndcg_at_10_max": 0.25246191725173595,
        "nauc_ndcg_at_10_std": -0.11807822272252191,
        "nauc_ndcg_at_1_diff1": 0.3860093148424766,
        "nauc_ndcg_at_1_max": 0.3207333336003107,
        "nauc_ndcg_at_1_std": -0.1279929838331818,
        "nauc_ndcg_at_20_diff1": 0.2470777027502749,
        "nauc_ndcg_at_20_max": 0.24420646965512333,
        "nauc_ndcg_at_20_std": -0.11680602127137356,
        "nauc_ndcg_at_3_diff1": 0.28285152448148787,
        "nauc_ndcg_at_3_max": 0.3102920177680923,
        "nauc_ndcg_at_3_std": -0.10886406620437435,
        "nauc_ndcg_at_5_diff1": 0.2755448559562569,
        "nauc_ndcg_at_5_max": 0.29167174745339075,
        "nauc_ndcg_at_5_std": -0.11028626759460704,
        "nauc_precision_at_1000_diff1": 0.09056173439544796,
        "nauc_precision_at_1000_max": 0.13892500810052172,
        "nauc_precision_at_1000_std": -0.06383071241112273,
        "nauc_precision_at_100_diff1": 0.1459683125880301,
        "nauc_precision_at_100_max": 0.14298422368536332,
        "nauc_precision_at_100_std": -0.07516022293058001,
        "nauc_precision_at_10_diff1": 0.17333811657859183,
        "nauc_precision_at_10_max": 0.1811802843552564,
        "nauc_precision_at_10_std": -0.12619588876352497,
        "nauc_precision_at_1_diff1": 0.3860093148424766,
        "nauc_precision_at_1_max": 0.3207333336003107,
        "nauc_precision_at_1_std": -0.1279929838331818,
        "nauc_precision_at_20_diff1": 0.17257951835936805,
        "nauc_precision_at_20_max": 0.16923717810523986,
        "nauc_precision_at_20_std": -0.1214232339654387,
        "nauc_precision_at_3_diff1": 0.23213698132296098,
        "nauc_precision_at_3_max": 0.30367254529292453,
        "nauc_precision_at_3_std": -0.1047176344054336,
        "nauc_precision_at_5_diff1": 0.22120326037776616,
        "nauc_precision_at_5_max": 0.2671893535745077,
        "nauc_precision_at_5_std": -0.10816377523112368,
        "nauc_recall_at_1000_diff1": 0.09056173439544823,
        "nauc_recall_at_1000_max": 0.1389250081005223,
        "nauc_recall_at_1000_std": -0.06383071241112205,
        "nauc_recall_at_100_diff1": 0.1459683125880299,
        "nauc_recall_at_100_max": 0.14298422368536312,
        "nauc_recall_at_100_std": -0.07516022293058022,
        "nauc_recall_at_10_diff1": 0.1733381165785917,
        "nauc_recall_at_10_max": 0.18118028435525638,
        "nauc_recall_at_10_std": -0.1261958887635249,
        "nauc_recall_at_1_diff1": 0.3860093148424766,
        "nauc_recall_at_1_max": 0.3207333336003107,
        "nauc_recall_at_1_std": -0.1279929838331818,
        "nauc_recall_at_20_diff1": 0.17257951835936794,
        "nauc_recall_at_20_max": 0.16923717810523986,
        "nauc_recall_at_20_std": -0.12142323396543876,
        "nauc_recall_at_3_diff1": 0.23213698132296087,
        "nauc_recall_at_3_max": 0.3036725452929244,
        "nauc_recall_at_3_std": -0.10471763440543377,
        "nauc_recall_at_5_diff1": 0.22120326037776616,
        "nauc_recall_at_5_max": 0.2671893535745077,
        "nauc_recall_at_5_std": -0.10816377523112347,
        "ndcg_at_1": 0.067,
        "ndcg_at_10": 0.11231,
        "ndcg_at_100": 0.13929,