{
  "dataset_revision": "d4f4606f7a42bbf311c2957419ef3734fe81c47f",
  "evaluation_time": 1264.522486448288,
  "kg_co2_emissions": 0.05157655718467543,
  "mteb_version": "1.14.15",
  "scores": {
    "test": [
      {
        "cv_recall_at_1": 0.00424,
        "cv_recall_at_10": 0.03453,
        "cv_recall_at_100": 0.10686,
        "cv_recall_at_1000": 0.27996,
        "cv_recall_at_20": 0.0514,
        "cv_recall_at_3": 0.01148,
        "cv_recall_at_5": 0.02014,
        "hf_subset": "default",
        "languages": [
          "eng-Latn"
        ],
        "main_score": 0.00679,
        "map_at_1": 0.00053,
        "map_at_10": 0.00223,
        "map_at_100": 0.00392,
        "map_at_1000": 0.0047,
        "map_at_20": 0.00285,
        "map_at_3": 0.00107,
        "map_at_5": 0.00154,
        "mrr_at_1": 0.0042391592334187055,
        "mrr_at_10": 0.011283116679213131,
        "mrr_at_100": 0.0137168868729498,
        "mrr_at_1000": 0.014298496641521446,
        "mrr_at_20": 0.012459076585854639,
        "mrr_at_3": 0.0073890900526951036,
        "mrr_at_5": 0.009380611734228272,
        "nauc_cv_recall_at_1000_diff1": 0.036127868735835754,
        "nauc_cv_recall_at_1000_max": -0.13997675632213555,
        "nauc_cv_recall_at_1000_std": 0.07811423023490323,
        "nauc_cv_recall_at_100_diff1": 0.029136099130274994,
        "nauc_cv_recall_at_100_max": -0.20764342518674636,
        "nauc_cv_recall_at_100_std": 0.028885427762276046,
        "nauc_cv_recall_at_10_diff1": 0.04565862873344838,
        "nauc_cv_recall_at_10_max": -0.24590214136367144,
        "nauc_cv_recall_at_10_std": 0.07172754615912914,
        "nauc_cv_recall_at_1_diff1": 0.0035765196174948476,
        "nauc_cv_recall_at_1_max": -0.35158228018158977,
        "nauc_cv_recall_at_1_std": 0.04455942322627597,
        "nauc_cv_recall_at_20_diff1": 0.028319121823423124,
        "nauc_cv_recall_at_20_max": -0.23869513360288233,
        "nauc_cv_recall_at_20_std": 0.06676792216207401,
        "nauc_cv_recall_at_3_diff1": -0.05058738475050863,
        "nauc_cv_recall_at_3_max": -0.3222132220730788,
        "nauc_cv_recall_at_3_std": 0.0893873528831824,
        "nauc_cv_recall_at_5_diff1": -0.015924783430742995,
        "nauc_cv_recall_at_5_max": -0.29330989191948115,
        "nauc_cv_recall_at_5_std": 0.07248914092243776,
        "nauc_map_at_1000_diff1": 0.030142526758627608,
        "nauc_map_at_1000_max": -0.2578738034785963,
        "nauc_map_at_1000_std": 0.0864195743019698,
        "nauc_map_at_100_diff1": 0.035264979014473605,
        "nauc_map_at_100_max": -0.2602008309807817,
        "nauc_map_at_100_std": 0.07748799856482577,
        "nauc_map_at_10_diff1": 0.05610011922427576,
        "nauc_map_at_10_max": -0.2733517720097422,
        "nauc_map_at_10_std": 0.03771363909854054,
        "nauc_map_at_1_diff1": -0.06244747167880987,
        "nauc_map_at_1_max": -0.384825458565397,
        "nauc_map_at_1_std": -0.02079323704495106,
        "nauc_map_at_20_diff1": 0.04683674013102182,
        "nauc_map_at_20_max": -0.26978519500506143,
        "nauc_map_at_20_std": 0.055849514141386766,
        "nauc_map_at_3_diff1": -0.008145878771784486,
        "nauc_map_at_3_max": -0.3121868922380548,
        "nauc_map_at_3_std": 0.045040444486827765,
        "nauc_map_at_5_diff1": 0.008506438514377225,
        "nauc_map_at_5_max": -0.2986402616197156,
        "nauc_map_at_5_std": 0.033272213029977515,
        "nauc_mrr_at_1000_diff1": 0.008226932152313618,
        "nauc_mrr_at_1000_max": -0.2741382139382391,
        "nauc_mrr_at_1000_std": 0.0650265156890466,
        "nauc_mrr_at_100_diff1": 0.007816637774863777,
        "nauc_mrr_at_100_max": -0.2781493247094847,
        "nauc_mrr_at_100_std": 0.06375558987365243,
        "nauc_mrr_at_10_diff1": 0.00752069160981538,
        "nauc_mrr_at_10_max": -0.2930506145907302,
        "nauc_mrr_at_10_std": 0.07328299398995645,
        "nauc_mrr_at_1_diff1": 0.0035765196174948476,
        "nauc_mrr_at_1_max": -0.35158228018158977,
        "nauc_mrr_at_1_std": 0.04455942322627597,
        "nauc_mrr_at_20_diff1": 0.006314746042195451,
        "nauc_mrr_at_20_max": -0.2867409633949129,
        "nauc_mrr_at_20_std": 0.07180674475037507,
        "nauc_mrr_at_3_diff1": -0.0342957443305072,
        "nauc_mrr_at_3_max": -0.33146425348192543,
        "nauc_mrr_at_3_std": 0.08117938082086949,
        "nauc_mrr_at_5_diff1": -0.020139867098086742,
        "nauc_mrr_at_5_max": -0.3149618702133116,
        "nauc_mrr_at_5_std": 0.07535732129152602,
        "nauc_ndcg_at_1000_diff1": 0.02576996758384081,
        "nauc_ndcg_at_1000_max": -0.1984374773085061,
        "nauc_ndcg_at_1000_std": 0.10082544988226394,
        "nauc_ndcg_at_100_diff1": 0.02756125887422668,
        "nauc_ndcg_at_100_max": -0.23281185669576113,
        "nauc_ndcg_at_100_std": 0.07532566204142134,
        "nauc_ndcg_at_10_diff1": 0.03615293854242987,
        "nauc_ndcg_at_10_max": -0.28061025545530915,
        "nauc_ndcg_at_10_std": 0.07338572358610064,
        "nauc_ndcg_at_1_diff1": 0.0035765196174948476,
        "nauc_ndcg_at_1_max": -0.35158228018158977,
        "nauc_ndcg_at_1_std": 0.04455942322627597,
        "nauc_ndcg_at_20_diff1": 0.03139365142306305,
        "nauc_ndcg_at_20_max": -0.26471565760830995,
        "nauc_ndcg_at_20_std": 0.07321400571795122,
        "nauc_ndcg_at_3_diff1": -0.01405911012335396,
        "nauc_ndcg_at_3_max": -0.33890702902035036,
        "nauc_ndcg_at_3_std": 0.09119451433157483,
        "nauc_ndcg_at_5_diff1": -0.014429623648940747,
        "nauc_ndcg_at_5_max": -0.3261593949809829,
        "nauc_ndcg_at_5_std": 0.07903871850632926,
        "nauc_precision_at_1000_diff1": -0.0011072643845281955,
        "nauc_precision_at_1000_max": -0.22281484302392612,
        "nauc_precision_at_1000_std": 0.09827089605570251,
        "nauc_precision_at_100_diff1": -0.008028331582754792,
        "nauc_precision_at_100_max": -0.26679402837229094,
        "nauc_precision_at_100_std": 0.09903656286848783,
        "nauc_precision_at_10_diff1": 0.032393282745355315,
        "nauc_precision_at_10_max": -0.285852468957279,
        "nauc_precision_at_10_std": 0.08705716333650436,
        "nauc_precision_at_1_diff1": 0.0035765196174948476,
        "nauc_precision_at_1_max": -0.35158228018158977,
        "nauc_precision_at_1_std": 0.04455942322627597,
        "nauc_precision_at_20_diff1": 0.009511492818586188,
        "nauc_precision_at_20_max": -0.27949226245844955,
        "nauc_precision_at_20_std": 0.10614310473052392,
        "nauc_precision_at_3_diff1": -0.016151311539445302,
        "nauc_precision_at_3_max": -0.33518440195490073,
        "nauc_precision_at_3_std": 0.0940339911911854,
        "nauc_precision_at_5_diff1": -0.01449021875850639,
        "nauc_precision_at_5_max": -0.32453775972417226,
        "nauc_precision_at_5_std": 0.06751928987163255,
        "nauc_recall_at_1000_diff1": 0.035355121201933445,
        "nauc_recall_at_1000_max": -0.13578080699657263,
        "nauc_recall_at_1000_std": 0.11947639639502966,
        "nauc_recall_at_100_diff1": 0.04199250174709848,
        "nauc_recall_at_100_max": -0.19604225046209645,
        "nauc_recall_at_100_std": 0.07205971135593826,
        "nauc_recall_at_10_diff1": 0.09651576303414361,
        "nauc_recall_at_10_max": -0.2225255813507488,
        "nauc_recall_at_10_std": 0.056091377133397194,
        "nauc_recall_at_1_diff1": -0.06244747167880987,
        "nauc_recall_at_1_max": -0.384825458565397,
        "nauc_recall_at_1_std": -0.02079323704495106,
        "nauc_recall_at_20_diff1": 0.06574843828237949,
        "nauc_recall_at_20_max": -0.22919026353630575,
        "nauc_recall_at_20_std": 0.07558643638656944,
        "nauc_recall_at_3_diff1": -0.0075256967296652095,
        "nauc_recall_at_3_max": -0.28259703491745036,
        "nauc_recall_at_3_std": 0.07991343871174306,
        "nauc_recall_at_5_diff1": 0.020762755703238968,
        "nauc_recall_at_5_max": -0.27228007214441685,