{
  "dataset_revision": "cfe15bd2791dde5f8f20aebecf0b4eb3812972d6",
  "evaluation_time": 89.90353536605835,
  "kg_co2_emissions": 0.003360051935294687,
  "mteb_version": "1.14.15",
  "scores": {
    "test": [
      {
        "cv_recall_at_1": 0.01632,
        "cv_recall_at_10": 0.08453,
        "cv_recall_at_100": 0.32537,
        "cv_recall_at_1000": 0.69354,
        "cv_recall_at_20": 0.13225,
        "cv_recall_at_3": 0.03608,
        "cv_recall_at_5": 0.05325,
        "hf_subset": "default",
        "languages": [
          "eng-Latn"
        ],
        "main_score": 0.04435,
        "map_at_1": 0.01624,
        "map_at_10": 0.0323,
        "map_at_100": 0.0399,
        "map_at_1000": 0.04131,
        "map_at_20": 0.03555,
        "map_at_3": 0.02438,
        "map_at_5": 0.02824,
        "mrr_at_1": 0.016324720867427145,
        "mrr_at_10": 0.03243030722977524,
        "mrr_at_100": 0.04003699982934343,
        "mrr_at_1000": 0.0414330940688978,
        "mrr_at_20": 0.035699285895281874,
        "mrr_at_3": 0.024500517285393746,
        "mrr_at_5": 0.028368065352627526,
        "nauc_cv_recall_at_1000_diff1": 0.06544706744881172,
        "nauc_cv_recall_at_1000_max": 0.3837700360153417,
        "nauc_cv_recall_at_1000_std": 0.6355387389810239,
        "nauc_cv_recall_at_100_diff1": 0.05855940781242584,
        "nauc_cv_recall_at_100_max": 0.3526234033746114,
        "nauc_cv_recall_at_100_std": 0.5345855371446179,
        "nauc_cv_recall_at_10_diff1": 0.08518930205059472,
        "nauc_cv_recall_at_10_max": 0.24171375878827234,
        "nauc_cv_recall_at_10_std": 0.3202348921275091,
        "nauc_cv_recall_at_1_diff1": 0.22130674378506768,
        "nauc_cv_recall_at_1_max": 0.2816314198996559,
        "nauc_cv_recall_at_1_std": 0.29876405479532675,
        "nauc_cv_recall_at_20_diff1": 0.07741139618459406,
        "nauc_cv_recall_at_20_max": 0.26198066412704896,
        "nauc_cv_recall_at_20_std": 0.36156611963295904,
        "nauc_cv_recall_at_3_diff1": 0.13075203978572622,
        "nauc_cv_recall_at_3_max": 0.2656428185059796,
        "nauc_cv_recall_at_3_std": 0.30482851472537387,
        "nauc_cv_recall_at_5_diff1": 0.09525715051329026,
        "nauc_cv_recall_at_5_max": 0.25428638093165756,
        "nauc_cv_recall_at_5_std": 0.3122132167596271,
        "nauc_map_at_1000_diff1": 0.12507743057919907,
        "nauc_map_at_1000_max": 0.272893209403173,
        "nauc_map_at_1000_std": 0.34314012593522664,
        "nauc_map_at_100_diff1": 0.12485600070600401,
        "nauc_map_at_100_max": 0.2713092617838735,
        "nauc_map_at_100_std": 0.33977923246153385,
        "nauc_map_at_10_diff1": 0.1355902437275158,
        "nauc_map_at_10_max": 0.25991079311123083,
        "nauc_map_at_10_std": 0.3087730766685172,
        "nauc_map_at_1_diff1": 0.22173096664161984,
        "nauc_map_at_1_max": 0.28043954588325876,
        "nauc_map_at_1_std": 0.2978705658807814,
        "nauc_map_at_20_diff1": 0.12962418661883948,
        "nauc_map_at_20_max": 0.2620406563385159,
        "nauc_map_at_20_std": 0.31857762246871557,
        "nauc_map_at_3_diff1": 0.16434261897018967,
        "nauc_map_at_3_max": 0.2717412035986238,
        "nauc_map_at_3_std": 0.3028664012144275,
        "nauc_map_at_5_diff1": 0.14440185869287508,
        "nauc_map_at_5_max": 0.26575872946272405,
        "nauc_map_at_5_std": 0.305686959049616,
        "nauc_mrr_at_1000_diff1": 0.12446362984775626,
        "nauc_mrr_at_1000_max": 0.2739224178499641,
        "nauc_mrr_at_1000_std": 0.34414702277993753,
        "nauc_mrr_at_100_diff1": 0.12423965671332803,
        "nauc_mrr_at_100_max": 0.27246226199386436,
        "nauc_mrr_at_100_std": 0.3409615870782918,
        "nauc_mrr_at_10_diff1": 0.13484029157706487,
        "nauc_mrr_at_10_max": 0.26134692734919707,
        "nauc_mrr_at_10_std": 0.31022098303824797,
        "nauc_mrr_at_1_diff1": 0.22130674378506768,
        "nauc_mrr_at_1_max": 0.2816314198996559,
        "nauc_mrr_at_1_std": 0.29876405479532675,
        "nauc_mrr_at_20_diff1": 0.12899615723358504,
        "nauc_mrr_at_20_max": 0.2636426268195074,
        "nauc_mrr_at_20_std": 0.32023515065173125,
        "nauc_mrr_at_3_diff1": 0.1635282309834629,
        "nauc_mrr_at_3_max": 0.2733841524197489,
        "nauc_mrr_at_3_std": 0.30449663505913893,
        "nauc_mrr_at_5_diff1": 0.14371518372161368,
        "nauc_mrr_at_5_max": 0.26735027817041784,
        "nauc_mrr_at_5_std": 0.3072230068754985,
        "nauc_ndcg_at_1000_diff1": 0.09314798480024045,
        "nauc_ndcg_at_1000_max": 0.31580770027964244,
        "nauc_ndcg_at_1000_std": 0.45845108618972086,
        "nauc_ndcg_at_100_diff1": 0.08871637404699162,
        "nauc_ndcg_at_100_max": 0.30638523751035235,
        "nauc_ndcg_at_100_std": 0.4305394718627245,
        "nauc_ndcg_at_10_diff1": 0.11342074225099111,
        "nauc_ndcg_at_10_max": 0.25177912630572313,
        "nauc_ndcg_at_10_std": 0.31321157941554867,
        "nauc_ndcg_at_1_diff1": 0.22130674378506768,
        "nauc_ndcg_at_1_max": 0.2816314198996559,
        "nauc_ndcg_at_1_std": 0.29876405479532675,
        "nauc_ndcg_at_20_diff1": 0.10373397742803095,
        "nauc_ndcg_at_20_max": 0.26015795671007974,
        "nauc_ndcg_at_20_std": 0.3368233274194614,
        "nauc_ndcg_at_3_diff1": 0.15303876375706327,
        "nauc_ndcg_at_3_max": 0.26963183738561636,
        "nauc_ndcg_at_3_std": 0.30344114483676854,
        "nauc_ndcg_at_5_diff1": 0.12577052466246594,
        "nauc_ndcg_at_5_max": 0.26115727920814924,
        "nauc_ndcg_at_5_std": 0.3077669704335089,
        "nauc_precision_at_1000_diff1": 0.0652529637473325,
        "nauc_precision_at_1000_max": 0.3838966679613501,
        "nauc_precision_at_1000_std": 0.6334653718226703,
        "nauc_precision_at_100_diff1": 0.059413410571784175,
        "nauc_precision_at_100_max": 0.3559364706208563,
        "nauc_precision_at_100_std": 0.5382729898517656,
        "nauc_precision_at_10_diff1": 0.0861741989216893,
        "nauc_precision_at_10_max": 0.24263603706987227,
        "nauc_precision_at_10_std": 0.3208840095842079,
        "nauc_precision_at_1_diff1": 0.22130674378506768,
        "nauc_precision_at_1_max": 0.2816314198996559,
        "nauc_precision_at_1_std": 0.29876405479532675,
        "nauc_precision_at_20_diff1": 0.0779138234025232,
        "nauc_precision_at_20_max": 0.2628477956124541,
        "nauc_precision_at_20_std": 0.3621889630930583,
        "nauc_precision_at_3_diff1": 0.13075203978572647,
        "nauc_precision_at_3_max": 0.2656428185059799,
        "nauc_precision_at_3_std": 0.30482851472537403,
        "nauc_precision_at_5_diff1": 0.09594152483211528,
        "nauc_precision_at_5_max": 0.25485046082505264,
        "nauc_precision_at_5_std": 0.31273347907675275,
        "nauc_recall_at_1000_diff1": 0.06540850418394341,
        "nauc_recall_at_1000_max": 0.38393555718615113,
        "nauc_recall_at_1000_std": 0.6353473727791433,
        "nauc_recall_at_100_diff1": 0.05859983186243106,
        "nauc_recall_at_100_max": 0.351437284680017,
        "nauc_recall_at_100_std": 0.5326667734765848,
        "nauc_recall_at_10_diff1": 0.08556111957948093,
        "nauc_recall_at_10_max": 0.24017971599879812,
        "nauc_recall_at_10_std": 0.31864501584863836,
        "nauc_recall_at_1_diff1": 0.22173096664161984,
        "nauc_recall_at_1_max": 0.28043954588325876,
        "nauc_recall_at_1_std": 0.2978705658807814,
        "nauc_recall_at_20_diff1": 0.07740474309596336,
        "nauc_recall_at_20_max": 0.25958537017380545,
        "nauc_recall_at_20_std": 0.35883629089841806,
        "nauc_recall_at_3_diff1": 0.1316544825170855,
        "nauc_recall_at_3_max": 0.2639365724631227,
        "nauc_recall_at_3_std": 0.3030079482368323,
        "nauc_recall_at_5_diff1": 0.0953834285612769,
        "nauc_recall_at_5_max": 0.2523420864911366,
        "nauc_recall_at_5_std": 0.31030479179023307,
        "ndcg_at_1": 0.01632,
        "ndcg_at_10": 0.04435,
        "ndcg_at_100": 0.09094,