{
  "dataset_revision": "900267b49003a086979e8d52f6942624236bfc34",
  "evaluation_time": 13.222509622573853,
  "kg_co2_emissions": 0.0006019692115597247,
  "mteb_version": "1.14.15",
  "scores": {
    "test": [
      {
        "cv_recall_at_1": 0.98571,
        "cv_recall_at_10": 1.0,
        "cv_recall_at_100": 1.0,
        "cv_recall_at_1000": 1.0,
        "cv_recall_at_20": 1.0,
        "cv_recall_at_3": 1.0,
        "cv_recall_at_5": 1.0,
        "hf_subset": "default",
        "languages": [
          "eng-Latn"
        ],
        "main_score": 0.98571,
        "map_at_1": 0.00548,
        "map_at_10": 0.05392,
        "map_at_100": 0.44466,
        "map_at_1000": 0.77058,
        "map_at_20": 0.10673,
        "map_at_3": 0.0164,
        "map_at_5": 0.02725,
        "mrr_at_1": 0.9857142857142858,
        "mrr_at_10": 0.9928571428571429,
        "mrr_at_100": 0.9928571428571429,
        "mrr_at_1000": 0.9928571428571429,
        "mrr_at_20": 0.9928571428571429,
        "mrr_at_3": 0.9928571428571429,
        "mrr_at_5": 0.9928571428571429,
        "nauc_cv_recall_at_1000_diff1": NaN,
        "nauc_cv_recall_at_1000_max": NaN,
        "nauc_cv_recall_at_1000_std": NaN,
        "nauc_cv_recall_at_100_diff1": NaN,
        "nauc_cv_recall_at_100_max": NaN,
        "nauc_cv_recall_at_100_std": NaN,
        "nauc_cv_recall_at_10_diff1": NaN,
        "nauc_cv_recall_at_10_max": NaN,
        "nauc_cv_recall_at_10_std": NaN,
        "nauc_cv_recall_at_1_diff1": 0.12278244631185341,
        "nauc_cv_recall_at_1_max": 1.0,
        "nauc_cv_recall_at_1_std": 0.7222222222222228,
        "nauc_cv_recall_at_20_diff1": NaN,
        "nauc_cv_recall_at_20_max": NaN,
        "nauc_cv_recall_at_20_std": NaN,
        "nauc_cv_recall_at_3_diff1": NaN,
        "nauc_cv_recall_at_3_max": NaN,
        "nauc_cv_recall_at_3_std": NaN,
        "nauc_cv_recall_at_5_diff1": NaN,
        "nauc_cv_recall_at_5_max": NaN,
        "nauc_cv_recall_at_5_std": NaN,
        "nauc_map_at_1000_diff1": -0.36564765244004976,
        "nauc_map_at_1000_max": 0.15916537689947866,
        "nauc_map_at_1000_std": 0.27580071584268234,
        "nauc_map_at_100_diff1": -0.1364195425738981,
        "nauc_map_at_100_max": -0.06732520657096155,
        "nauc_map_at_100_std": -0.20598049446925945,
        "nauc_map_at_10_diff1": -0.041907138481304895,
        "nauc_map_at_10_max": -0.06824510542499827,
        "nauc_map_at_10_std": -0.3232962376230383,
        "nauc_map_at_1_diff1": 0.006280729585734342,
        "nauc_map_at_1_max": -0.08527147818901441,
        "nauc_map_at_1_std": -0.345213788145601,
        "nauc_map_at_20_diff1": -0.05286081322913721,
        "nauc_map_at_20_max": -0.05592939708832027,
        "nauc_map_at_20_std": -0.3090890325625222,
        "nauc_map_at_3_diff1": -0.023679474297333785,
        "nauc_map_at_3_max": -0.07965746497345348,
        "nauc_map_at_3_std": -0.33656377773837864,
        "nauc_map_at_5_diff1": -0.022043905420298722,
        "nauc_map_at_5_max": -0.08055197027456838,
        "nauc_map_at_5_std": -0.33178567699810124,
        "nauc_mrr_at_1000_diff1": 0.12278244631186143,
        "nauc_mrr_at_1000_max": 1.0,
        "nauc_mrr_at_1000_std": 0.7222222222222253,
        "nauc_mrr_at_100_diff1": 0.12278244631186143,
        "nauc_mrr_at_100_max": 1.0,
        "nauc_mrr_at_100_std": 0.7222222222222253,
        "nauc_mrr_at_10_diff1": 0.12278244631186143,
        "nauc_mrr_at_10_max": 1.0,
        "nauc_mrr_at_10_std": 0.7222222222222253,
        "nauc_mrr_at_1_diff1": 0.12278244631185341,
        "nauc_mrr_at_1_max": 1.0,
        "nauc_mrr_at_1_std": 0.7222222222222228,
        "nauc_mrr_at_20_diff1": 0.12278244631186143,
        "nauc_mrr_at_20_max": 1.0,
        "nauc_mrr_at_20_std": 0.7222222222222253,
        "nauc_mrr_at_3_diff1": 0.12278244631186143,
        "nauc_mrr_at_3_max": 1.0,
        "nauc_mrr_at_3_std": 0.7222222222222253,
        "nauc_mrr_at_5_diff1": 0.12278244631186143,
        "nauc_mrr_at_5_max": 1.0,
        "nauc_mrr_at_5_std": 0.7222222222222253,
        "nauc_ndcg_at_1000_diff1": -0.2377898460669494,
        "nauc_ndcg_at_1000_max": 0.07749558666488716,
        "nauc_ndcg_at_1000_std": 0.24486755476399025,
        "nauc_ndcg_at_100_diff1": -0.5499357790075672,
        "nauc_ndcg_at_100_max": 0.3369624400006165,
        "nauc_ndcg_at_100_std": 0.6596544481876796,
        "nauc_ndcg_at_10_diff1": -0.8419180181119242,
        "nauc_ndcg_at_10_max": 0.7837801021843019,
        "nauc_ndcg_at_10_std": 0.7824443445477266,
        "nauc_ndcg_at_1_diff1": 0.12278244631185341,
        "nauc_ndcg_at_1_max": 1.0,
        "nauc_ndcg_at_1_std": 0.7222222222222228,
        "nauc_ndcg_at_20_diff1": -0.8346995323757139,
        "nauc_ndcg_at_20_max": 0.7682261523073568,
        "nauc_ndcg_at_20_std": 0.8109824506175817,
        "nauc_ndcg_at_3_diff1": -1.0319448509819715,
        "nauc_ndcg_at_3_max": 1.0,
        "nauc_ndcg_at_3_std": 0.8944183981344592,
        "nauc_ndcg_at_5_diff1": -0.8689395857236699,
        "nauc_ndcg_at_5_max": 0.8630186955301455,
        "nauc_ndcg_at_5_std": 0.8694163337143563,
        "nauc_precision_at_1000_diff1": -0.04660369452365269,
        "nauc_precision_at_1000_max": 0.2399942009362955,
        "nauc_precision_at_1000_std": 0.2692214693860501,
        "nauc_precision_at_100_diff1": -0.39092484614872786,
        "nauc_precision_at_100_max": 0.2853022629142025,
        "nauc_precision_at_100_std": 0.6288832930623965,
        "nauc_precision_at_10_diff1": -0.8673230322976514,
        "nauc_precision_at_10_max": 0.7369052267529407,
        "nauc_precision_at_10_std": 0.7599152116918697,
        "nauc_precision_at_1_diff1": 0.12278244631185341,
        "nauc_precision_at_1_max": 1.0,
        "nauc_precision_at_1_std": 0.7222222222222228,
        "nauc_precision_at_20_diff1": -0.8209317555666048,
        "nauc_precision_at_20_max": 0.7357278352377972,
        "nauc_precision_at_20_std": 0.8015446456799593,
        "nauc_precision_at_3_diff1": -1.2742763772175396,
        "nauc_precision_at_3_max": 1.0,
        "nauc_precision_at_3_std": 0.9305555555555517,
        "nauc_precision_at_5_diff1": -0.9330398826197039,
        "nauc_precision_at_5_max": 0.8109910630919043,
        "nauc_precision_at_5_std": 0.8779511804721872,
        "nauc_recall_at_1000_diff1": -0.03406563033313074,
        "nauc_recall_at_1000_max": -0.08305611735712556,
        "nauc_recall_at_1000_std": 0.08353246928406224,
        "nauc_recall_at_100_diff1": -0.0880970989798482,
        "nauc_recall_at_100_max": -0.10168082282460664,
        "nauc_recall_at_100_std": -0.2671750275809987,
        "nauc_recall_at_10_diff1": -0.03210997613318798,
        "nauc_recall_at_10_max": -0.08311372232433716,
        "nauc_recall_at_10_std": -0.3401398292255781,
        "nauc_recall_at_1_diff1": 0.006280729585734342,
        "nauc_recall_at_1_max": -0.08527147818901441,
        "nauc_recall_at_1_std": -0.345213788145601,
        "nauc_recall_at_20_diff1": -0.03332334156966219,
        "nauc_recall_at_20_max": -0.07709987440909735,
        "nauc_recall_at_20_std": -0.33302581959014754,
        "nauc_recall_at_3_diff1": -0.024793039060066163,
        "nauc_recall_at_3_max": -0.08798100954611424,
        "nauc_recall_at_3_std": -0.34441376773389076,
        "nauc_recall_at_5_diff1": -0.015875751206340567,
        "nauc_recall_at_5_max": -0.09286820242382751,
        "nauc_recall_at_5_std": -0.3446282955631222,
        "ndcg_at_1": 0.98571,
        "ndcg_at_10": 0.97811,
        "ndcg_at_100": 0.91958,
        "ndcg_at_1000": 0.90932,
        "ndcg_at_20": 0.97318,
        "ndcg_at_3": 0.98236,
        "ndcg_at_5": 0.98121,
        "precision_at_1": 0.98571,
        "precision_at_10": 0.97571,
        "precision_at_100": 0.87743,
        "precision_at_1000": 0.22463,
        "precision_at_20": 0.97,
        "precision_at_3": 0.98095,
        "precision_at_5": 0.98,
        "recall_at_1": 0.00548,
        "recall_at_10": 0.05436,
        "recall_at_100": 0.46107,