{
  "dataset_revision": "0b3a1622902e6258425e673405bdfb1e5dfa8618",
  "evaluation_time": 1681.5071737766266,
  "kg_co2_emissions": 0.07066642795995641,
  "mteb_version": "1.14.15",
  "scores": {
    "test": [
      {
        "cv_recall_at_1": 0.60078,
        "cv_recall_at_10": 0.7758,
        "cv_recall_at_100": 0.88932,
        "cv_recall_at_1000": 0.96186,
        "cv_recall_at_20": 0.81485,
        "cv_recall_at_3": 0.6959,
        "cv_recall_at_5": 0.73257,
        "hf_subset": "default",
        "languages": [
          "eng-Latn"
        ],
        "main_score": 0.60078,
        "map_at_1": 0.18847,
        "map_at_10": 0.46789,
        "map_at_100": 0.49596,
        "map_at_1000": 0.49883,
        "map_at_20": 0.48454,
        "map_at_3": 0.35768,
        "map_at_5": 0.42059,
        "mrr_at_1": 0.9996334952062839,
        "mrr_at_10": 0.9998091120866063,
        "mrr_at_100": 0.9998091120866063,
        "mrr_at_1000": 0.9998091120866063,
        "mrr_at_20": 0.9998091120866063,
        "mrr_at_3": 0.9998070296730056,
        "mrr_at_5": 0.9998091120866063,
        "nauc_cv_recall_at_1000_diff1": -0.5492659796926271,
        "nauc_cv_recall_at_1000_max": -0.00483539501267484,
        "nauc_cv_recall_at_1000_std": 0.3971434325823912,
        "nauc_cv_recall_at_100_diff1": -0.4914970958846059,
        "nauc_cv_recall_at_100_max": 0.004082727251813778,
        "nauc_cv_recall_at_100_std": 0.35141229703226845,
        "nauc_cv_recall_at_10_diff1": -0.47812413697779643,
        "nauc_cv_recall_at_10_max": 0.002501355130852209,
        "nauc_cv_recall_at_10_std": 0.2737742205306575,
        "nauc_cv_recall_at_1_diff1": -0.46125100751677334,
        "nauc_cv_recall_at_1_max": 0.00535494999948839,
        "nauc_cv_recall_at_1_std": 0.15523956470478154,
        "nauc_cv_recall_at_20_diff1": -0.4730017171956654,
        "nauc_cv_recall_at_20_max": 0.005579247689747079,
        "nauc_cv_recall_at_20_std": 0.29869046441612535,
        "nauc_cv_recall_at_3_diff1": -0.4690317600530817,
        "nauc_cv_recall_at_3_max": 0.0026957252685166485,
        "nauc_cv_recall_at_3_std": 0.2142799566830308,
        "nauc_cv_recall_at_5_diff1": -0.4781182873562857,
        "nauc_cv_recall_at_5_max": 0.0037300816151170407,
        "nauc_cv_recall_at_5_std": 0.2454181901825303,
        "nauc_map_at_1000_diff1": -0.3068413447158016,
        "nauc_map_at_1000_max": 0.003966576389989917,
        "nauc_map_at_1000_std": 0.26479932158508335,
        "nauc_map_at_100_diff1": -0.30556746725120826,
        "nauc_map_at_100_max": 0.003965832079500692,
        "nauc_map_at_100_std": 0.26350801444706534,
        "nauc_map_at_10_diff1": -0.2905823725499965,
        "nauc_map_at_10_max": 0.003210693139198645,
        "nauc_map_at_10_std": 0.2353692251617585,
        "nauc_map_at_1_diff1": 0.040597515609606984,
        "nauc_map_at_1_max": -0.006877265923081543,
        "nauc_map_at_1_std": 0.11170451750112219,
        "nauc_map_at_20_diff1": -0.2998226630011339,
        "nauc_map_at_20_max": 0.003879149534894147,
        "nauc_map_at_20_std": 0.2526248634657943,
        "nauc_map_at_3_diff1": -0.19193982552978567,
        "nauc_map_at_3_max": -0.003632752081533675,
        "nauc_map_at_3_std": 0.16248850577437587,
        "nauc_map_at_5_diff1": -0.24973982634436245,
        "nauc_map_at_5_max": -0.00013111182362164284,
        "nauc_map_at_5_std": 0.1942323916481921,
        "nauc_mrr_at_1000_diff1": 1.0,
        "nauc_mrr_at_1000_max": -0.330954793253602,
        "nauc_mrr_at_1000_std": -0.22300831850427327,
        "nauc_mrr_at_100_diff1": 1.0,
        "nauc_mrr_at_100_max": -0.330954793253602,
        "nauc_mrr_at_100_std": -0.22300831850427327,
        "nauc_mrr_at_10_diff1": 1.0,
        "nauc_mrr_at_10_max": -0.330954793253602,
        "nauc_mrr_at_10_std": -0.22300831850427327,
        "nauc_mrr_at_1_diff1": 1.0,
        "nauc_mrr_at_1_max": -0.33426348326146604,
        "nauc_mrr_at_1_std": -0.22516139965442533,
        "nauc_mrr_at_20_diff1": 1.0,
        "nauc_mrr_at_20_max": -0.330954793253602,
        "nauc_mrr_at_20_std": -0.22300831850427327,
        "nauc_mrr_at_3_diff1": 1.0,
        "nauc_mrr_at_3_max": -0.323519202043457,
        "nauc_mrr_at_3_std": -0.22245068597596093,
        "nauc_mrr_at_5_diff1": 1.0,
        "nauc_mrr_at_5_max": -0.330954793253602,
        "nauc_mrr_at_5_std": -0.22300831850427327,
        "nauc_ndcg_at_1000_diff1": -0.34038422528023565,
        "nauc_ndcg_at_1000_max": 0.004744421971735838,
        "nauc_ndcg_at_1000_std": 0.32334242454598994,
        "nauc_ndcg_at_100_diff1": -0.3271955632271893,
        "nauc_ndcg_at_100_max": 0.00521998227661861,
        "nauc_ndcg_at_100_std": 0.31130173746564704,
        "nauc_ndcg_at_10_diff1": -0.31784311130783055,
        "nauc_ndcg_at_10_max": 0.003707362411872656,
        "nauc_ndcg_at_10_std": 0.25687529419488814,
        "nauc_ndcg_at_1_diff1": 1.0,
        "nauc_ndcg_at_1_max": -0.30581872075023264,
        "nauc_ndcg_at_1_std": -0.22516139965442533,
        "nauc_ndcg_at_20_diff1": -0.3151260533378672,
        "nauc_ndcg_at_20_max": 0.004721259657083979,
        "nauc_ndcg_at_20_std": 0.27940362199041946,
        "nauc_ndcg_at_3_diff1": -0.4084253393291685,
        "nauc_ndcg_at_3_max": 0.003377124091608225,
        "nauc_ndcg_at_3_std": 0.17806529987927147,
        "nauc_ndcg_at_5_diff1": -0.3672651715208447,
        "nauc_ndcg_at_5_max": 0.0036769227145935536,
        "nauc_ndcg_at_5_std": 0.2191592163799309,
        "nauc_precision_at_1000_diff1": -0.19223466850585397,
        "nauc_precision_at_1000_max": 0.0065461771994222194,
        "nauc_precision_at_1000_std": 0.12940660438015733,
        "nauc_precision_at_100_diff1": -0.26073389186121876,
        "nauc_precision_at_100_max": 0.009746430044436209,
        "nauc_precision_at_100_std": 0.2088962778151901,
        "nauc_precision_at_10_diff1": -0.3232349776965772,
        "nauc_precision_at_10_max": 0.010489642779388863,
        "nauc_precision_at_10_std": 0.19508299398432025,
        "nauc_precision_at_1_diff1": 1.0,
        "nauc_precision_at_1_max": -0.30581872075023264,
        "nauc_precision_at_1_std": -0.22516139965442533,
        "nauc_precision_at_20_diff1": -0.3022466986691282,
        "nauc_precision_at_20_max": 0.01051707753715926,
        "nauc_precision_at_20_std": 0.21029691493706854,
        "nauc_precision_at_3_diff1": -0.39982367554269294,
        "nauc_precision_at_3_max": 0.005796948479907074,
        "nauc_precision_at_3_std": 0.15688282185230928,
        "nauc_precision_at_5_diff1": -0.35178354883931356,
        "nauc_precision_at_5_max": 0.008627633468028811,
        "nauc_precision_at_5_std": 0.1666229949523565,
        "nauc_recall_at_1000_diff1": -0.28942313405715875,
        "nauc_recall_at_1000_max": 0.00378599244496101,
        "nauc_recall_at_1000_std": 0.42198284772203803,
        "nauc_recall_at_100_diff1": -0.2817248423170578,
        "nauc_recall_at_100_max": 0.0064747116989822785,
        "nauc_recall_at_100_std": 0.36143380957683124,
        "nauc_recall_at_10_diff1": -0.27267381263025275,
        "nauc_recall_at_10_max": 0.0027472232388795173,
        "nauc_recall_at_10_std": 0.25696352513032455,
        "nauc_recall_at_1_diff1": 0.040597515609606984,
        "nauc_recall_at_1_max": -0.006877265923081543,
        "nauc_recall_at_1_std": 0.11170451750112219,
        "nauc_recall_at_20_diff1": -0.27790227812438334,
        "nauc_recall_at_20_max": 0.005078675600233034,
        "nauc_recall_at_20_std": 0.2953020418787584,
        "nauc_recall_at_3_diff1": -0.1861027581088356,
        "nauc_recall_at_3_max": -0.003827317757215441,
        "nauc_recall_at_3_std": 0.1643140832810747,
        "nauc_recall_at_5_diff1": -0.23610353476124524,
        "nauc_recall_at_5_max": -0.0004298623411806099,
        "nauc_recall_at_5_std": 0.20086766523593472,
        "ndcg_at_1": 0.99963,
        "ndcg_at_10": 0.60739,
        "ndcg_at_100": 0.65611,
        "ndcg_at_1000": 0.69055,
        "ndcg_at_20": 0.62145,