{
  "dataset_revision": "5fe59d7e52732b86d11ee0e9c4a8cdb0e8ba7a6e",
  "evaluation_time": 34.086918354034424,
  "kg_co2_emissions": 0.0010489992675299614,
  "mteb_version": "1.14.15",
  "scores": {
    "test": [
      {
        "cv_recall_at_1": 0.11,
        "cv_recall_at_10": 0.36,
        "cv_recall_at_100": 0.63,
        "cv_recall_at_1000": 1.0,
        "cv_recall_at_20": 0.43,
        "cv_recall_at_3": 0.24,
        "cv_recall_at_5": 0.27,
        "hf_subset": "default",
        "languages": [
          "eng-Latn"
        ],
        "main_score": 0.20595,
        "map_at_1": 0.12,
        "map_at_10": 0.19308,
        "map_at_100": 0.20138,
        "map_at_1000": 0.20275,
        "map_at_20": 0.19688,
        "map_at_3": 0.17333,
        "map_at_5": 0.18133,
        "mrr_at_1": 0.11,
        "mrr_at_10": 0.1868531746031746,
        "mrr_at_100": 0.1962220144174699,
        "mrr_at_1000": 0.1975895686495802,
        "mrr_at_20": 0.1917179250488074,
        "mrr_at_3": 0.16833333333333336,
        "mrr_at_5": 0.17433333333333337,
        "nauc_cv_recall_at_1000_diff1": NaN,
        "nauc_cv_recall_at_1000_max": NaN,
        "nauc_cv_recall_at_1000_std": NaN,
        "nauc_cv_recall_at_100_diff1": 0.11089174070417863,
        "nauc_cv_recall_at_100_max": 0.44503987840611753,
        "nauc_cv_recall_at_100_std": 0.3796204891960075,
        "nauc_cv_recall_at_10_diff1": 0.018146748543536446,
        "nauc_cv_recall_at_10_max": 0.47084448643258264,
        "nauc_cv_recall_at_10_std": 0.24905526688710428,
        "nauc_cv_recall_at_1_diff1": 0.19105619447869734,
        "nauc_cv_recall_at_1_max": 0.5751063240808314,
        "nauc_cv_recall_at_1_std": 0.25558044140221947,
        "nauc_cv_recall_at_20_diff1": 0.06364854144178093,
        "nauc_cv_recall_at_20_max": 0.47458090023539834,
        "nauc_cv_recall_at_20_std": 0.2551403935441078,
        "nauc_cv_recall_at_3_diff1": -0.0793344116942248,
        "nauc_cv_recall_at_3_max": 0.5158009825065899,
        "nauc_cv_recall_at_3_std": 0.09035765636232933,
        "nauc_cv_recall_at_5_diff1": -0.042904431090085196,
        "nauc_cv_recall_at_5_max": 0.4690647686428274,
        "nauc_cv_recall_at_5_std": 0.17892000170481182,
        "nauc_map_at_1000_diff1": 0.04434457658108664,
        "nauc_map_at_1000_max": 0.48812462390225775,
        "nauc_map_at_1000_std": 0.11237780868581113,
        "nauc_map_at_100_diff1": 0.04485112216481495,
        "nauc_map_at_100_max": 0.48836225396189453,
        "nauc_map_at_100_std": 0.1137141907784322,
        "nauc_map_at_10_diff1": 0.04214188560640368,
        "nauc_map_at_10_max": 0.4894679061185641,
        "nauc_map_at_10_std": 0.10921545620634568,
        "nauc_map_at_1_diff1": 0.13576912141029288,
        "nauc_map_at_1_max": 0.4907354753103972,
        "nauc_map_at_1_std": 0.0953464126623068,
        "nauc_map_at_20_diff1": 0.044194198462936395,
        "nauc_map_at_20_max": 0.4898574010413744,
        "nauc_map_at_20_std": 0.1099265351744019,
        "nauc_map_at_3_diff1": 0.01640234966841373,
        "nauc_map_at_3_max": 0.507035344377934,
        "nauc_map_at_3_std": 0.07256401977099448,
        "nauc_map_at_5_diff1": 0.03347488849633537,
        "nauc_map_at_5_max": 0.48852756604823216,
        "nauc_map_at_5_std": 0.09094990386773781,
        "nauc_mrr_at_1000_diff1": 0.06071672545288909,
        "nauc_mrr_at_1000_max": 0.5208904157864168,
        "nauc_mrr_at_1000_std": 0.19112773819268616,
        "nauc_mrr_at_100_diff1": 0.061170937510439484,
        "nauc_mrr_at_100_max": 0.5210048929510069,
        "nauc_mrr_at_100_std": 0.19218512566858867,
        "nauc_mrr_at_10_diff1": 0.056195146969241126,
        "nauc_mrr_at_10_max": 0.5228502203619289,
        "nauc_mrr_at_10_std": 0.18760524291053585,
        "nauc_mrr_at_1_diff1": 0.19105619447869734,
        "nauc_mrr_at_1_max": 0.5751063240808314,
        "nauc_mrr_at_1_std": 0.25558044140221947,
        "nauc_mrr_at_20_diff1": 0.060348794183643674,
        "nauc_mrr_at_20_max": 0.5223677080038381,
        "nauc_mrr_at_20_std": 0.1878465800222926,
        "nauc_mrr_at_3_diff1": 0.034539081690695965,
        "nauc_mrr_at_3_max": 0.5393804002071899,
        "nauc_mrr_at_3_std": 0.15137898928141283,
        "nauc_mrr_at_5_diff1": 0.042633314129420084,
        "nauc_mrr_at_5_max": 0.5266853941388988,
        "nauc_mrr_at_5_std": 0.173995602951677,
        "nauc_ndcg_at_1000_diff1": 0.04279684339701924,
        "nauc_ndcg_at_1000_max": 0.48002852660877615,
        "nauc_ndcg_at_1000_std": 0.14038436379700212,
        "nauc_ndcg_at_100_diff1": 0.0529001643205369,
        "nauc_ndcg_at_100_max": 0.4773453244886169,
        "nauc_ndcg_at_100_std": 0.1735674303310254,
        "nauc_ndcg_at_10_diff1": 0.03679143009809295,
        "nauc_ndcg_at_10_max": 0.48193364919474535,
        "nauc_ndcg_at_10_std": 0.1477055568383059,
        "nauc_ndcg_at_1_diff1": 0.13576912141029288,
        "nauc_ndcg_at_1_max": 0.4907354753103972,
        "nauc_ndcg_at_1_std": 0.0953464126623068,
        "nauc_ndcg_at_20_diff1": 0.04533027876691793,
        "nauc_ndcg_at_20_max": 0.4842759916290305,
        "nauc_ndcg_at_20_std": 0.15076254669379058,
        "nauc_ndcg_at_3_diff1": -0.012364427689028838,
        "nauc_ndcg_at_3_max": 0.5097634288940679,
        "nauc_ndcg_at_3_std": 0.07712185379909567,
        "nauc_ndcg_at_5_diff1": 0.01916583798781296,
        "nauc_ndcg_at_5_max": 0.4764843015261437,
        "nauc_ndcg_at_5_std": 0.10995148135164075,
        "nauc_precision_at_1000_diff1": NaN,
        "nauc_precision_at_1000_max": NaN,
        "nauc_precision_at_1000_std": NaN,
        "nauc_precision_at_100_diff1": 0.11089174070417901,
        "nauc_precision_at_100_max": 0.44503987840611703,
        "nauc_precision_at_100_std": 0.3796204891960078,
        "nauc_precision_at_10_diff1": 0.03382128259705648,
        "nauc_precision_at_10_max": 0.4651536321968165,
        "nauc_precision_at_10_std": 0.24442732341764728,
        "nauc_precision_at_1_diff1": 0.13576912141029288,
        "nauc_precision_at_1_max": 0.4907354753103972,
        "nauc_precision_at_1_std": 0.0953464126623068,
        "nauc_precision_at_20_diff1": 0.06364854144178175,
        "nauc_precision_at_20_max": 0.4745809002353986,
        "nauc_precision_at_20_std": 0.25514039354410817,
        "nauc_precision_at_3_diff1": -0.07933441169422459,
        "nauc_precision_at_3_max": 0.51580098250659,
        "nauc_precision_at_3_std": 0.09035765636232923,
        "nauc_precision_at_5_diff1": -0.007723895189675689,
        "nauc_precision_at_5_max": 0.44457790938041203,
        "nauc_precision_at_5_std": 0.15932454327057352,
        "nauc_recall_at_1000_diff1": NaN,
        "nauc_recall_at_1000_max": NaN,
        "nauc_recall_at_1000_std": NaN,
        "nauc_recall_at_100_diff1": 0.11089174070417863,
        "nauc_recall_at_100_max": 0.44503987840611753,
        "nauc_recall_at_100_std": 0.3796204891960075,
        "nauc_recall_at_10_diff1": 0.03382128259705663,
        "nauc_recall_at_10_max": 0.46515363219681616,
        "nauc_recall_at_10_std": 0.24442732341764714,
        "nauc_recall_at_1_diff1": 0.13576912141029288,
        "nauc_recall_at_1_max": 0.4907354753103972,
        "nauc_recall_at_1_std": 0.0953464126623068,
        "nauc_recall_at_20_diff1": 0.06364854144178093,
        "nauc_recall_at_20_max": 0.47458090023539834,
        "nauc_recall_at_20_std": 0.2551403935441078,
        "nauc_recall_at_3_diff1": -0.0793344116942248,
        "nauc_recall_at_3_max": 0.5158009825065899,
        "nauc_recall_at_3_std": 0.09035765636232933,
        "nauc_recall_at_5_diff1": -0.007723895189675594,
        "nauc_recall_at_5_max": 0.4445779093804121,
        "nauc_recall_at_5_std": 0.1593245432705737,
        "ndcg_at_1": 0.12,
        "ndcg_at_10": 0.23479,
        "ndcg_at_100": 0.28542,
        "ndcg_at_1000": 0.33038,
        "ndcg_at_20": 0.24952,
        "ndcg_at_3": 0.19047,
        "ndcg_at_5": 0.20595,
        "precision_at_1": 0.12,
        "precision_at_10": 0.037,