{
  "dataset_revision": "0821bc71310cfa51d5c8131d4d8b9c4d537bd8c8",
  "evaluation_time": 36.377817153930664,
  "kg_co2_emissions": 0.001124594085963002,
  "mteb_version": "1.14.15",
  "scores": {
    "test": [
      {
        "cv_recall_at_1": 0.0,
        "cv_recall_at_10": 0.01,
        "cv_recall_at_100": 0.2,
        "cv_recall_at_1000": 1.0,
        "cv_recall_at_20": 0.03,
        "cv_recall_at_3": 0.0,
        "cv_recall_at_5": 0.0,
        "hf_subset": "default",
        "languages": [
          "eng-Latn"
        ],
        "main_score": 0.0,
        "map_at_1": 0.0,
        "map_at_10": 0.00143,
        "map_at_100": 0.00656,
        "map_at_1000": 0.00864,
        "map_at_20": 0.00243,
        "map_at_3": 0.0,
        "map_at_5": 0.0,
        "mrr_at_1": 0.0,
        "mrr_at_10": 0.0014285714285714286,
        "mrr_at_100": 0.00656259013345185,
        "mrr_at_1000": 0.008640727752862551,
        "mrr_at_20": 0.0024285714285714284,
        "mrr_at_3": 0.0,
        "mrr_at_5": 0.0,
        "nauc_cv_recall_at_1000_diff1": NaN,
        "nauc_cv_recall_at_1000_max": NaN,
        "nauc_cv_recall_at_1000_std": NaN,
        "nauc_cv_recall_at_100_diff1": -0.14105586051017124,
        "nauc_cv_recall_at_100_max": -0.048191798514691686,
        "nauc_cv_recall_at_100_std": 0.10092024539877281,
        "nauc_cv_recall_at_10_diff1": 0.09847061980144886,
        "nauc_cv_recall_at_10_max": -0.318486718540381,
        "nauc_cv_recall_at_10_std": 0.6619264824255433,
        "nauc_cv_recall_at_1_diff1": NaN,
        "nauc_cv_recall_at_1_max": NaN,
        "nauc_cv_recall_at_1_std": NaN,
        "nauc_cv_recall_at_20_diff1": -0.17950093909310436,
        "nauc_cv_recall_at_20_max": -0.4392272605312584,
        "nauc_cv_recall_at_20_std": 0.44781325462838745,
        "nauc_cv_recall_at_3_diff1": NaN,
        "nauc_cv_recall_at_3_max": NaN,
        "nauc_cv_recall_at_3_std": NaN,
        "nauc_cv_recall_at_5_diff1": NaN,
        "nauc_cv_recall_at_5_max": NaN,
        "nauc_cv_recall_at_5_std": NaN,
        "nauc_map_at_1000_diff1": -0.06833006727685353,
        "nauc_map_at_1000_max": -0.11635753690684496,
        "nauc_map_at_1000_std": 0.23907644338323375,
        "nauc_map_at_100_diff1": -0.06680531229619516,
        "nauc_map_at_100_max": -0.11312264277967767,
        "nauc_map_at_100_std": 0.2532341117272006,
        "nauc_map_at_10_diff1": 0.09847061980144896,
        "nauc_map_at_10_max": -0.318486718540381,
        "nauc_map_at_10_std": 0.6619264824255434,
        "nauc_map_at_1_diff1": NaN,
        "nauc_map_at_1_max": NaN,
        "nauc_map_at_1_std": NaN,
        "nauc_map_at_20_diff1": -0.07321769598636338,
        "nauc_map_at_20_max": -0.3930617591818053,
        "nauc_map_at_20_std": 0.5296800770214176,
        "nauc_map_at_3_diff1": NaN,
        "nauc_map_at_3_max": NaN,
        "nauc_map_at_3_std": NaN,
        "nauc_map_at_5_diff1": NaN,
        "nauc_map_at_5_max": NaN,
        "nauc_map_at_5_std": NaN,
        "nauc_mrr_at_1000_diff1": -0.06803029610423503,
        "nauc_mrr_at_1000_max": -0.11667568686661697,
        "nauc_mrr_at_1000_std": 0.24010053967314438,
        "nauc_mrr_at_100_diff1": -0.06648753893946054,
        "nauc_mrr_at_100_max": -0.11352177635448718,
        "nauc_mrr_at_100_std": 0.25432992777970076,
        "nauc_mrr_at_10_diff1": 0.09847061980144896,
        "nauc_mrr_at_10_max": -0.318486718540381,
        "nauc_mrr_at_10_std": 0.6619264824255434,
        "nauc_mrr_at_1_diff1": NaN,
        "nauc_mrr_at_1_max": NaN,
        "nauc_mrr_at_1_std": NaN,
        "nauc_mrr_at_20_diff1": -0.07321769598636338,
        "nauc_mrr_at_20_max": -0.3930617591818053,
        "nauc_mrr_at_20_std": 0.5296800770214176,
        "nauc_mrr_at_3_diff1": NaN,
        "nauc_mrr_at_3_max": NaN,
        "nauc_mrr_at_3_std": NaN,
        "nauc_mrr_at_5_diff1": NaN,
        "nauc_mrr_at_5_max": NaN,
        "nauc_mrr_at_5_std": NaN,
        "nauc_ndcg_at_1000_diff1": -0.09653791473384152,
        "nauc_ndcg_at_1000_max": -0.08283197237594625,
        "nauc_ndcg_at_1000_std": 0.14231660179166167,
        "nauc_ndcg_at_100_diff1": -0.11902677456900501,
        "nauc_ndcg_at_100_max": -0.06403517770860168,
        "nauc_ndcg_at_100_std": 0.14238982909100403,
        "nauc_ndcg_at_10_diff1": 0.09847061980144893,
        "nauc_ndcg_at_10_max": -0.318486718540381,
        "nauc_ndcg_at_10_std": 0.6619264824255435,
        "nauc_ndcg_at_1_diff1": NaN,
        "nauc_ndcg_at_1_max": NaN,
        "nauc_ndcg_at_1_std": NaN,
        "nauc_ndcg_at_20_diff1": -0.1422595203853245,
        "nauc_ndcg_at_20_max": -0.4230509686215084,
        "nauc_ndcg_at_20_std": 0.4764992122816773,
        "nauc_ndcg_at_3_diff1": NaN,
        "nauc_ndcg_at_3_max": NaN,
        "nauc_ndcg_at_3_std": NaN,
        "nauc_ndcg_at_5_diff1": NaN,
        "nauc_ndcg_at_5_max": NaN,
        "nauc_ndcg_at_5_std": NaN,
        "nauc_precision_at_1000_diff1": NaN,
        "nauc_precision_at_1000_max": NaN,
        "nauc_precision_at_1000_std": NaN,
        "nauc_precision_at_100_diff1": -0.14105586051017122,
        "nauc_precision_at_100_max": -0.048191798514691825,
        "nauc_precision_at_100_std": 0.10092024539877285,
        "nauc_precision_at_10_diff1": 0.098470619801449,
        "nauc_precision_at_10_max": -0.3184867185403811,
        "nauc_precision_at_10_std": 0.6619264824255435,
        "nauc_precision_at_1_diff1": NaN,
        "nauc_precision_at_1_max": NaN,
        "nauc_precision_at_1_std": NaN,
        "nauc_precision_at_20_diff1": -0.17950093909310436,
        "nauc_precision_at_20_max": -0.4392272605312583,
        "nauc_precision_at_20_std": 0.44781325462838717,
        "nauc_precision_at_3_diff1": NaN,
        "nauc_precision_at_3_max": NaN,
        "nauc_precision_at_3_std": NaN,
        "nauc_precision_at_5_diff1": NaN,
        "nauc_precision_at_5_max": NaN,
        "nauc_precision_at_5_std": NaN,
        "nauc_recall_at_1000_diff1": NaN,
        "nauc_recall_at_1000_max": NaN,
        "nauc_recall_at_1000_std": NaN,
        "nauc_recall_at_100_diff1": -0.14105586051017124,
        "nauc_recall_at_100_max": -0.048191798514691686,
        "nauc_recall_at_100_std": 0.10092024539877281,
        "nauc_recall_at_10_diff1": 0.09847061980144886,
        "nauc_recall_at_10_max": -0.318486718540381,
        "nauc_recall_at_10_std": 0.6619264824255433,
        "nauc_recall_at_1_diff1": NaN,
        "nauc_recall_at_1_max": NaN,
        "nauc_recall_at_1_std": NaN,
        "nauc_recall_at_20_diff1": -0.17950093909310436,
        "nauc_recall_at_20_max": -0.4392272605312584,
        "nauc_recall_at_20_std": 0.44781325462838745,
        "nauc_recall_at_3_diff1": NaN,
        "nauc_recall_at_3_max": NaN,
        "nauc_recall_at_3_std": NaN,
        "nauc_recall_at_5_diff1": NaN,
        "nauc_recall_at_5_max": NaN,
        "nauc_recall_at_5_std": NaN,
        "ndcg_at_1": 0.0,
        "ndcg_at_10": 0.00333,
        "ndcg_at_100": 0.03887,
        "ndcg_at_1000": 0.13045,
        "ndcg_at_20": 0.00789,
        "ndcg_at_3": 0.0,
        "ndcg_at_5": 0.0,
        "precision_at_1": 0.0,
        "precision_at_10": 0.001,
        "precision_at_100": 0.002,
        "precision_at_1000": 0.001,
        "precision_at_20": 0.0015,
        "precision_at_3": 0.0,
        "precision_at_5": 0.0,
        "recall_at_1": 0.0,
        "recall_at_10": 0.01,
        "recall_at_100": 0.2,
        "recall_at_1000": 1.0,
        "recall_at_20": 0.03,
        "recall_at_3": 0.0,
        "recall_at_5": 0.0
      }
    ]
  },
  "task_name": "VidoreSyntheticDocQAEnergyRetrieval"
}