{
  "dataset_revision": "501f02a80aff50c90045b0feaa81565c4e8f889e",
  "evaluation_time": 6.905676364898682,
  "kg_co2_emissions": 0.00022090390315260085,
  "mteb_version": "1.14.15",
  "scores": {
    "test": [
      {
        "cv_recall_at_1": 0.01786,
        "cv_recall_at_10": 0.08571,
        "cv_recall_at_100": 0.58214,
        "cv_recall_at_1000": 1.0,
        "cv_recall_at_20": 0.19643,
        "cv_recall_at_3": 0.04643,
        "cv_recall_at_5": 0.05714,
        "hf_subset": "default",
        "languages": [
          "eng-Latn"
        ],
        "main_score": 0.03322,
        "map_at_1": 0.01071,
        "map_at_10": 0.03094,
        "map_at_100": 0.04485,
        "map_at_1000": 0.04746,
        "map_at_20": 0.03691,
        "map_at_3": 0.02024,
        "map_at_5": 0.02542,
        "mrr_at_1": 0.017857142857142856,
        "mrr_at_10": 0.0349702380952381,
        "mrr_at_100": 0.05048255130661438,
        "mrr_at_1000": 0.053093626380408404,
        "mrr_at_20": 0.042543738204397205,
        "mrr_at_3": 0.028571428571428567,
        "mrr_at_5": 0.031071428571428576,
        "nauc_cv_recall_at_1000_diff1": NaN,
        "nauc_cv_recall_at_1000_max": NaN,
        "nauc_cv_recall_at_1000_std": NaN,
        "nauc_cv_recall_at_100_diff1": 0.15696185434729482,
        "nauc_cv_recall_at_100_max": 0.25077532870300595,
        "nauc_cv_recall_at_100_std": 0.1916321643229314,
        "nauc_cv_recall_at_10_diff1": -0.1620829979429391,
        "nauc_cv_recall_at_10_max": 0.2532980055451211,
        "nauc_cv_recall_at_10_std": 0.03731777121903214,
        "nauc_cv_recall_at_1_diff1": -0.09380198551113492,
        "nauc_cv_recall_at_1_max": 0.29873893211698427,
        "nauc_cv_recall_at_1_std": -0.30920311242286025,
        "nauc_cv_recall_at_20_diff1": -0.04566431725791826,
        "nauc_cv_recall_at_20_max": 0.25486503085426837,
        "nauc_cv_recall_at_20_std": 0.17594244435995676,
        "nauc_cv_recall_at_3_diff1": -0.1501929784730966,
        "nauc_cv_recall_at_3_max": 0.4227776516480569,
        "nauc_cv_recall_at_3_std": -0.16218447503663502,
        "nauc_cv_recall_at_5_diff1": -0.17470485645291126,
        "nauc_cv_recall_at_5_max": 0.3239368124496916,
        "nauc_cv_recall_at_5_std": -0.10138851623289509,
        "nauc_map_at_1000_diff1": -0.08279658559949231,
        "nauc_map_at_1000_max": 0.264229807751535,
        "nauc_map_at_1000_std": -0.03732722886581996,
        "nauc_map_at_100_diff1": -0.07604865253716525,
        "nauc_map_at_100_max": 0.2652537177251388,
        "nauc_map_at_100_std": -0.029512067345498827,
        "nauc_map_at_10_diff1": -0.12057478744322163,
        "nauc_map_at_10_max": 0.2740252157350498,
        "nauc_map_at_10_std": -0.09735777308977248,
        "nauc_map_at_1_diff1": -0.09900724443251958,
        "nauc_map_at_1_max": 0.24970932832483678,
        "nauc_map_at_1_std": -0.3503264466505681,
        "nauc_map_at_20_diff1": -0.09956514619127545,
        "nauc_map_at_20_max": 0.27113081398763866,
        "nauc_map_at_20_std": -0.03767318569860943,
        "nauc_map_at_3_diff1": -0.07193137517953253,
        "nauc_map_at_3_max": 0.31182625988415213,
        "nauc_map_at_3_std": -0.23733013462965014,
        "nauc_map_at_5_diff1": -0.1407722242085573,
        "nauc_map_at_5_max": 0.2895517173559108,
        "nauc_map_at_5_std": -0.17321162301302787,
        "nauc_mrr_at_1000_diff1": -0.10274819412258004,
        "nauc_mrr_at_1000_max": 0.30051684344279944,
        "nauc_mrr_at_1000_std": -0.06254809966526126,
        "nauc_mrr_at_100_diff1": -0.09641526560064892,
        "nauc_mrr_at_100_max": 0.30044056382406564,
        "nauc_mrr_at_100_std": -0.055163719730445274,
        "nauc_mrr_at_10_diff1": -0.14711141811621917,
        "nauc_mrr_at_10_max": 0.3147760163042548,
        "nauc_mrr_at_10_std": -0.12890728382305086,
        "nauc_mrr_at_1_diff1": -0.09380198551113492,
        "nauc_mrr_at_1_max": 0.29873893211698427,
        "nauc_mrr_at_1_std": -0.30920311242286025,
        "nauc_mrr_at_20_diff1": -0.11623585917584003,
        "nauc_mrr_at_20_max": 0.3069683366546559,
        "nauc_mrr_at_20_std": -0.06270731002869466,
        "nauc_mrr_at_3_diff1": -0.13513437975136397,
        "nauc_mrr_at_3_max": 0.3881025847419729,
        "nauc_mrr_at_3_std": -0.22034589929344434,
        "nauc_mrr_at_5_diff1": -0.14729626511312802,
        "nauc_mrr_at_5_max": 0.3473123021710681,
        "nauc_mrr_at_5_std": -0.1857749240038777,
        "nauc_ndcg_at_1000_diff1": -0.049216648936844576,
        "nauc_ndcg_at_1000_max": 0.25091702471483524,
        "nauc_ndcg_at_1000_std": 0.030420488503595158,
        "nauc_ndcg_at_100_diff1": 0.025558662994356416,
        "nauc_ndcg_at_100_max": 0.2542875448724303,
        "nauc_ndcg_at_100_std": 0.09163988976479855,
        "nauc_ndcg_at_10_diff1": -0.12017518964870254,
        "nauc_ndcg_at_10_max": 0.26622912780671937,
        "nauc_ndcg_at_10_std": -0.029431872163788897,
        "nauc_ndcg_at_1_diff1": -0.09900724443251958,
        "nauc_ndcg_at_1_max": 0.24970932832483678,
        "nauc_ndcg_at_1_std": -0.3503264466505681,
        "nauc_ndcg_at_20_diff1": -0.0743476708628816,
        "nauc_ndcg_at_20_max": 0.26239152022043677,
        "nauc_ndcg_at_20_std": 0.0763595728412726,
        "nauc_ndcg_at_3_diff1": -0.06999390127445415,
        "nauc_ndcg_at_3_max": 0.32628784207963596,
        "nauc_ndcg_at_3_std": -0.22409018032790767,
        "nauc_ndcg_at_5_diff1": -0.16354049790511385,
        "nauc_ndcg_at_5_max": 0.2892905127035968,
        "nauc_ndcg_at_5_std": -0.14473387458379605,
        "nauc_precision_at_1000_diff1": NaN,
        "nauc_precision_at_1000_max": NaN,
        "nauc_precision_at_1000_std": NaN,
        "nauc_precision_at_100_diff1": 0.15696185434729523,
        "nauc_precision_at_100_max": 0.25077532870300645,
        "nauc_precision_at_100_std": 0.19163216432293162,
        "nauc_precision_at_10_diff1": -0.11551819364743549,
        "nauc_precision_at_10_max": 0.2567986295086263,
        "nauc_precision_at_10_std": 0.04446607940237587,
        "nauc_precision_at_1_diff1": -0.09900724443251958,
        "nauc_precision_at_1_max": 0.24970932832483678,
        "nauc_precision_at_1_std": -0.3503264466505681,
        "nauc_precision_at_20_diff1": -0.04566431725791819,
        "nauc_precision_at_20_max": 0.25486503085426837,
        "nauc_precision_at_20_std": 0.17594244435995673,
        "nauc_precision_at_3_diff1": -0.06723906627314187,
        "nauc_precision_at_3_max": 0.35103300241481067,
        "nauc_precision_at_3_std": -0.20311242286020922,
        "nauc_precision_at_5_diff1": -0.19776294606922448,
        "nauc_precision_at_5_max": 0.2865575529916824,
        "nauc_precision_at_5_std": -0.1060839817547624,
        "nauc_recall_at_1000_diff1": NaN,
        "nauc_recall_at_1000_max": NaN,
        "nauc_recall_at_1000_std": NaN,
        "nauc_recall_at_100_diff1": 0.15696185434729482,
        "nauc_recall_at_100_max": 0.25077532870300595,
        "nauc_recall_at_100_std": 0.1916321643229314,
        "nauc_recall_at_10_diff1": -0.11551819364743554,
        "nauc_recall_at_10_max": 0.2567986295086264,
        "nauc_recall_at_10_std": 0.04446607940237587,
        "nauc_recall_at_1_diff1": -0.09900724443251958,
        "nauc_recall_at_1_max": 0.24970932832483678,
        "nauc_recall_at_1_std": -0.3503264466505681,
        "nauc_recall_at_20_diff1": -0.04566431725791826,
        "nauc_recall_at_20_max": 0.25486503085426837,
        "nauc_recall_at_20_std": 0.17594244435995676,
        "nauc_recall_at_3_diff1": -0.06723906627314183,
        "nauc_recall_at_3_max": 0.351033002414811,
        "nauc_recall_at_3_std": -0.20311242286020928,
        "nauc_recall_at_5_diff1": -0.19776294606922468,
        "nauc_recall_at_5_max": 0.2865575529916824,
        "nauc_recall_at_5_std": -0.10608398175476252,
        "ndcg_at_1": 0.01071,
        "ndcg_at_10": 0.04756,
        "ndcg_at_100": 0.13802,
        "ndcg_at_1000": 0.19473,
        "ndcg_at_20": 0.07044,