{
  "dataset_revision": "044af162d55f82ab603fa16ffcf7f1e4dbf300e9",
  "evaluation_time": 30.600246906280518,
  "kg_co2_emissions": 0.001299781841843712,
  "mteb_version": "1.14.15",
  "scores": {
    "test": [
      {
        "cv_recall_at_1": 0.00093,
        "cv_recall_at_10": 0.0037,
        "cv_recall_at_100": 0.04029,
        "cv_recall_at_1000": 0.36536,
        "cv_recall_at_20": 0.00834,
        "cv_recall_at_3": 0.00116,
        "cv_recall_at_5": 0.00208,
        "hf_subset": "default",
        "languages": [
          "eng-Latn"
        ],
        "main_score": 0.002,
        "map_at_1": 0.00093,
        "map_at_10": 0.0015,
        "map_at_100": 0.00247,
        "map_at_1000": 0.00331,
        "map_at_20": 0.00181,
        "map_at_3": 0.00104,
        "map_at_5": 0.00126,
        "mrr_at_1": 0.0009261403102570039,
        "mrr_at_10": 0.0014970764102507565,
        "mrr_at_100": 0.0024653538158406403,
        "mrr_at_1000": 0.003310576848442879,
        "mrr_at_20": 0.0018115298934284379,
        "mrr_at_3": 0.0010419078490391295,
        "mrr_at_5": 0.0012618661727251679,
        "nauc_cv_recall_at_1000_diff1": 0.003348538142356425,
        "nauc_cv_recall_at_1000_max": -0.02253469752616015,
        "nauc_cv_recall_at_1000_std": 0.01961391858183707,
        "nauc_cv_recall_at_100_diff1": 0.010892457193193292,
        "nauc_cv_recall_at_100_max": -0.08319592082809253,
        "nauc_cv_recall_at_100_std": -0.023475747198643596,
        "nauc_cv_recall_at_10_diff1": 0.08088471195181968,
        "nauc_cv_recall_at_10_max": -0.18715225808537128,
        "nauc_cv_recall_at_10_std": -0.09107541741124477,
        "nauc_cv_recall_at_1_diff1": -0.1358075320015394,
        "nauc_cv_recall_at_1_max": -0.5161237621035808,
        "nauc_cv_recall_at_1_std": -0.24615517616037821,
        "nauc_cv_recall_at_20_diff1": 0.06407893424747585,
        "nauc_cv_recall_at_20_max": -0.19802024186112827,
        "nauc_cv_recall_at_20_std": -0.12532193760426413,
        "nauc_cv_recall_at_3_diff1": -0.08894310268644467,
        "nauc_cv_recall_at_3_max": -0.5128363870144536,
        "nauc_cv_recall_at_3_std": -0.31189014006992727,
        "nauc_cv_recall_at_5_diff1": 0.18218089361526515,
        "nauc_cv_recall_at_5_max": -0.14482346963233927,
        "nauc_cv_recall_at_5_std": -0.008145405067989421,
        "nauc_map_at_1000_diff1": 0.013464259401910586,
        "nauc_map_at_1000_max": -0.20012718557992445,
        "nauc_map_at_1000_std": -0.0889530276235738,
        "nauc_map_at_100_diff1": 0.016862329038871932,
        "nauc_map_at_100_max": -0.24960590575806596,
        "nauc_map_at_100_std": -0.12138438045605073,
        "nauc_map_at_10_diff1": -0.003838355995458952,
        "nauc_map_at_10_max": -0.3457885769674861,
        "nauc_map_at_10_std": -0.16917127126968765,
        "nauc_map_at_1_diff1": -0.1358075320015394,
        "nauc_map_at_1_max": -0.5161237621035808,
        "nauc_map_at_1_std": -0.24615517616037821,
        "nauc_map_at_20_diff1": 0.0049944404357608,
        "nauc_map_at_20_max": -0.3205438185902269,
        "nauc_map_at_20_std": -0.16671260280225278,
        "nauc_map_at_3_diff1": -0.10977173793759792,
        "nauc_map_at_3_max": -0.5142974426096212,
        "nauc_map_at_3_std": -0.2826746005545721,
        "nauc_map_at_5_diff1": 0.004071071109085353,
        "nauc_map_at_5_max": -0.3677195496104015,
        "nauc_map_at_5_std": -0.1682008232766356,
        "nauc_mrr_at_1000_diff1": 0.013464259401910586,
        "nauc_mrr_at_1000_max": -0.20012718557992445,
        "nauc_mrr_at_1000_std": -0.0889530276235738,
        "nauc_mrr_at_100_diff1": 0.016862329038871932,
        "nauc_mrr_at_100_max": -0.24960590575806596,
        "nauc_mrr_at_100_std": -0.12138438045605073,
        "nauc_mrr_at_10_diff1": -0.003838355995458952,
        "nauc_mrr_at_10_max": -0.3457885769674861,
        "nauc_mrr_at_10_std": -0.16917127126968765,
        "nauc_mrr_at_1_diff1": -0.1358075320015394,
        "nauc_mrr_at_1_max": -0.5161237621035808,
        "nauc_mrr_at_1_std": -0.24615517616037821,
        "nauc_mrr_at_20_diff1": 0.0049944404357608,
        "nauc_mrr_at_20_max": -0.3205438185902269,
        "nauc_mrr_at_20_std": -0.16671260280225278,
        "nauc_mrr_at_3_diff1": -0.10977173793759792,
        "nauc_mrr_at_3_max": -0.5142974426096212,
        "nauc_mrr_at_3_std": -0.2826746005545721,
        "nauc_mrr_at_5_diff1": 0.004071071109085353,
        "nauc_mrr_at_5_max": -0.3677195496104015,
        "nauc_mrr_at_5_std": -0.1682008232766356,
        "nauc_ndcg_at_1000_diff1": 0.0067547632808677835,
        "nauc_ndcg_at_1000_max": -0.04188392830691635,
        "nauc_ndcg_at_1000_std": 0.007540980067490269,
        "nauc_ndcg_at_100_diff1": 0.020605187124849895,
        "nauc_ndcg_at_100_max": -0.12512574469440488,
        "nauc_ndcg_at_100_std": -0.04956632201773743,
        "nauc_ndcg_at_10_diff1": 0.034627435808345236,
        "nauc_ndcg_at_10_max": -0.27661994221311675,
        "nauc_ndcg_at_10_std": -0.13424412909664143,
        "nauc_ndcg_at_1_diff1": -0.1358075320015394,
        "nauc_ndcg_at_1_max": -0.5161237621035808,
        "nauc_ndcg_at_1_std": -0.24615517616037821,
        "nauc_ndcg_at_20_diff1": 0.0401144144381676,
        "nauc_ndcg_at_20_max": -0.2501709027209765,
        "nauc_ndcg_at_20_std": -0.14129930226182702,
        "nauc_ndcg_at_3_diff1": -0.10388288143192503,
        "nauc_ndcg_at_3_max": -0.5138843600123694,
        "nauc_ndcg_at_3_std": -0.2909346770246428,
        "nauc_ndcg_at_5_diff1": 0.06534050249639892,
        "nauc_ndcg_at_5_max": -0.29178289223472736,
        "nauc_ndcg_at_5_std": -0.11433706392779541,
        "nauc_precision_at_1000_diff1": 0.0033485381423564303,
        "nauc_precision_at_1000_max": -0.022534697526160094,
        "nauc_precision_at_1000_std": 0.01961391858183666,
        "nauc_precision_at_100_diff1": 0.010892457193193282,
        "nauc_precision_at_100_max": -0.08319592082809253,
        "nauc_precision_at_100_std": -0.02347574719864352,
        "nauc_precision_at_10_diff1": 0.08088471195181952,
        "nauc_precision_at_10_max": -0.1871522580853713,
        "nauc_precision_at_10_std": -0.09107541741124489,
        "nauc_precision_at_1_diff1": -0.1358075320015394,
        "nauc_precision_at_1_max": -0.5161237621035808,
        "nauc_precision_at_1_std": -0.24615517616037821,
        "nauc_precision_at_20_diff1": 0.06407893424747585,
        "nauc_precision_at_20_max": -0.19802024186112846,
        "nauc_precision_at_20_std": -0.12532193760426416,
        "nauc_precision_at_3_diff1": -0.08894310268644456,
        "nauc_precision_at_3_max": -0.5128363870144534,
        "nauc_precision_at_3_std": -0.3118901400699272,
        "nauc_precision_at_5_diff1": 0.18218089361526538,
        "nauc_precision_at_5_max": -0.14482346963233897,
        "nauc_precision_at_5_std": -0.008145405067989277,
        "nauc_recall_at_1000_diff1": 0.003348538142356425,
        "nauc_recall_at_1000_max": -0.02253469752616015,
        "nauc_recall_at_1000_std": 0.01961391858183707,
        "nauc_recall_at_100_diff1": 0.010892457193193292,
        "nauc_recall_at_100_max": -0.08319592082809253,
        "nauc_recall_at_100_std": -0.023475747198643596,
        "nauc_recall_at_10_diff1": 0.08088471195181968,
        "nauc_recall_at_10_max": -0.18715225808537128,
        "nauc_recall_at_10_std": -0.09107541741124477,
        "nauc_recall_at_1_diff1": -0.1358075320015394,
        "nauc_recall_at_1_max": -0.5161237621035808,
        "nauc_recall_at_1_std": -0.24615517616037821,
        "nauc_recall_at_20_diff1": 0.06407893424747585,
        "nauc_recall_at_20_max": -0.19802024186112827,
        "nauc_recall_at_20_std": -0.12532193760426413,
        "nauc_recall_at_3_diff1": -0.08894310268644467,
        "nauc_recall_at_3_max": -0.5128363870144536,
        "nauc_recall_at_3_std": -0.31189014006992727,
        "nauc_recall_at_5_diff1": 0.18218089361526515,
        "nauc_recall_at_5_max": -0.14482346963233927,