{
  "dataset_revision": "b7b46b72d1ed1fa44d25e2b9c4726afab4a7ce53",
  "evaluation_time": 50.93483924865723,
  "kg_co2_emissions": null,
  "mteb_version": "1.14.15",
  "scores": {
    "test": [
      {
        "accuracy": 0.66854,
        "hf_subset": "default",
        "languages": [
          "eng-Latn"
        ],
        "main_score": 0.66854,
        "mrr_at_1": 0.6666666666666666,
        "mrr_at_10": 0.8014981273408236,
        "mrr_at_100": 0.8014981273408236,
        "mrr_at_1000": 0.8014981273408236,
        "mrr_at_20": 0.8014981273408236,
        "mrr_at_3": 0.8014981273408236,
        "mrr_at_5": 0.8014981273408236,
        "ndcg_at_1": 0.66854,
        "ndcg_at_10": 0.83928,
        "ndcg_at_100": 0.83928,
        "ndcg_at_1000": 0.83928,
        "ndcg_at_20": 0.83928,
        "ndcg_at_3": 0.83928,
        "ndcg_at_5": 0.83928
      }
    ]
  },
  "task_name": "BLINKIT2IMultiChoice"
}