{
  "dataset_revision": "a4cf34ac79215f9e2cd6a10342d84f606fc41cc3",
  "evaluation_time": 1160.816448688507,
  "kg_co2_emissions": 0.05161922847692987,
  "mteb_version": "1.14.15",
  "scores": {
    "test": [
      {
        "cv_recall_at_1": 0.41203,
        "cv_recall_at_10": 0.72452,
        "cv_recall_at_100": 0.92351,
        "cv_recall_at_1000": 0.98795,
        "cv_recall_at_20": 0.79877,
        "cv_recall_at_3": 0.57131,
        "cv_recall_at_5": 0.6393,
        "hf_subset": "default",
        "languages": [
          "eng-Latn"
        ],
        "main_score": 0.56086,
        "map_at_1": 0.41197,
        "map_at_10": 0.50936,
        "map_at_100": 0.51786,
        "map_at_1000": 0.51818,
        "map_at_20": 0.51454,
        "map_at_3": 0.48237,
        "map_at_5": 0.49793,
        "mrr_at_1": 0.41202682659444123,
        "mrr_at_10": 0.5093817820113185,
        "mrr_at_100": 0.5178757945246844,
        "mrr_at_1000": 0.5181955053591539,
        "mrr_at_20": 0.5145650452879486,
        "mrr_at_3": 0.4823789256464928,
        "mrr_at_5": 0.49792771006638215,
        "nauc_cv_recall_at_1000_diff1": 0.400450067667514,
        "nauc_cv_recall_at_1000_max": 0.3757560452395742,
        "nauc_cv_recall_at_1000_std": 0.6265642336834867,
        "nauc_cv_recall_at_100_diff1": 0.41407744279737196,
        "nauc_cv_recall_at_100_max": 0.3202559668163694,
        "nauc_cv_recall_at_100_std": 0.2332090411411169,
        "nauc_cv_recall_at_10_diff1": 0.47583947831089457,
        "nauc_cv_recall_at_10_max": 0.33003186837626886,
        "nauc_cv_recall_at_10_std": -0.12538990042859405,
        "nauc_cv_recall_at_1_diff1": 0.64360299070382,
        "nauc_cv_recall_at_1_max": 0.3915638053155242,
        "nauc_cv_recall_at_1_std": -0.1978186811518327,
        "nauc_cv_recall_at_20_diff1": 0.4519550334649049,
        "nauc_cv_recall_at_20_max": 0.31919053953318205,
        "nauc_cv_recall_at_20_std": -0.05337494663223506,
        "nauc_cv_recall_at_3_diff1": 0.5356448398578559,
        "nauc_cv_recall_at_3_max": 0.3628661586542747,
        "nauc_cv_recall_at_3_std": -0.18568841922053994,
        "nauc_cv_recall_at_5_diff1": 0.5072864282028159,
        "nauc_cv_recall_at_5_max": 0.3489025608243963,
        "nauc_cv_recall_at_5_std": -0.1631860634906704,
        "nauc_map_at_1000_diff1": 0.5922497190347069,
        "nauc_map_at_1000_max": 0.37697879776612053,
        "nauc_map_at_1000_std": -0.1827838446549086,
        "nauc_map_at_100_diff1": 0.5920820107060327,
        "nauc_map_at_100_max": 0.3769122773645928,
        "nauc_map_at_100_std": -0.18253772852745245,
        "nauc_map_at_10_diff1": 0.5907700380049805,
        "nauc_map_at_10_max": 0.37631624960509974,
        "nauc_map_at_10_std": -0.1855166582095462,
        "nauc_map_at_1_diff1": 0.643750982326885,
        "nauc_map_at_1_max": 0.39169274702174495,
        "nauc_map_at_1_std": -0.19784773638210693,
        "nauc_map_at_20_diff1": 0.5911239863587979,
        "nauc_map_at_20_max": 0.37643772427449573,
        "nauc_map_at_20_std": -0.18330965926148718,
        "nauc_map_at_3_diff1": 0.596774366026272,
        "nauc_map_at_3_max": 0.3800813511766465,
        "nauc_map_at_3_std": -0.1930639358595415,
        "nauc_map_at_5_diff1": 0.592310561925144,
        "nauc_map_at_5_max": 0.37763328885900604,
        "nauc_map_at_5_std": -0.18873084039521584,
        "nauc_mrr_at_1000_diff1": 0.5921434102211935,
        "nauc_mrr_at_1000_max": 0.37692912817970875,
        "nauc_mrr_at_1000_std": -0.18269885436523858,
        "nauc_mrr_at_100_diff1": 0.5919751893674707,
        "nauc_mrr_at_100_max": 0.3768619621568601,
        "nauc_mrr_at_100_std": -0.1824534022964892,
        "nauc_mrr_at_10_diff1": 0.5906672989331304,
        "nauc_mrr_at_10_max": 0.37628119513142144,
        "nauc_mrr_at_10_std": -0.18543352039887506,
        "nauc_mrr_at_1_diff1": 0.64360299070382,
        "nauc_mrr_at_1_max": 0.3915638053155242,
        "nauc_mrr_at_1_std": -0.1978186811518327,
        "nauc_mrr_at_20_diff1": 0.5910141684111987,
        "nauc_mrr_at_20_max": 0.3763874378705364,
        "nauc_mrr_at_20_std": -0.18323060148775663,
        "nauc_mrr_at_3_diff1": 0.5966908861399315,
        "nauc_mrr_at_3_max": 0.38003157942756016,
        "nauc_mrr_at_3_std": -0.19296121877881767,
        "nauc_mrr_at_5_diff1": 0.5922243698704538,
        "nauc_mrr_at_5_max": 0.3776069809631411,
        "nauc_mrr_at_5_std": -0.1886491591346047,
        "nauc_ndcg_at_1000_diff1": 0.5802523314172595,
        "nauc_ndcg_at_1000_max": 0.37307070432984174,
        "nauc_ndcg_at_1000_std": -0.16777657346409586,
        "nauc_ndcg_at_100_diff1": 0.5754183596529742,
        "nauc_ndcg_at_100_max": 0.3711894015755827,
        "nauc_ndcg_at_100_std": -0.15859134356898125,
        "nauc_ndcg_at_10_diff1": 0.56832581321589,
        "nauc_ndcg_at_10_max": 0.3675558346767581,
        "nauc_ndcg_at_10_std": -0.17467433484517242,
        "nauc_ndcg_at_1_diff1": 0.643750982326885,
        "nauc_ndcg_at_1_max": 0.39169274702174495,
        "nauc_ndcg_at_1_std": -0.19784773638210693,
        "nauc_ndcg_at_20_diff1": 0.5687468714136262,
        "nauc_ndcg_at_20_max": 0.36760293546345846,
        "nauc_ndcg_at_20_std": -0.16536918609633325,
        "nauc_ndcg_at_3_diff1": 0.5817064082207812,
        "nauc_ndcg_at_3_max": 0.37588593638289614,
        "nauc_ndcg_at_3_std": -0.19130432866700123,
        "nauc_ndcg_at_5_diff1": 0.5729572206268857,
        "nauc_ndcg_at_5_max": 0.3711915590054085,
        "nauc_ndcg_at_5_std": -0.183173367361462,
        "nauc_precision_at_1000_diff1": 0.40045006766747365,
        "nauc_precision_at_1000_max": 0.3757560452395342,
        "nauc_precision_at_1000_std": 0.6265642336834589,
        "nauc_precision_at_100_diff1": 0.41435858953994725,
        "nauc_precision_at_100_max": 0.3205397081983186,
        "nauc_precision_at_100_std": 0.2334297736065943,
        "nauc_precision_at_10_diff1": 0.4758325632019832,
        "nauc_precision_at_10_max": 0.32987856156682493,
        "nauc_precision_at_10_std": -0.12536914218745068,
        "nauc_precision_at_1_diff1": 0.643750982326885,
        "nauc_precision_at_1_max": 0.39169274702174495,
        "nauc_precision_at_1_std": -0.19784773638210693,
        "nauc_precision_at_20_diff1": 0.452162606362354,
        "nauc_precision_at_20_max": 0.3192942409664395,
        "nauc_precision_at_20_std": -0.0532159044791246,
        "nauc_precision_at_3_diff1": 0.5355816172588318,
        "nauc_precision_at_3_max": 0.3628806536442307,
        "nauc_precision_at_3_std": -0.18584021568572023,
        "nauc_precision_at_5_diff1": 0.507186476050508,
        "nauc_precision_at_5_max": 0.348789629873691,
        "nauc_precision_at_5_std": -0.16318728857940626,
        "nauc_recall_at_1000_diff1": 0.400450067667514,
        "nauc_recall_at_1000_max": 0.3757560452395742,
        "nauc_recall_at_1000_std": 0.6265642336834867,
        "nauc_recall_at_100_diff1": 0.41435858953994836,
        "nauc_recall_at_100_max": 0.3205397081983206,
        "nauc_recall_at_100_std": 0.23342977360659622,
        "nauc_recall_at_10_diff1": 0.475832563201984,
        "nauc_recall_at_10_max": 0.3298785615668256,
        "nauc_recall_at_10_std": -0.1253691421874495,
        "nauc_recall_at_1_diff1": 0.643750982326885,
        "nauc_recall_at_1_max": 0.39169274702174495,
        "nauc_recall_at_1_std": -0.19784773638210693,
        "nauc_recall_at_20_diff1": 0.45216260636235334,
        "nauc_recall_at_20_max": 0.31929424096643955,
        "nauc_recall_at_20_std": -0.05321590447912424,
        "nauc_recall_at_3_diff1": 0.5355816172588317,
        "nauc_recall_at_3_max": 0.36288065364423033,
        "nauc_recall_at_3_std": -0.18584021568572062,
        "nauc_recall_at_5_diff1": 0.5071864760505079,
        "nauc_recall_at_5_max": 0.3487896298736916,
        "nauc_recall_at_5_std": -0.16318728857940606,
        "ndcg_at_1": 0.41197,
        "ndcg_at_10": 0.56086,
        "ndcg_at_100": 0.60303,
        "ndcg_at_1000": 0.61129,