{
  "dataset_revision": "9c3a626c16c811f15514689c3e7e95a4f2b9b8c3",
  "evaluation_time": 90.07816934585571,
  "kg_co2_emissions": 0.003295041611001767,
  "mteb_version": "1.14.15",
  "scores": {
    "test": [
      {
        "cv_recall_at_1": 0.01383,
        "cv_recall_at_10": 0.11064,
        "cv_recall_at_100": 0.33494,
        "cv_recall_at_1000": 0.85087,
        "cv_recall_at_20": 0.16657,
        "cv_recall_at_3": 0.0451,
        "cv_recall_at_5": 0.07276,
        "hf_subset": "default",
        "languages": [
          "eng-Latn"
        ],
        "main_score": 0.03963,
        "map_at_1": 0.01143,
        "map_at_10": 0.03536,
        "map_at_100": 0.04311,
        "map_at_1000": 0.04471,
        "map_at_20": 0.03914,
        "map_at_3": 0.02275,
        "map_at_5": 0.0297,
        "mrr_at_1": 0.013830426939266387,
        "mrr_at_10": 0.038009096202120896,
        "mrr_at_100": 0.04580168735065421,
        "mrr_at_1000": 0.047431519153444957,
        "mrr_at_20": 0.0418363913185183,
        "mrr_at_3": 0.026658649027861296,
        "mrr_at_5": 0.032912407296051334,
        "nauc_cv_recall_at_1000_diff1": -0.063051800204824,
        "nauc_cv_recall_at_1000_max": 0.18926307079614169,
        "nauc_cv_recall_at_1000_std": 0.26234044485866814,
        "nauc_cv_recall_at_100_diff1": 0.063006182752954,
        "nauc_cv_recall_at_100_max": 0.1314646731735011,
        "nauc_cv_recall_at_100_std": 0.15895391356283262,
        "nauc_cv_recall_at_10_diff1": 0.08550022581315923,
        "nauc_cv_recall_at_10_max": 0.18481953255214492,
        "nauc_cv_recall_at_10_std": 0.23379358954252705,
        "nauc_cv_recall_at_1_diff1": -0.04346859291350232,
        "nauc_cv_recall_at_1_max": 0.4490661801746847,
        "nauc_cv_recall_at_1_std": 0.2146206801763558,
        "nauc_cv_recall_at_20_diff1": 0.06639567925343857,
        "nauc_cv_recall_at_20_max": 0.14853187197298387,
        "nauc_cv_recall_at_20_std": 0.2097238968605927,
        "nauc_cv_recall_at_3_diff1": 0.01155804644440686,
        "nauc_cv_recall_at_3_max": 0.2956235004481958,
        "nauc_cv_recall_at_3_std": 0.23019737204461835,
        "nauc_cv_recall_at_5_diff1": 0.05688900534223158,
        "nauc_cv_recall_at_5_max": 0.273443099648279,
        "nauc_cv_recall_at_5_std": 0.2117206841891159,
        "nauc_map_at_1000_diff1": 0.058771150195655375,
        "nauc_map_at_1000_max": 0.2347098164271312,
        "nauc_map_at_1000_std": 0.2730756860425596,
        "nauc_map_at_100_diff1": 0.059928641426733445,
        "nauc_map_at_100_max": 0.2332931279261614,
        "nauc_map_at_100_std": 0.2722027371181317,
        "nauc_map_at_10_diff1": 0.059683241661459545,
        "nauc_map_at_10_max": 0.2582245398720491,
        "nauc_map_at_10_std": 0.29183937431976154,
        "nauc_map_at_1_diff1": 0.023954628856672232,
        "nauc_map_at_1_max": 0.3559832655240272,
        "nauc_map_at_1_std": 0.3804269553179449,
        "nauc_map_at_20_diff1": 0.05845671488590219,
        "nauc_map_at_20_max": 0.24215376818833884,
        "nauc_map_at_20_std": 0.2823226716533836,
        "nauc_map_at_3_diff1": 0.06303222577627196,
        "nauc_map_at_3_max": 0.32600214758588186,
        "nauc_map_at_3_std": 0.36520197798451415,
        "nauc_map_at_5_diff1": 0.04472978449388419,
        "nauc_map_at_5_max": 0.28564354492105,
        "nauc_map_at_5_std": 0.31137243679933785,
        "nauc_mrr_at_1000_diff1": 0.034403543441590904,
        "nauc_mrr_at_1000_max": 0.26585029569967444,
        "nauc_mrr_at_1000_std": 0.21010209297318416,
        "nauc_mrr_at_100_diff1": 0.03561354590261654,
        "nauc_mrr_at_100_max": 0.26439971791843403,
        "nauc_mrr_at_100_std": 0.20983130536553932,
        "nauc_mrr_at_10_diff1": 0.034983330461677176,
        "nauc_mrr_at_10_max": 0.2916316817364934,
        "nauc_mrr_at_10_std": 0.22228356893014328,
        "nauc_mrr_at_1_diff1": -0.04346859291350232,
        "nauc_mrr_at_1_max": 0.4490661801746847,
        "nauc_mrr_at_1_std": 0.2146206801763558,
        "nauc_mrr_at_20_diff1": 0.03393687262000229,
        "nauc_mrr_at_20_max": 0.27543361148180706,
        "nauc_mrr_at_20_std": 0.21541421735124378,
        "nauc_mrr_at_3_diff1": -0.00736620192294109,
        "nauc_mrr_at_3_max": 0.3501863568283733,
        "nauc_mrr_at_3_std": 0.2173597084450396,
        "nauc_mrr_at_5_diff1": 0.020134090484638642,
        "nauc_mrr_at_5_max": 0.32999970574925225,
        "nauc_mrr_at_5_std": 0.21193959150036035,
        "nauc_ndcg_at_1000_diff1": 0.04039289904376468,
        "nauc_ndcg_at_1000_max": 0.19659243199449805,
        "nauc_ndcg_at_1000_std": 0.23977602138461826,
        "nauc_ndcg_at_100_diff1": 0.06230165810340411,
        "nauc_ndcg_at_100_max": 0.17617358765518393,
        "nauc_ndcg_at_100_std": 0.2118354796906399,
        "nauc_ndcg_at_10_diff1": 0.06660229280594272,
        "nauc_ndcg_at_10_max": 0.22458871699081337,
        "nauc_ndcg_at_10_std": 0.2634799053980291,
        "nauc_ndcg_at_1_diff1": 0.023954628856672232,
        "nauc_ndcg_at_1_max": 0.3559832655240272,
        "nauc_ndcg_at_1_std": 0.3804269553179449,
        "nauc_ndcg_at_20_diff1": 0.06070940722259279,
        "nauc_ndcg_at_20_max": 0.19245151499529592,
        "nauc_ndcg_at_20_std": 0.24802673660441593,
        "nauc_ndcg_at_3_diff1": 0.06863903093566671,
        "nauc_ndcg_at_3_max": 0.32070642389412246,
        "nauc_ndcg_at_3_std": 0.36172121856784833,
        "nauc_ndcg_at_5_diff1": 0.042200575821419166,
        "nauc_ndcg_at_5_max": 0.2686867525358741,
        "nauc_ndcg_at_5_std": 0.28852153643012746,
        "nauc_precision_at_1000_diff1": -0.06305180020482441,
        "nauc_precision_at_1000_max": 0.18926307079614083,
        "nauc_precision_at_1000_std": 0.2623404448586667,
        "nauc_precision_at_100_diff1": 0.06172196340893945,
        "nauc_precision_at_100_max": 0.13124374064153857,
        "nauc_precision_at_100_std": 0.15357793761743804,
        "nauc_precision_at_10_diff1": 0.07502623600063975,
        "nauc_precision_at_10_max": 0.1841364157892321,
        "nauc_precision_at_10_std": 0.2313849964377661,
        "nauc_precision_at_1_diff1": 0.023954628856672232,
        "nauc_precision_at_1_max": 0.3559832655240272,
        "nauc_precision_at_1_std": 0.3804269553179449,
        "nauc_precision_at_20_diff1": 0.06122718327451741,
        "nauc_precision_at_20_max": 0.1394901529936936,
        "nauc_precision_at_20_std": 0.21522926137805898,
        "nauc_precision_at_3_diff1": 0.07796015389322682,
        "nauc_precision_at_3_max": 0.3117038069594581,
        "nauc_precision_at_3_std": 0.3556755202753793,
        "nauc_precision_at_5_diff1": 0.03780520122420682,
        "nauc_precision_at_5_max": 0.24553845525826032,
        "nauc_precision_at_5_std": 0.2561299808365797,
        "nauc_recall_at_1000_diff1": -0.063051800204824,
        "nauc_recall_at_1000_max": 0.18926307079614169,
        "nauc_recall_at_1000_std": 0.26234044485866814,
        "nauc_recall_at_100_diff1": 0.06172196340893902,
        "nauc_recall_at_100_max": 0.13124374064153843,
        "nauc_recall_at_100_std": 0.15357793761743785,
        "nauc_recall_at_10_diff1": 0.07502623600063962,
        "nauc_recall_at_10_max": 0.18413641578923184,
        "nauc_recall_at_10_std": 0.23138499643776586,
        "nauc_recall_at_1_diff1": 0.023954628856672232,
        "nauc_recall_at_1_max": 0.3559832655240272,
        "nauc_recall_at_1_std": 0.3804269553179449,
        "nauc_recall_at_20_diff1": 0.061227183274517344,
        "nauc_recall_at_20_max": 0.1394901529936936,
        "nauc_recall_at_20_std": 0.21522926137805887,
        "nauc_recall_at_3_diff1": 0.0779601538932266,
        "nauc_recall_at_3_max": 0.31170380695945765,
        "nauc_recall_at_3_std": 0.35567552027537885,
        "nauc_recall_at_5_diff1": 0.03780520122420664,
        "nauc_recall_at_5_max": 0.24553845525826012,
        "nauc_recall_at_5_std": 0.2561299808365797,
        "ndcg_at_1": 0.01143,
        "ndcg_at_10": 0.05317,
        "ndcg_at_100": 0.09793,