{
  "dataset_revision": "b6e18eba186cada040ddb72e8e3cb92edd7ca5e9",
  "evaluation_time": 128.6602029800415,
  "kg_co2_emissions": null,
  "mteb_version": "1.14.15",
  "scores": {
    "test": [
      {
        "accuracy": 0.42125,
        "hf_subset": "default",
        "languages": [
          "eng-Latn"
        ],
        "main_score": 0.42125,
        "mrr_at_1": 0.42218080149114634,
        "mrr_at_10": 0.6667443305374361,
        "mrr_at_100": 0.6667443305374361,
        "mrr_at_1000": 0.6667443305374361,
        "mrr_at_20": 0.6667443305374361,
        "mrr_at_3": 0.6446101273687499,
        "mrr_at_5": 0.6667443305374361,
        "ndcg_at_1": 0.42125,
        "ndcg_at_10": 0.75103,
        "ndcg_at_100": 0.75103,
        "ndcg_at_1000": 0.75103,
        "ndcg_at_20": 0.75103,
        "ndcg_at_3": 0.7125,
        "ndcg_at_5": 0.75103
      }
    ]
  },
  "task_name": "BLINKIT2TMultiChoice"
}