{
  "dataset_revision": "a4cf34ac79215f9e2cd6a10342d84f606fc41cc3",
  "evaluation_time": 6021.1530730724335,
  "kg_co2_emissions": 0.40569518465023713,
  "mteb_version": "1.14.15",
  "scores": {
    "test": [
      {
        "cv_recall_at_1": 0.50967,
        "cv_recall_at_10": 0.83952,
        "cv_recall_at_100": 0.98281,
        "cv_recall_at_1000": 0.99977,
        "cv_recall_at_20": 0.90546,
        "cv_recall_at_3": 0.68379,
        "cv_recall_at_5": 0.75527,
        "hf_subset": "default",
        "languages": [
          "eng-Latn"
        ],
        "main_score": 0.45056,
        "map_at_1": 0.10192,
        "map_at_10": 0.33659,
        "map_at_100": 0.38041,
        "map_at_1000": 0.38352,
        "map_at_20": 0.36086,
        "map_at_3": 0.22606,
        "map_at_5": 0.28996,
        "mrr_at_1": 0.5096730508802476,
        "mrr_at_10": 0.6140950169969436,
        "mrr_at_100": 0.620942425847615,
        "mrr_at_1000": 0.6210435147657023,
        "mrr_at_20": 0.6187326376600657,
        "mrr_at_3": 0.5863588486919928,
        "mrr_at_5": 0.6027320994819666,
        "nauc_cv_recall_at_1000_diff1": 0.7953197344958994,
        "nauc_cv_recall_at_1000_max": 0.7892490450287362,
        "nauc_cv_recall_at_1000_std": 0.7915837490212096,
        "nauc_cv_recall_at_100_diff1": 0.3721018911777836,
        "nauc_cv_recall_at_100_max": 0.2893766192574724,
        "nauc_cv_recall_at_100_std": 0.28379128956525784,
        "nauc_cv_recall_at_10_diff1": 0.3413593697264214,
        "nauc_cv_recall_at_10_max": 0.00563718658692647,
        "nauc_cv_recall_at_10_std": -0.18577413790854963,
        "nauc_cv_recall_at_1_diff1": 0.3775685427697643,
        "nauc_cv_recall_at_1_max": 0.03662183042796505,
        "nauc_cv_recall_at_1_std": -0.22266549402804245,
        "nauc_cv_recall_at_20_diff1": 0.34635223823339006,
        "nauc_cv_recall_at_20_max": 0.03388765641021002,
        "nauc_cv_recall_at_20_std": -0.09789239646236629,
        "nauc_cv_recall_at_3_diff1": 0.3470350011490387,
        "nauc_cv_recall_at_3_max": -0.00555125154206411,
        "nauc_cv_recall_at_3_std": -0.2455089164685786,
        "nauc_cv_recall_at_5_diff1": 0.3487468390176776,
        "nauc_cv_recall_at_5_max": -0.0010831654336928432,
        "nauc_cv_recall_at_5_std": -0.2261574327094714,
        "nauc_map_at_1000_diff1": 0.23439652939583158,
        "nauc_map_at_1000_max": 0.12931868218842146,
        "nauc_map_at_1000_std": -0.1444326296531,
        "nauc_map_at_100_diff1": 0.23431798804487608,
        "nauc_map_at_100_max": 0.12930801075327442,
        "nauc_map_at_100_std": -0.1439124979027236,
        "nauc_map_at_10_diff1": 0.23000313718160278,
        "nauc_map_at_10_max": 0.11872671770531772,
        "nauc_map_at_10_std": -0.1657515736579316,
        "nauc_map_at_1_diff1": 0.37772928956535834,
        "nauc_map_at_1_max": 0.03638567755757721,
        "nauc_map_at_1_std": -0.22272361421879153,
        "nauc_map_at_20_diff1": 0.2332028641928028,
        "nauc_map_at_20_max": 0.12361818298993348,
        "nauc_map_at_20_std": -0.1546299446717264,
        "nauc_map_at_3_diff1": 0.2593177863372063,
        "nauc_map_at_3_max": 0.08330443563589048,
        "nauc_map_at_3_std": -0.1964934769649134,
        "nauc_map_at_5_diff1": 0.23134568744978862,
        "nauc_map_at_5_max": 0.1109401476458097,
        "nauc_map_at_5_std": -0.1813510372006669,
        "nauc_mrr_at_1000_diff1": 0.36671587367810193,
        "nauc_mrr_at_1000_max": 0.024217836699404322,
        "nauc_mrr_at_1000_std": -0.22407534985125813,
        "nauc_mrr_at_100_diff1": 0.3667133136865984,
        "nauc_mrr_at_100_max": 0.024285806326354416,
        "nauc_mrr_at_100_std": -0.2239292848816911,
        "nauc_mrr_at_10_diff1": 0.3659633229744884,
        "nauc_mrr_at_10_max": 0.02291030946042749,
        "nauc_mrr_at_10_std": -0.22524601961791127,
        "nauc_mrr_at_1_diff1": 0.3775685427697643,
        "nauc_mrr_at_1_max": 0.03662183042796505,
        "nauc_mrr_at_1_std": -0.22266549402804245,
        "nauc_mrr_at_20_diff1": 0.3664521619569729,
        "nauc_mrr_at_20_max": 0.023808868879847178,
        "nauc_mrr_at_20_std": -0.2238174595749016,
        "nauc_mrr_at_3_diff1": 0.3649572506908823,
        "nauc_mrr_at_3_max": 0.020268409935377513,
        "nauc_mrr_at_3_std": -0.23157806078979679,
        "nauc_mrr_at_5_diff1": 0.3660025767252365,
        "nauc_mrr_at_5_max": 0.021745198136899662,
        "nauc_mrr_at_5_std": -0.22803720941631736,
        "nauc_ndcg_at_1000_diff1": 0.27039625594542543,
        "nauc_ndcg_at_1000_max": 0.12117222439389348,
        "nauc_ndcg_at_1000_std": -0.12905108146058114,
        "nauc_ndcg_at_100_diff1": 0.2656906794602951,
        "nauc_ndcg_at_100_max": 0.1279921552602121,
        "nauc_ndcg_at_100_std": -0.11047676664505274,
        "nauc_ndcg_at_10_diff1": 0.25742024373304273,
        "nauc_ndcg_at_10_max": 0.0979954697749385,
        "nauc_ndcg_at_10_std": -0.16916206045566476,
        "nauc_ndcg_at_1_diff1": 0.3777292895653588,
        "nauc_ndcg_at_1_max": 0.036385677557577316,
        "nauc_ndcg_at_1_std": -0.22272361421879158,
        "nauc_ndcg_at_20_diff1": 0.2621555524804905,
        "nauc_ndcg_at_20_max": 0.10664336410950198,
        "nauc_ndcg_at_20_std": -0.14825543770230667,
        "nauc_ndcg_at_3_diff1": 0.2813948089829105,
        "nauc_ndcg_at_3_max": 0.06639501357681345,
        "nauc_ndcg_at_3_std": -0.20610816851588493,
        "nauc_ndcg_at_5_diff1": 0.26096095488164467,
        "nauc_ndcg_at_5_max": 0.08770373922564036,
        "nauc_ndcg_at_5_std": -0.19121147820624274,
        "nauc_precision_at_1000_diff1": 0.09551744642889663,
        "nauc_precision_at_1000_max": 0.5100749514166697,
        "nauc_precision_at_1000_std": 0.5221773866131456,
        "nauc_precision_at_100_diff1": 0.1704985434852079,
        "nauc_precision_at_100_max": 0.24367398656392078,
        "nauc_precision_at_100_std": 0.16013759773119282,
        "nauc_precision_at_10_diff1": 0.20573934474419,
        "nauc_precision_at_10_max": 0.11898427157186299,
        "nauc_precision_at_10_std": -0.1242068221444407,
        "nauc_precision_at_1_diff1": 0.3777292895653588,
        "nauc_precision_at_1_max": 0.036385677557577316,
        "nauc_precision_at_1_std": -0.22272361421879158,
        "nauc_precision_at_20_diff1": 0.20227620751101683,
        "nauc_precision_at_20_max": 0.13534861435737947,
        "nauc_precision_at_20_std": -0.0645194918768931,
        "nauc_precision_at_3_diff1": 0.24979797773614434,
        "nauc_precision_at_3_max": 0.0755916774534805,
        "nauc_precision_at_3_std": -0.19805974726036582,
        "nauc_precision_at_5_diff1": 0.2192307250170687,
        "nauc_precision_at_5_max": 0.10513460848337877,
        "nauc_precision_at_5_std": -0.17157292776658242,
        "nauc_recall_at_1000_diff1": 0.09551744642890249,
        "nauc_recall_at_1000_max": 0.5100749514166685,
        "nauc_recall_at_1000_std": 0.5221773866131477,
        "nauc_recall_at_100_diff1": 0.1704985434852085,
        "nauc_recall_at_100_max": 0.24367398656392125,
        "nauc_recall_at_100_std": 0.1601375977311928,
        "nauc_recall_at_10_diff1": 0.20573934474419,
        "nauc_recall_at_10_max": 0.11898427157186299,
        "nauc_recall_at_10_std": -0.1242068221444407,
        "nauc_recall_at_1_diff1": 0.37772928956535834,
        "nauc_recall_at_1_max": 0.03638567755757721,
        "nauc_recall_at_1_std": -0.22272361421879153,
        "nauc_recall_at_20_diff1": 0.20227620751101683,
        "nauc_recall_at_20_max": 0.13534861435737947,
        "nauc_recall_at_20_std": -0.0645194918768931,
        "nauc_recall_at_3_diff1": 0.24979797773614396,
        "nauc_recall_at_3_max": 0.07559167745348003,
        "nauc_recall_at_3_std": -0.19805974726036626,
        "nauc_recall_at_5_diff1": 0.2192307250170687,
        "nauc_recall_at_5_max": 0.10513460848337877,
        "nauc_recall_at_5_std": -0.17157292776658242,
        "ndcg_at_1": 0.50961,
        "ndcg_at_10": 0.45056,