{
  "dataset_revision": "9c3a626c16c811f15514689c3e7e95a4f2b9b8c3",
  "evaluation_time": 354.25419330596924,
  "kg_co2_emissions": 0.0229211826108163,
  "mteb_version": "1.14.15",
  "scores": {
    "test": [
      {
        "cv_recall_at_1": 0.03367,
        "cv_recall_at_10": 0.24534,
        "cv_recall_at_100": 0.55983,
        "cv_recall_at_1000": 0.9543,
        "cv_recall_at_20": 0.3169,
        "cv_recall_at_3": 0.10764,
        "cv_recall_at_5": 0.16777,
        "hf_subset": "default",
        "languages": [
          "eng-Latn"
        ],
        "main_score": 0.09411,
        "map_at_1": 0.02826,
        "map_at_10": 0.08282,
        "map_at_100": 0.0934,
        "map_at_1000": 0.09496,
        "map_at_20": 0.08742,
        "map_at_3": 0.05572,
        "map_at_5": 0.07127,
        "mrr_at_1": 0.03367408298256164,
        "mrr_at_10": 0.08894735083851138,
        "mrr_at_100": 0.09978842898822539,
        "mrr_at_1000": 0.1013358604462599,
        "mrr_at_20": 0.09386931993636556,
        "mrr_at_3": 0.06464221286831022,
        "mrr_at_5": 0.07808177991581479,
        "nauc_cv_recall_at_1000_diff1": 0.2554566347328651,
        "nauc_cv_recall_at_1000_max": -0.09893298885499992,
        "nauc_cv_recall_at_1000_std": 0.22099944203011251,
        "nauc_cv_recall_at_100_diff1": 0.0063741853884194495,
        "nauc_cv_recall_at_100_max": 0.04865887308573448,
        "nauc_cv_recall_at_100_std": 0.11561873140938687,
        "nauc_cv_recall_at_10_diff1": 0.002575431173554927,
        "nauc_cv_recall_at_10_max": 0.04394446994177964,
        "nauc_cv_recall_at_10_std": 0.021169749481057553,
        "nauc_cv_recall_at_1_diff1": -0.030480263552780315,
        "nauc_cv_recall_at_1_max": 0.04527559920113829,
        "nauc_cv_recall_at_1_std": 0.10347814186886248,
        "nauc_cv_recall_at_20_diff1": 0.026232753691371374,
        "nauc_cv_recall_at_20_max": 0.07890044450824131,
        "nauc_cv_recall_at_20_std": 0.05305555647881057,
        "nauc_cv_recall_at_3_diff1": -0.024974572526819696,
        "nauc_cv_recall_at_3_max": 0.013326954501050986,
        "nauc_cv_recall_at_3_std": 0.030277448185257367,
        "nauc_cv_recall_at_5_diff1": -0.02665023330947537,
        "nauc_cv_recall_at_5_max": 0.03212517626730201,
        "nauc_cv_recall_at_5_std": 0.033230512968009565,
        "nauc_map_at_1000_diff1": -0.009044241433809616,
        "nauc_map_at_1000_max": 0.03129579905658712,
        "nauc_map_at_1000_std": 0.03859192801946392,
        "nauc_map_at_100_diff1": -0.009127533142645356,
        "nauc_map_at_100_max": 0.031967434418390735,
        "nauc_map_at_100_std": 0.03873190786443702,
        "nauc_map_at_10_diff1": -0.016229194347189196,
        "nauc_map_at_10_max": 0.025494098989014207,
        "nauc_map_at_10_std": 0.031196846745551753,
        "nauc_map_at_1_diff1": 0.020546533284617162,
        "nauc_map_at_1_max": 0.010258917969800494,
        "nauc_map_at_1_std": 0.036096229459582074,
        "nauc_map_at_20_diff1": -0.007126429431538578,
        "nauc_map_at_20_max": 0.032167870036676115,
        "nauc_map_at_20_std": 0.032913424971599235,
        "nauc_map_at_3_diff1": -0.01677336374709095,
        "nauc_map_at_3_max": 0.007957406429662387,
        "nauc_map_at_3_std": 0.01873419164688964,
        "nauc_map_at_5_diff1": -0.015806694659620268,
        "nauc_map_at_5_max": 0.014806314631230295,
        "nauc_map_at_5_std": 0.02491661868755273,
        "nauc_mrr_at_1000_diff1": -0.023199093590200337,
        "nauc_mrr_at_1000_max": 0.04095577315769176,
        "nauc_mrr_at_1000_std": 0.05477208093476605,
        "nauc_mrr_at_100_diff1": -0.02317693041274115,
        "nauc_mrr_at_100_max": 0.041555282118144396,
        "nauc_mrr_at_100_std": 0.0549891699773268,
        "nauc_mrr_at_10_diff1": -0.025508631205569024,
        "nauc_mrr_at_10_max": 0.03440799176008776,
        "nauc_mrr_at_10_std": 0.044744124864634624,
        "nauc_mrr_at_1_diff1": -0.030480263552780315,
        "nauc_mrr_at_1_max": 0.04527559920113829,
        "nauc_mrr_at_1_std": 0.10347814186886248,
        "nauc_mrr_at_20_diff1": -0.0220032070326595,
        "nauc_mrr_at_20_max": 0.04119189949910421,
        "nauc_mrr_at_20_std": 0.04989697282937849,
        "nauc_mrr_at_3_diff1": -0.0340964989114232,
        "nauc_mrr_at_3_max": 0.023698543404853743,
        "nauc_mrr_at_3_std": 0.05154570833289337,
        "nauc_mrr_at_5_diff1": -0.03477455071164544,
        "nauc_mrr_at_5_max": 0.03021818845519663,
        "nauc_mrr_at_5_std": 0.04902138625195212,
        "nauc_ndcg_at_1000_diff1": 0.003314081479525918,
        "nauc_ndcg_at_1000_max": 0.033421935052271534,
        "nauc_ndcg_at_1000_std": 0.057327534166514954,
        "nauc_ndcg_at_100_diff1": -0.0033264352465383774,
        "nauc_ndcg_at_100_max": 0.04226264538596441,
        "nauc_ndcg_at_100_std": 0.062230033416460044,
        "nauc_ndcg_at_10_diff1": -0.019519845144390893,
        "nauc_ndcg_at_10_max": 0.03443869386576629,
        "nauc_ndcg_at_10_std": 0.034539296749043075,
        "nauc_ndcg_at_1_diff1": 0.020546533284617162,
        "nauc_ndcg_at_1_max": 0.010258917969800494,
        "nauc_ndcg_at_1_std": 0.036096229459582074,
        "nauc_ndcg_at_20_diff1": 0.006857285555524437,
        "nauc_ndcg_at_20_max": 0.05228965612917728,
        "nauc_ndcg_at_20_std": 0.03958448043013066,
        "nauc_ndcg_at_3_diff1": -0.021837214370478877,
        "nauc_ndcg_at_3_max": 0.007870279545616027,
        "nauc_ndcg_at_3_std": 0.015539595172891314,
        "nauc_ndcg_at_5_diff1": -0.019379421516362554,
        "nauc_ndcg_at_5_max": 0.017640526859681458,
        "nauc_ndcg_at_5_std": 0.024558032602568128,
        "nauc_precision_at_1000_diff1": 0.2554566347328589,
        "nauc_precision_at_1000_max": -0.09893298885500156,
        "nauc_precision_at_1000_std": 0.22099944203011265,
        "nauc_precision_at_100_diff1": 0.006019265238274416,
        "nauc_precision_at_100_max": 0.046142675849517284,
        "nauc_precision_at_100_std": 0.10665869830251085,
        "nauc_precision_at_10_diff1": -0.023131308775708986,
        "nauc_precision_at_10_max": 0.0472108413243123,
        "nauc_precision_at_10_std": 0.03960808917325978,
        "nauc_precision_at_1_diff1": 0.020546533284617162,
        "nauc_precision_at_1_max": 0.010258917969800494,
        "nauc_precision_at_1_std": 0.036096229459582074,
        "nauc_precision_at_20_diff1": 0.03361238513867045,
        "nauc_precision_at_20_max": 0.08333914329262994,
        "nauc_precision_at_20_std": 0.05024787857053414,
        "nauc_precision_at_3_diff1": -0.03037870220721793,
        "nauc_precision_at_3_max": 0.007772482478146999,
        "nauc_precision_at_3_std": 0.009967933314106468,
        "nauc_precision_at_5_diff1": -0.0240215772184669,
        "nauc_precision_at_5_max": 0.022139864934230803,
        "nauc_precision_at_5_std": 0.024366448881602328,
        "nauc_recall_at_1000_diff1": 0.2554566347328651,
        "nauc_recall_at_1000_max": -0.09893298885499992,
        "nauc_recall_at_1000_std": 0.22099944203011251,
        "nauc_recall_at_100_diff1": 0.006019265238273635,
        "nauc_recall_at_100_max": 0.04614267584951622,
        "nauc_recall_at_100_std": 0.10665869830251004,
        "nauc_recall_at_10_diff1": -0.023131308775708907,
        "nauc_recall_at_10_max": 0.04721084132431225,
        "nauc_recall_at_10_std": 0.039608089173259885,
        "nauc_recall_at_1_diff1": 0.020546533284617162,
        "nauc_recall_at_1_max": 0.010258917969800494,
        "nauc_recall_at_1_std": 0.036096229459582074,
        "nauc_recall_at_20_diff1": 0.03361238513867044,
        "nauc_recall_at_20_max": 0.08333914329262972,
        "nauc_recall_at_20_std": 0.050247878570533956,
        "nauc_recall_at_3_diff1": -0.03037870220721772,
        "nauc_recall_at_3_max": 0.007772482478147144,
        "nauc_recall_at_3_std": 0.009967933314106711,
        "nauc_recall_at_5_diff1": -0.024021577218467025,
        "nauc_recall_at_5_max": 0.022139864934230976,