{
  "dataset_revision": "302cf2008f204285985099dcd46425b00356c610",
  "evaluation_time": 19.736732482910156,
  "kg_co2_emissions": 0.0006847544234351966,
  "mteb_version": "1.14.15",
  "scores": {
    "test": [
      {
        "cv_recall_at_1": 0.20596,
        "cv_recall_at_10": 0.82386,
        "cv_recall_at_100": 1.0,
        "cv_recall_at_1000": 1.0,
        "cv_recall_at_20": 0.92451,
        "cv_recall_at_3": 0.50699,
        "cv_recall_at_5": 0.67195,
        "hf_subset": "default",
        "languages": [
          "eng-Latn"
        ],
        "main_score": 0.49682,
        "map_at_1": 0.20596,
        "map_at_10": 0.39394,
        "map_at_100": 0.40439,
        "map_at_1000": 0.40439,
        "map_at_20": 0.40104,
        "map_at_3": 0.33535,
        "map_at_5": 0.37431,
        "mrr_at_1": 0.2059645852749301,
        "mrr_at_10": 0.3939425879081052,
        "mrr_at_100": 0.40439319457298817,
        "mrr_at_1000": 0.40439319457298817,
        "mrr_at_20": 0.40103773383371916,
        "mrr_at_3": 0.3353525939732834,
        "mrr_at_5": 0.37430879155017,
        "nauc_cv_recall_at_1000_diff1": NaN,
        "nauc_cv_recall_at_1000_max": NaN,
        "nauc_cv_recall_at_1000_std": NaN,
        "nauc_cv_recall_at_100_diff1": NaN,
        "nauc_cv_recall_at_100_max": NaN,
        "nauc_cv_recall_at_100_std": NaN,
        "nauc_cv_recall_at_10_diff1": 0.3836723865968173,
        "nauc_cv_recall_at_10_max": 0.7469094601319236,
        "nauc_cv_recall_at_10_std": 0.8402736582039273,
        "nauc_cv_recall_at_1_diff1": 0.13570279412791766,
        "nauc_cv_recall_at_1_max": 0.2777433867094527,
        "nauc_cv_recall_at_1_std": 0.30566922164291166,
        "nauc_cv_recall_at_20_diff1": 0.43650864133098094,
        "nauc_cv_recall_at_20_max": 0.7583623951765053,
        "nauc_cv_recall_at_20_std": 0.821529174407916,
        "nauc_cv_recall_at_3_diff1": 0.31040725242064215,
        "nauc_cv_recall_at_3_max": 0.5473212451079205,
        "nauc_cv_recall_at_3_std": 0.6109677057807247,
        "nauc_cv_recall_at_5_diff1": 0.46448865878272705,
        "nauc_cv_recall_at_5_max": 0.7675344344552257,
        "nauc_cv_recall_at_5_std": 0.8327959512453667,
        "nauc_map_at_1000_diff1": 0.21428052045936147,
        "nauc_map_at_1000_max": 0.4065013588902734,
        "nauc_map_at_1000_std": 0.4496436378272211,
        "nauc_map_at_100_diff1": 0.21428052045936147,
        "nauc_map_at_100_max": 0.4065013588902734,
        "nauc_map_at_100_std": 0.4496436378272211,
        "nauc_map_at_10_diff1": 0.21991349837216265,
        "nauc_map_at_10_max": 0.41712580964707663,
        "nauc_map_at_10_std": 0.4623348790415585,
        "nauc_map_at_1_diff1": 0.13570279412791766,
        "nauc_map_at_1_max": 0.2777433867094527,
        "nauc_map_at_1_std": 0.30566922164291166,
        "nauc_map_at_20_diff1": 0.21687693052072354,
        "nauc_map_at_20_max": 0.4106287723666935,
        "nauc_map_at_20_std": 0.45400077002800804,
        "nauc_map_at_3_diff1": 0.20888340716203305,
        "nauc_map_at_3_max": 0.39439990241496475,
        "nauc_map_at_3_std": 0.4394162799357513,
        "nauc_map_at_5_diff1": 0.23604208859559347,
        "nauc_map_at_5_max": 0.43463587264513664,
        "nauc_map_at_5_std": 0.47874754995524205,
        "nauc_mrr_at_1000_diff1": 0.21428052045936147,
        "nauc_mrr_at_1000_max": 0.4065013588902734,
        "nauc_mrr_at_1000_std": 0.4496436378272211,
        "nauc_mrr_at_100_diff1": 0.21428052045936147,
        "nauc_mrr_at_100_max": 0.4065013588902734,
        "nauc_mrr_at_100_std": 0.4496436378272211,
        "nauc_mrr_at_10_diff1": 0.21991349837216265,
        "nauc_mrr_at_10_max": 0.41712580964707663,
        "nauc_mrr_at_10_std": 0.4623348790415585,
        "nauc_mrr_at_1_diff1": 0.13570279412791766,
        "nauc_mrr_at_1_max": 0.2777433867094527,
        "nauc_mrr_at_1_std": 0.30566922164291166,
        "nauc_mrr_at_20_diff1": 0.21687693052072354,
        "nauc_mrr_at_20_max": 0.4106287723666935,
        "nauc_mrr_at_20_std": 0.45400077002800804,
        "nauc_mrr_at_3_diff1": 0.20888340716203305,
        "nauc_mrr_at_3_max": 0.39439990241496475,
        "nauc_mrr_at_3_std": 0.4394162799357513,
        "nauc_mrr_at_5_diff1": 0.23604208859559347,
        "nauc_mrr_at_5_max": 0.43463587264513664,
        "nauc_mrr_at_5_std": 0.47874754995524205,
        "nauc_ndcg_at_1000_diff1": 0.22566207231083996,
        "nauc_ndcg_at_1000_max": 0.42547316899403786,
        "nauc_ndcg_at_1000_std": 0.4703401277426543,
        "nauc_ndcg_at_100_diff1": 0.22566207231083996,
        "nauc_ndcg_at_100_max": 0.42547316899403786,
        "nauc_ndcg_at_100_std": 0.4703401277426543,
        "nauc_ndcg_at_10_diff1": 0.24927976222660722,
        "nauc_ndcg_at_10_max": 0.4726374515353836,
        "nauc_ndcg_at_10_std": 0.5253274357698186,
        "nauc_ndcg_at_1_diff1": 0.13570279412791766,
        "nauc_ndcg_at_1_max": 0.2777433867094527,
        "nauc_ndcg_at_1_std": 0.30566922164291166,
        "nauc_ndcg_at_20_diff1": 0.24011263063038496,
        "nauc_ndcg_at_20_max": 0.4483166978792504,
        "nauc_ndcg_at_20_std": 0.49443031375342694,
        "nauc_ndcg_at_3_diff1": 0.23599685157103045,
        "nauc_ndcg_at_3_max": 0.43537537687700506,
        "nauc_ndcg_at_3_std": 0.4854444236030494,
        "nauc_ndcg_at_5_diff1": 0.28781795631153634,
        "nauc_ndcg_at_5_max": 0.510531614938746,
        "nauc_ndcg_at_5_std": 0.5596535794163113,
        "nauc_precision_at_1000_diff1": 1.0,
        "nauc_precision_at_1000_max": 1.0,
        "nauc_precision_at_1000_std": 1.0,
        "nauc_precision_at_100_diff1": NaN,
        "nauc_precision_at_100_max": NaN,
        "nauc_precision_at_100_std": NaN,
        "nauc_precision_at_10_diff1": 0.3836723865968161,
        "nauc_precision_at_10_max": 0.7469094601319229,
        "nauc_precision_at_10_std": 0.8402736582039271,
        "nauc_precision_at_1_diff1": 0.13570279412791766,
        "nauc_precision_at_1_max": 0.2777433867094527,
        "nauc_precision_at_1_std": 0.30566922164291166,
        "nauc_precision_at_20_diff1": 0.43650864133098016,
        "nauc_precision_at_20_max": 0.7583623951765066,
        "nauc_precision_at_20_std": 0.8215291744079163,
        "nauc_precision_at_3_diff1": 0.3104072524206421,
        "nauc_precision_at_3_max": 0.5473212451079198,
        "nauc_precision_at_3_std": 0.6109677057807243,
        "nauc_precision_at_5_diff1": 0.46448865878272694,
        "nauc_precision_at_5_max": 0.7675344344552258,
        "nauc_precision_at_5_std": 0.8327959512453662,
        "nauc_recall_at_1000_diff1": NaN,
        "nauc_recall_at_1000_max": NaN,
        "nauc_recall_at_1000_std": NaN,
        "nauc_recall_at_100_diff1": NaN,
        "nauc_recall_at_100_max": NaN,
        "nauc_recall_at_100_std": NaN,
        "nauc_recall_at_10_diff1": 0.3836723865968173,
        "nauc_recall_at_10_max": 0.7469094601319236,
        "nauc_recall_at_10_std": 0.8402736582039273,
        "nauc_recall_at_1_diff1": 0.13570279412791766,
        "nauc_recall_at_1_max": 0.2777433867094527,
        "nauc_recall_at_1_std": 0.30566922164291166,
        "nauc_recall_at_20_diff1": 0.43650864133098094,
        "nauc_recall_at_20_max": 0.7583623951765053,
        "nauc_recall_at_20_std": 0.821529174407916,
        "nauc_recall_at_3_diff1": 0.31040725242064215,
        "nauc_recall_at_3_max": 0.5473212451079205,
        "nauc_recall_at_3_std": 0.6109677057807247,
        "nauc_recall_at_5_diff1": 0.46448865878272705,
        "nauc_recall_at_5_max": 0.7675344344552257,
        "nauc_recall_at_5_std": 0.8327959512453667,
        "ndcg_at_1": 0.20596,
        "ndcg_at_10": 0.49682,
        "ndcg_at_100": 0.53897,
        "ndcg_at_1000": 0.53897,
        "ndcg_at_20": 0.5224,
        "ndcg_at_3": 0.3793,
        "ndcg_at_5": 0.44834,
        "precision_at_1": 0.20596,
        "precision_at_10": 0.08239,
        "precision_at_100": 0.01,
        "precision_at_1000": 0.001,
        "precision_at_20": 0.04623,