{
  "dataset_revision": "501f02a80aff50c90045b0feaa81565c4e8f889e",
  "evaluation_time": 8.966264724731445,
  "kg_co2_emissions": 0.0002847204994433117,
  "mteb_version": "1.14.15",
  "scores": {
    "test": [
      {
        "cv_recall_at_1": 0.01429,
        "cv_recall_at_10": 0.11429,
        "cv_recall_at_100": 0.55357,
        "cv_recall_at_1000": 1.0,
        "cv_recall_at_20": 0.16786,
        "cv_recall_at_3": 0.04643,
        "cv_recall_at_5": 0.07143,
        "hf_subset": "default",
        "languages": [
          "eng-Latn"
        ],
        "main_score": 0.04467,
        "map_at_1": 0.01786,
        "map_at_10": 0.04062,
        "map_at_100": 0.05209,
        "map_at_1000": 0.05477,
        "map_at_20": 0.04422,
        "map_at_3": 0.02738,
        "map_at_5": 0.03488,
        "mrr_at_1": 0.014285714285714285,
        "mrr_at_10": 0.03963577097505669,
        "mrr_at_100": 0.051467929777019375,
        "mrr_at_1000": 0.05415549631127779,
        "mrr_at_20": 0.0436021695974427,
        "mrr_at_3": 0.027976190476190474,
        "mrr_at_5": 0.03386904761904762,
        "nauc_cv_recall_at_1000_diff1": NaN,
        "nauc_cv_recall_at_1000_max": NaN,
        "nauc_cv_recall_at_1000_std": NaN,
        "nauc_cv_recall_at_100_diff1": 0.06866362926976599,
        "nauc_cv_recall_at_100_max": 0.1564477559342513,
        "nauc_cv_recall_at_100_std": 0.25923930827900404,
        "nauc_cv_recall_at_10_diff1": 0.11793493486482702,
        "nauc_cv_recall_at_10_max": 0.034458607648129955,
        "nauc_cv_recall_at_10_std": 0.08541987673343616,
        "nauc_cv_recall_at_1_diff1": 0.40273678561846005,
        "nauc_cv_recall_at_1_max": 0.44499597531526697,
        "nauc_cv_recall_at_1_std": 0.31519989267507387,
        "nauc_cv_recall_at_20_diff1": 0.019242341085374044,
        "nauc_cv_recall_at_20_max": -0.0554457147769277,
        "nauc_cv_recall_at_20_std": 0.12023487558603191,
        "nauc_cv_recall_at_3_diff1": 0.16862397060948164,
        "nauc_cv_recall_at_3_max": 0.2128335844461414,
        "nauc_cv_recall_at_3_std": 0.1971063548739964,
        "nauc_cv_recall_at_5_diff1": 0.13111081298631608,
        "nauc_cv_recall_at_5_max": 0.1063858331097398,
        "nauc_cv_recall_at_5_std": 0.0936678293533674,
        "nauc_map_at_1000_diff1": 0.21404119956645434,
        "nauc_map_at_1000_max": 0.13605741150586595,
        "nauc_map_at_1000_std": 0.1066241191782433,
        "nauc_map_at_100_diff1": 0.21091872445694007,
        "nauc_map_at_100_max": 0.1379760014819705,
        "nauc_map_at_100_std": 0.11096453521732914,
        "nauc_map_at_10_diff1": 0.23722549765901438,
        "nauc_map_at_10_max": 0.16176346156229776,
        "nauc_map_at_10_std": 0.09214769908446191,
        "nauc_map_at_1_diff1": 0.42076737322243096,
        "nauc_map_at_1_max": 0.31483767104910115,
        "nauc_map_at_1_std": 0.14225918969680712,
        "nauc_map_at_20_diff1": 0.20592857152368854,
        "nauc_map_at_20_max": 0.12923231707840835,
        "nauc_map_at_20_std": 0.10532713279402399,
        "nauc_map_at_3_diff1": 0.3713792419593799,
        "nauc_map_at_3_max": 0.2586180749174647,
        "nauc_map_at_3_std": 0.12081636938439823,
        "nauc_map_at_5_diff1": 0.24939355006497183,
        "nauc_map_at_5_max": 0.19609875724695083,
        "nauc_map_at_5_std": 0.09685250423301592,
        "nauc_mrr_at_1000_diff1": 0.1710978027171198,
        "nauc_mrr_at_1000_max": 0.1439498936532651,
        "nauc_mrr_at_1000_std": 0.18145078973174042,
        "nauc_mrr_at_100_diff1": 0.16898862219290364,
        "nauc_mrr_at_100_max": 0.14572273676691036,
        "nauc_mrr_at_100_std": 0.1840774116466343,
        "nauc_mrr_at_10_diff1": 0.1937169015455187,
        "nauc_mrr_at_10_max": 0.16966002607199943,
        "nauc_mrr_at_10_std": 0.17604221418641486,
        "nauc_mrr_at_1_diff1": 0.40273678561846005,
        "nauc_mrr_at_1_max": 0.44499597531526697,
        "nauc_mrr_at_1_std": 0.31519989267507387,
        "nauc_mrr_at_20_diff1": 0.16320714632320443,
        "nauc_mrr_at_20_max": 0.13723542727713037,
        "nauc_mrr_at_20_std": 0.18206041055948366,
        "nauc_mrr_at_3_diff1": 0.2511688712043798,
        "nauc_mrr_at_3_max": 0.27321044248696963,
        "nauc_mrr_at_3_std": 0.25904697749030925,
        "nauc_mrr_at_5_diff1": 0.21521335544591474,
        "nauc_mrr_at_5_max": 0.2113372091652469,
        "nauc_mrr_at_5_std": 0.2005207805294853,
        "nauc_ndcg_at_1000_diff1": 0.16950128947614498,
        "nauc_ndcg_at_1000_max": 0.09771315665397043,
        "nauc_ndcg_at_1000_std": 0.11423396959546643,
        "nauc_ndcg_at_100_diff1": 0.1362276422933387,
        "nauc_ndcg_at_100_max": 0.12099425025711087,
        "nauc_ndcg_at_100_std": 0.1647969878446849,
        "nauc_ndcg_at_10_diff1": 0.1819084240279575,
        "nauc_ndcg_at_10_max": 0.10992722462970288,
        "nauc_ndcg_at_10_std": 0.08419819201390377,
        "nauc_ndcg_at_1_diff1": 0.42076737322243096,
        "nauc_ndcg_at_1_max": 0.31483767104910115,
        "nauc_ndcg_at_1_std": 0.14225918969680712,
        "nauc_ndcg_at_20_diff1": 0.11701284478176674,
        "nauc_ndcg_at_20_max": 0.043001027055297264,
        "nauc_ndcg_at_20_std": 0.11088100360338167,
        "nauc_ndcg_at_3_diff1": 0.3493906000457037,
        "nauc_ndcg_at_3_max": 0.2434074706616141,
        "nauc_ndcg_at_3_std": 0.1257301377102663,
        "nauc_ndcg_at_5_diff1": 0.18845762215277664,
        "nauc_ndcg_at_5_max": 0.15995088105679692,
        "nauc_ndcg_at_5_std": 0.08636764121527585,
        "nauc_precision_at_1000_diff1": NaN,
        "nauc_precision_at_1000_max": NaN,
        "nauc_precision_at_1000_std": NaN,
        "nauc_precision_at_100_diff1": 0.06866362926976609,
        "nauc_precision_at_100_max": 0.1564477559342512,
        "nauc_precision_at_100_std": 0.2592393082790042,
        "nauc_precision_at_10_diff1": 0.11858669477508982,
        "nauc_precision_at_10_max": 0.04625892313888809,
        "nauc_precision_at_10_std": 0.07605556555347029,
        "nauc_precision_at_1_diff1": 0.42076737322243096,
        "nauc_precision_at_1_max": 0.31483767104910115,
        "nauc_precision_at_1_std": 0.14225918969680712,
        "nauc_precision_at_20_diff1": 0.0192423410853741,
        "nauc_precision_at_20_max": -0.05544571477692754,
        "nauc_precision_at_20_std": 0.12023487558603196,
        "nauc_precision_at_3_diff1": 0.3060101958679904,
        "nauc_precision_at_3_max": 0.21431446203380744,
        "nauc_precision_at_3_std": 0.13677220284411068,
        "nauc_precision_at_5_diff1": 0.09749958475474971,
        "nauc_precision_at_5_max": 0.1060089181902973,
        "nauc_precision_at_5_std": 0.06944178261591728,
        "nauc_recall_at_1000_diff1": NaN,
        "nauc_recall_at_1000_max": NaN,
        "nauc_recall_at_1000_std": NaN,
        "nauc_recall_at_100_diff1": 0.06866362926976599,
        "nauc_recall_at_100_max": 0.1564477559342513,
        "nauc_recall_at_100_std": 0.25923930827900404,
        "nauc_recall_at_10_diff1": 0.11858669477508972,
        "nauc_recall_at_10_max": 0.04625892313888821,
        "nauc_recall_at_10_std": 0.07605556555347026,
        "nauc_recall_at_1_diff1": 0.42076737322243096,
        "nauc_recall_at_1_max": 0.31483767104910115,
        "nauc_recall_at_1_std": 0.14225918969680712,
        "nauc_recall_at_20_diff1": 0.019242341085374044,
        "nauc_recall_at_20_max": -0.0554457147769277,
        "nauc_recall_at_20_std": 0.12023487558603191,
        "nauc_recall_at_3_diff1": 0.30601019586799033,
        "nauc_recall_at_3_max": 0.21431446203380736,
        "nauc_recall_at_3_std": 0.13677220284411043,
        "nauc_recall_at_5_diff1": 0.09749958475474968,
        "nauc_recall_at_5_max": 0.10600891819029733,
        "nauc_recall_at_5_std": 0.06944178261591726,
        "ndcg_at_1": 0.01786,
        "ndcg_at_10": 0.05854,
        "ndcg_at_100": 0.13881,
        "ndcg_at_1000": 0.19897,
        "ndcg_at_20": 0.07135,
        "ndcg_at_3": 0.03129,
        "ndcg_at_5": 0.04467,