{
  "dataset_revision": "0821bc71310cfa51d5c8131d4d8b9c4d537bd8c8",
  "evaluation_time": 41.09197378158569,
  "kg_co2_emissions": 0.0011514660320217467,
  "mteb_version": "1.14.15",
  "scores": {
    "test": [
      {
        "cv_recall_at_1": 0.13,
        "cv_recall_at_10": 0.33,
        "cv_recall_at_100": 0.76,
        "cv_recall_at_1000": 1.0,
        "cv_recall_at_20": 0.42,
        "cv_recall_at_3": 0.22,
        "cv_recall_at_5": 0.25,
        "hf_subset": "default",
        "languages": [
          "eng-Latn"
        ],
        "main_score": 0.19959,
        "map_at_1": 0.15,
        "map_at_10": 0.19405,
        "map_at_100": 0.20776,
        "map_at_1000": 0.2087,
        "map_at_20": 0.20035,
        "map_at_3": 0.17167,
        "map_at_5": 0.18317,
        "mrr_at_1": 0.13,
        "mrr_at_10": 0.1862738095238095,
        "mrr_at_100": 0.20004088143328208,
        "mrr_at_1000": 0.20097531047274825,
        "mrr_at_20": 0.19262146595234828,
        "mrr_at_3": 0.16833333333333336,
        "mrr_at_5": 0.17533333333333334,
        "nauc_cv_recall_at_1000_diff1": NaN,
        "nauc_cv_recall_at_1000_max": NaN,
        "nauc_cv_recall_at_1000_std": NaN,
        "nauc_cv_recall_at_100_diff1": -0.20156615038504816,
        "nauc_cv_recall_at_100_max": -0.042809552652072244,
        "nauc_cv_recall_at_100_std": 0.30741109284416435,
        "nauc_cv_recall_at_10_diff1": -0.1017161267990043,
        "nauc_cv_recall_at_10_max": 0.004646456577598465,
        "nauc_cv_recall_at_10_std": 0.1794810347352583,
        "nauc_cv_recall_at_1_diff1": 0.12471178169282092,
        "nauc_cv_recall_at_1_max": 0.28609164782521107,
        "nauc_cv_recall_at_1_std": 0.07606724720736042,
        "nauc_cv_recall_at_20_diff1": 0.005845451953236371,
        "nauc_cv_recall_at_20_max": 0.13303263602664817,
        "nauc_cv_recall_at_20_std": 0.2580164346631413,
        "nauc_cv_recall_at_3_diff1": -0.1479628305932809,
        "nauc_cv_recall_at_3_max": 0.16765080647667582,
        "nauc_cv_recall_at_3_std": 0.17256114616030066,
        "nauc_cv_recall_at_5_diff1": -0.06642147848473702,
        "nauc_cv_recall_at_5_max": 0.1637513791835233,
        "nauc_cv_recall_at_5_std": 0.15929385803604262,
        "nauc_map_at_1000_diff1": -0.02669825920843526,
        "nauc_map_at_1000_max": 0.20488784369615923,
        "nauc_map_at_1000_std": 0.1534644392910108,
        "nauc_map_at_100_diff1": -0.027669371894039556,
        "nauc_map_at_100_max": 0.20408891960356915,
        "nauc_map_at_100_std": 0.15397422240934064,
        "nauc_map_at_10_diff1": -0.026978680515745628,
        "nauc_map_at_10_max": 0.203101264955789,
        "nauc_map_at_10_std": 0.150291135346907,
        "nauc_map_at_1_diff1": 0.037234149783287956,
        "nauc_map_at_1_max": 0.2641870779155327,
        "nauc_map_at_1_std": 0.1251486745287773,
        "nauc_map_at_20_diff1": -0.02274403208065,
        "nauc_map_at_20_max": 0.20975972015553204,
        "nauc_map_at_20_std": 0.1556392846545606,
        "nauc_map_at_3_diff1": -0.04080667028610763,
        "nauc_map_at_3_max": 0.23115186183845374,
        "nauc_map_at_3_std": 0.1434056918238042,
        "nauc_map_at_5_diff1": -0.028987132180553495,
        "nauc_map_at_5_max": 0.2246624774834607,
        "nauc_map_at_5_std": 0.1467683422709215,
        "nauc_mrr_at_1000_diff1": 0.003414700270465342,
        "nauc_mrr_at_1000_max": 0.2101150922535256,
        "nauc_mrr_at_1000_std": 0.13937735912303928,
        "nauc_mrr_at_100_diff1": 0.002310267952112924,
        "nauc_mrr_at_100_max": 0.20926310613998664,
        "nauc_mrr_at_100_std": 0.13995314307812595,
        "nauc_mrr_at_10_diff1": -0.004244398939356756,
        "nauc_mrr_at_10_max": 0.2004324534876496,
        "nauc_mrr_at_10_std": 0.13506406094440532,
        "nauc_mrr_at_1_diff1": 0.12471178169282092,
        "nauc_mrr_at_1_max": 0.28609164782521107,
        "nauc_mrr_at_1_std": 0.07606724720736042,
        "nauc_mrr_at_20_diff1": 0.007348787643489785,
        "nauc_mrr_at_20_max": 0.21521741880289094,
        "nauc_mrr_at_20_std": 0.1419345418703723,
        "nauc_mrr_at_3_diff1": -0.021612187897800384,
        "nauc_mrr_at_3_max": 0.23281111698417703,
        "nauc_mrr_at_3_std": 0.1352998026441308,
        "nauc_mrr_at_5_diff1": 0.0029452296885064616,
        "nauc_mrr_at_5_max": 0.23247671464338898,
        "nauc_mrr_at_5_std": 0.13362863627798824,
        "nauc_ndcg_at_1000_diff1": -0.033953069401675334,
        "nauc_ndcg_at_1000_max": 0.1793162235277177,
        "nauc_ndcg_at_1000_std": 0.16429703131583767,
        "nauc_ndcg_at_100_diff1": -0.053348205856466775,
        "nauc_ndcg_at_100_max": 0.15704888800921482,
        "nauc_ndcg_at_100_std": 0.17827291867779108,
        "nauc_ndcg_at_10_diff1": -0.03372892873020772,
        "nauc_ndcg_at_10_max": 0.1647716777400894,
        "nauc_ndcg_at_10_std": 0.16051422100209756,
        "nauc_ndcg_at_1_diff1": 0.037234149783287956,
        "nauc_ndcg_at_1_max": 0.2641870779155327,
        "nauc_ndcg_at_1_std": 0.1251486745287773,
        "nauc_ndcg_at_20_diff1": -0.01896769030204201,
        "nauc_ndcg_at_20_max": 0.18506468879102184,
        "nauc_ndcg_at_20_std": 0.18130810788478474,
        "nauc_ndcg_at_3_diff1": -0.062068396272697536,
        "nauc_ndcg_at_3_max": 0.2173365407685242,
        "nauc_ndcg_at_3_std": 0.143861705578672,
        "nauc_ndcg_at_5_diff1": -0.04082287504205728,
        "nauc_ndcg_at_5_max": 0.20731900875749532,
        "nauc_ndcg_at_5_std": 0.1504369886210904,
        "nauc_precision_at_1000_diff1": NaN,
        "nauc_precision_at_1000_max": NaN,
        "nauc_precision_at_1000_std": NaN,
        "nauc_precision_at_100_diff1": -0.20156615038504755,
        "nauc_precision_at_100_max": -0.042809552652072126,
        "nauc_precision_at_100_std": 0.30741109284416396,
        "nauc_precision_at_10_diff1": -0.041884677344197416,
        "nauc_precision_at_10_max": 0.07006963028051802,
        "nauc_precision_at_10_std": 0.1878686211074275,
        "nauc_precision_at_1_diff1": 0.037234149783287956,
        "nauc_precision_at_1_max": 0.2641870779155327,
        "nauc_precision_at_1_std": 0.1251486745287773,
        "nauc_precision_at_20_diff1": 0.005845451953236507,
        "nauc_precision_at_20_max": 0.13303263602664803,
        "nauc_precision_at_20_std": 0.25801643466314134,
        "nauc_precision_at_3_diff1": -0.11637068130448816,
        "nauc_precision_at_3_max": 0.18064255731352935,
        "nauc_precision_at_3_std": 0.14370358411365844,
        "nauc_precision_at_5_diff1": -0.06642147848473719,
        "nauc_precision_at_5_max": 0.16375137918352314,
        "nauc_precision_at_5_std": 0.15929385803604254,
        "nauc_recall_at_1000_diff1": NaN,
        "nauc_recall_at_1000_max": NaN,
        "nauc_recall_at_1000_std": NaN,
        "nauc_recall_at_100_diff1": -0.20156615038504816,
        "nauc_recall_at_100_max": -0.042809552652072244,
        "nauc_recall_at_100_std": 0.30741109284416435,
        "nauc_recall_at_10_diff1": -0.041884677344197464,
        "nauc_recall_at_10_max": 0.07006963028051785,
        "nauc_recall_at_10_std": 0.1878686211074277,
        "nauc_recall_at_1_diff1": 0.037234149783287956,
        "nauc_recall_at_1_max": 0.2641870779155327,
        "nauc_recall_at_1_std": 0.1251486745287773,
        "nauc_recall_at_20_diff1": 0.005845451953236371,
        "nauc_recall_at_20_max": 0.13303263602664817,
        "nauc_recall_at_20_std": 0.2580164346631413,
        "nauc_recall_at_3_diff1": -0.11637068130448837,
        "nauc_recall_at_3_max": 0.1806425573135291,
        "nauc_recall_at_3_std": 0.14370358411365827,
        "nauc_recall_at_5_diff1": -0.06642147848473702,
        "nauc_recall_at_5_max": 0.1637513791835233,
        "nauc_recall_at_5_std": 0.15929385803604262,
        "ndcg_at_1": 0.15,
        "ndcg_at_10": 0.22568,
        "ndcg_at_100": 0.30894,
        "ndcg_at_1000": 0.33839,
        "ndcg_at_20": 0.24852,
        "ndcg_at_3": 0.17893,
        "ndcg_at_5": 0.19959,