{
  "dataset_revision": "302cf2008f204285985099dcd46425b00356c610",
  "evaluation_time": 29.289385080337524,
  "kg_co2_emissions": 0.0009063152812704238,
  "mteb_version": "1.14.15",
  "scores": {
    "test": [
      {
        "cv_recall_at_1": 0.12582,
        "cv_recall_at_10": 0.66263,
        "cv_recall_at_100": 1.0,
        "cv_recall_at_1000": 1.0,
        "cv_recall_at_20": 0.96645,
        "cv_recall_at_3": 0.27027,
        "cv_recall_at_5": 0.37745,
        "hf_subset": "default",
        "languages": [
          "eng-Latn"
        ],
        "main_score": 0.34683,
        "map_at_1": 0.12582,
        "map_at_10": 0.25283,
        "map_at_100": 0.27586,
        "map_at_1000": 0.27586,
        "map_at_20": 0.27436,
        "map_at_3": 0.1923,
        "map_at_5": 0.2162,
        "mrr_at_1": 0.12581547064305684,
        "mrr_at_10": 0.25282770455184206,
        "mrr_at_100": 0.2758619250686336,
        "mrr_at_1000": 0.2758619250686336,
        "mrr_at_20": 0.27436420057990457,
        "mrr_at_3": 0.19229574401988214,
        "mrr_at_5": 0.21620068344206286,
        "nauc_cv_recall_at_1000_diff1": NaN,
        "nauc_cv_recall_at_1000_max": NaN,
        "nauc_cv_recall_at_1000_std": NaN,
        "nauc_cv_recall_at_100_diff1": NaN,
        "nauc_cv_recall_at_100_max": NaN,
        "nauc_cv_recall_at_100_std": NaN,
        "nauc_cv_recall_at_10_diff1": 0.23945620045528265,
        "nauc_cv_recall_at_10_max": 0.4444379683122121,
        "nauc_cv_recall_at_10_std": 0.4309206090364208,
        "nauc_cv_recall_at_1_diff1": 0.09193305098591258,
        "nauc_cv_recall_at_1_max": 0.30873306892571484,
        "nauc_cv_recall_at_1_std": 0.4688006121372009,
        "nauc_cv_recall_at_20_diff1": 0.033891593840172936,
        "nauc_cv_recall_at_20_max": 0.832788721063434,
        "nauc_cv_recall_at_20_std": 0.8087264001347193,
        "nauc_cv_recall_at_3_diff1": 0.030258425050263625,
        "nauc_cv_recall_at_3_max": 0.3487900470558745,
        "nauc_cv_recall_at_3_std": 0.559928016352206,
        "nauc_cv_recall_at_5_diff1": 0.09769209451519062,
        "nauc_cv_recall_at_5_max": 0.28033615292173325,
        "nauc_cv_recall_at_5_std": 0.4988726975715707,
        "nauc_map_at_1000_diff1": 0.0788878328294725,
        "nauc_map_at_1000_max": 0.33676368963233927,
        "nauc_map_at_1000_std": 0.515399573403419,
        "nauc_map_at_100_diff1": 0.0788878328294725,
        "nauc_map_at_100_max": 0.33676368963233927,
        "nauc_map_at_100_std": 0.515399573403419,
        "nauc_map_at_10_diff1": 0.09017800678238727,
        "nauc_map_at_10_max": 0.3398036369066778,
        "nauc_map_at_10_std": 0.5085894969438918,
        "nauc_map_at_1_diff1": 0.09193305098591258,
        "nauc_map_at_1_max": 0.30873306892571484,
        "nauc_map_at_1_std": 0.4688006121372009,
        "nauc_map_at_20_diff1": 0.07866728585038776,
        "nauc_map_at_20_max": 0.3397938314998712,
        "nauc_map_at_20_std": 0.517161259197071,
        "nauc_map_at_3_diff1": 0.055075832452895955,
        "nauc_map_at_3_max": 0.3438829074330081,
        "nauc_map_at_3_std": 0.5383395753742336,
        "nauc_map_at_5_diff1": 0.07473319634513545,
        "nauc_map_at_5_max": 0.3216824687316887,
        "nauc_map_at_5_std": 0.5193690542876134,
        "nauc_mrr_at_1000_diff1": 0.0788878328294725,
        "nauc_mrr_at_1000_max": 0.33676368963233927,
        "nauc_mrr_at_1000_std": 0.515399573403419,
        "nauc_mrr_at_100_diff1": 0.0788878328294725,
        "nauc_mrr_at_100_max": 0.33676368963233927,
        "nauc_mrr_at_100_std": 0.515399573403419,
        "nauc_mrr_at_10_diff1": 0.09017800678238727,
        "nauc_mrr_at_10_max": 0.3398036369066778,
        "nauc_mrr_at_10_std": 0.5085894969438918,
        "nauc_mrr_at_1_diff1": 0.09193305098591258,
        "nauc_mrr_at_1_max": 0.30873306892571484,
        "nauc_mrr_at_1_std": 0.4688006121372009,
        "nauc_mrr_at_20_diff1": 0.07866728585038776,
        "nauc_mrr_at_20_max": 0.3397938314998712,
        "nauc_mrr_at_20_std": 0.517161259197071,
        "nauc_mrr_at_3_diff1": 0.055075832452895955,
        "nauc_mrr_at_3_max": 0.3438829074330081,
        "nauc_mrr_at_3_std": 0.5383395753742336,
        "nauc_mrr_at_5_diff1": 0.07473319634513545,
        "nauc_mrr_at_5_max": 0.3216824687316887,
        "nauc_mrr_at_5_std": 0.5193690542876134,
        "nauc_ndcg_at_1000_diff1": 0.082252656610399,
        "nauc_ndcg_at_1000_max": 0.3400356546952253,
        "nauc_ndcg_at_1000_std": 0.5139975625389314,
        "nauc_ndcg_at_100_diff1": 0.082252656610399,
        "nauc_ndcg_at_100_max": 0.3400356546952253,
        "nauc_ndcg_at_100_std": 0.5139975625389314,
        "nauc_ndcg_at_10_diff1": 0.12292093894071862,
        "nauc_ndcg_at_10_max": 0.36144015950911523,
        "nauc_ndcg_at_10_std": 0.4913125672334986,
        "nauc_ndcg_at_1_diff1": 0.09193305098591258,
        "nauc_ndcg_at_1_max": 0.30873306892571484,
        "nauc_ndcg_at_1_std": 0.4688006121372009,
        "nauc_ndcg_at_20_diff1": 0.08062417409901315,
        "nauc_ndcg_at_20_max": 0.3576030818492625,
        "nauc_ndcg_at_20_std": 0.5244517352631833,
        "nauc_ndcg_at_3_diff1": 0.04750154769937071,
        "nauc_ndcg_at_3_max": 0.34586106207204653,
        "nauc_ndcg_at_3_std": 0.5455746882349257,
        "nauc_ndcg_at_5_diff1": 0.08068425548426404,
        "nauc_ndcg_at_5_max": 0.31016325526718247,
        "nauc_ndcg_at_5_std": 0.5145469847042905,
        "nauc_precision_at_1000_diff1": 1.0,
        "nauc_precision_at_1000_max": 1.0,
        "nauc_precision_at_1000_std": 1.0,
        "nauc_precision_at_100_diff1": NaN,
        "nauc_precision_at_100_max": NaN,
        "nauc_precision_at_100_std": NaN,
        "nauc_precision_at_10_diff1": 0.2394562004552821,
        "nauc_precision_at_10_max": 0.44443796831221205,
        "nauc_precision_at_10_std": 0.43092060903642104,
        "nauc_precision_at_1_diff1": 0.09193305098591258,
        "nauc_precision_at_1_max": 0.30873306892571484,
        "nauc_precision_at_1_std": 0.4688006121372009,
        "nauc_precision_at_20_diff1": 0.03389159384017472,
        "nauc_precision_at_20_max": 0.8327887210634309,
        "nauc_precision_at_20_std": 0.8087264001347222,
        "nauc_precision_at_3_diff1": 0.03025842505026347,
        "nauc_precision_at_3_max": 0.3487900470558741,
        "nauc_precision_at_3_std": 0.5599280163522058,
        "nauc_precision_at_5_diff1": 0.09769209451519074,
        "nauc_precision_at_5_max": 0.2803361529217336,
        "nauc_precision_at_5_std": 0.49887269757157077,
        "nauc_recall_at_1000_diff1": NaN,
        "nauc_recall_at_1000_max": NaN,
        "nauc_recall_at_1000_std": NaN,
        "nauc_recall_at_100_diff1": NaN,
        "nauc_recall_at_100_max": NaN,
        "nauc_recall_at_100_std": NaN,
        "nauc_recall_at_10_diff1": 0.23945620045528265,
        "nauc_recall_at_10_max": 0.4444379683122121,
        "nauc_recall_at_10_std": 0.4309206090364208,
        "nauc_recall_at_1_diff1": 0.09193305098591258,
        "nauc_recall_at_1_max": 0.30873306892571484,
        "nauc_recall_at_1_std": 0.4688006121372009,
        "nauc_recall_at_20_diff1": 0.033891593840172936,
        "nauc_recall_at_20_max": 0.832788721063434,
        "nauc_recall_at_20_std": 0.8087264001347193,
        "nauc_recall_at_3_diff1": 0.030258425050263625,
        "nauc_recall_at_3_max": 0.3487900470558745,
        "nauc_recall_at_3_std": 0.559928016352206,
        "nauc_recall_at_5_diff1": 0.09769209451519062,
        "nauc_recall_at_5_max": 0.28033615292173325,
        "nauc_recall_at_5_std": 0.4988726975715707,
        "ndcg_at_1": 0.12582,
        "ndcg_at_10": 0.34683,
        "ndcg_at_100": 0.4316,
        "ndcg_at_1000": 0.4316,
        "ndcg_at_20": 0.42423,
        "ndcg_at_3": 0.21244,
        "ndcg_at_5": 0.25607,
        "precision_at_1": 0.12582,
        "precision_at_10": 0.06626,
        "precision_at_100": 0.01,
        "precision_at_1000": 0.001,
        "precision_at_20": 0.04832,
        "precision_at_3": 0.09009,