{
  "dataset_revision": "501f02a80aff50c90045b0feaa81565c4e8f889e",
  "evaluation_time": 5.9011549949646,
  "kg_co2_emissions": 0.0001873835361589931,
  "mteb_version": "1.14.15",
  "scores": {
    "test": [
      {
        "cv_recall_at_1": 0.025,
        "cv_recall_at_10": 0.16786,
        "cv_recall_at_100": 0.64643,
        "cv_recall_at_1000": 1.0,
        "cv_recall_at_20": 0.24643,
        "cv_recall_at_3": 0.07857,
        "cv_recall_at_5": 0.12857,
        "hf_subset": "default",
        "languages": [
          "eng-Latn"
        ],
        "main_score": 0.07171,
        "map_at_1": 0.01786,
        "map_at_10": 0.05851,
        "map_at_100": 0.07173,
        "map_at_1000": 0.07404,
        "map_at_20": 0.06338,
        "map_at_3": 0.04286,
        "map_at_5": 0.05321,
        "mrr_at_1": 0.025,
        "mrr_at_10": 0.0643877551020408,
        "mrr_at_100": 0.07800038613427997,
        "mrr_at_1000": 0.08031564015104363,
        "mrr_at_20": 0.06969958189385432,
        "mrr_at_3": 0.04821428571428572,
        "mrr_at_5": 0.05946428571428571,
        "nauc_cv_recall_at_1000_diff1": NaN,
        "nauc_cv_recall_at_1000_max": NaN,
        "nauc_cv_recall_at_1000_std": NaN,
        "nauc_cv_recall_at_100_diff1": 0.009611332713743724,
        "nauc_cv_recall_at_100_max": 0.11614992524518984,
        "nauc_cv_recall_at_100_std": 0.265093833161118,
        "nauc_cv_recall_at_10_diff1": -0.0905315779380937,
        "nauc_cv_recall_at_10_max": 0.24030443896342638,
        "nauc_cv_recall_at_10_std": 0.2162746563159184,
        "nauc_cv_recall_at_1_diff1": -0.27509678408524674,
        "nauc_cv_recall_at_1_max": 0.27774157690980866,
        "nauc_cv_recall_at_1_std": 0.2758633907010618,
        "nauc_cv_recall_at_20_diff1": -0.07876355599266097,
        "nauc_cv_recall_at_20_max": 0.16552719658634857,
        "nauc_cv_recall_at_20_std": 0.21981990556410375,
        "nauc_cv_recall_at_3_diff1": -0.16860989828524034,
        "nauc_cv_recall_at_3_max": 0.3520989340683465,
        "nauc_cv_recall_at_3_std": 0.24089567529331424,
        "nauc_cv_recall_at_5_diff1": -0.05794894110820999,
        "nauc_cv_recall_at_5_max": 0.314347419656384,
        "nauc_cv_recall_at_5_std": 0.23748509170615356,
        "nauc_map_at_1000_diff1": -0.03279398287949269,
        "nauc_map_at_1000_max": 0.2871671774474937,
        "nauc_map_at_1000_std": 0.21743367330493774,
        "nauc_map_at_100_diff1": -0.03239095507882102,
        "nauc_map_at_100_max": 0.28345409376704944,
        "nauc_map_at_100_std": 0.21746444996787623,
        "nauc_map_at_10_diff1": -0.025911716661920433,
        "nauc_map_at_10_max": 0.29242082289375904,
        "nauc_map_at_10_std": 0.20300808437266435,
        "nauc_map_at_1_diff1": -0.0419640461497183,
        "nauc_map_at_1_max": 0.5379661926482426,
        "nauc_map_at_1_std": 0.31805741883552463,
        "nauc_map_at_20_diff1": -0.03722016886130755,
        "nauc_map_at_20_max": 0.28231987323194957,
        "nauc_map_at_20_std": 0.20908250505496712,
        "nauc_map_at_3_diff1": 0.0010807023820170567,
        "nauc_map_at_3_max": 0.28499612437766453,
        "nauc_map_at_3_std": 0.18109218018662604,
        "nauc_map_at_5_diff1": -0.035701568783717205,
        "nauc_map_at_5_max": 0.3203509730300405,
        "nauc_map_at_5_std": 0.20236480566525672,
        "nauc_mrr_at_1000_diff1": -0.11792276572681136,
        "nauc_mrr_at_1000_max": 0.2807692117337841,
        "nauc_mrr_at_1000_std": 0.2278398981003806,
        "nauc_mrr_at_100_diff1": -0.11618783990612887,
        "nauc_mrr_at_100_max": 0.2774977296907728,
        "nauc_mrr_at_100_std": 0.227728907627953,
        "nauc_mrr_at_10_diff1": -0.12644838030909564,
        "nauc_mrr_at_10_max": 0.2925627478480452,
        "nauc_mrr_at_10_std": 0.22218104100799896,
        "nauc_mrr_at_1_diff1": -0.27509678408524674,
        "nauc_mrr_at_1_max": 0.27774157690980866,
        "nauc_mrr_at_1_std": 0.2758633907010618,
        "nauc_mrr_at_20_diff1": -0.12074111197227137,
        "nauc_mrr_at_20_max": 0.27633029193737363,
        "nauc_mrr_at_20_std": 0.2201531422507109,
        "nauc_mrr_at_3_diff1": -0.1773776280528807,
        "nauc_mrr_at_3_max": 0.33492333224020915,
        "nauc_mrr_at_3_std": 0.2322690278150433,
        "nauc_mrr_at_5_diff1": -0.12005920190255316,
        "nauc_mrr_at_5_max": 0.3178036716628692,
        "nauc_mrr_at_5_std": 0.22886659647139557,
        "nauc_ndcg_at_1000_diff1": -0.034075086665210065,
        "nauc_ndcg_at_1000_max": 0.26118723730860105,
        "nauc_ndcg_at_1000_std": 0.2292572513683952,
        "nauc_ndcg_at_100_diff1": -0.02352144963539901,
        "nauc_ndcg_at_100_max": 0.2204937436743161,
        "nauc_ndcg_at_100_std": 0.23638255010178913,
        "nauc_ndcg_at_10_diff1": -0.02743837576484643,
        "nauc_ndcg_at_10_max": 0.2558939774496207,
        "nauc_ndcg_at_10_std": 0.1978338567337312,
        "nauc_ndcg_at_1_diff1": -0.0419640461497183,
        "nauc_ndcg_at_1_max": 0.5379661926482426,
        "nauc_ndcg_at_1_std": 0.31805741883552463,
        "nauc_ndcg_at_20_diff1": -0.054960543772880635,
        "nauc_ndcg_at_20_max": 0.23012811995513482,
        "nauc_ndcg_at_20_std": 0.21266858001344913,
        "nauc_ndcg_at_3_diff1": 0.0015182764107239085,
        "nauc_ndcg_at_3_max": 0.25078842787301575,
        "nauc_ndcg_at_3_std": 0.1705752713689123,
        "nauc_ndcg_at_5_diff1": -0.04774759351609549,
        "nauc_ndcg_at_5_max": 0.30288681878744284,
        "nauc_ndcg_at_5_std": 0.20058047991463576,
        "nauc_precision_at_1000_diff1": NaN,
        "nauc_precision_at_1000_max": NaN,
        "nauc_precision_at_1000_std": NaN,
        "nauc_precision_at_100_diff1": 0.009611332713743967,
        "nauc_precision_at_100_max": 0.11614992524519006,
        "nauc_precision_at_100_std": 0.2650938331611187,
        "nauc_precision_at_10_diff1": -0.027391734332708747,
        "nauc_precision_at_10_max": 0.20959556527170534,
        "nauc_precision_at_10_std": 0.1914168228190715,
        "nauc_precision_at_1_diff1": -0.0419640461497183,
        "nauc_precision_at_1_max": 0.5379661926482426,
        "nauc_precision_at_1_std": 0.31805741883552463,
        "nauc_precision_at_20_diff1": -0.07876355599266066,
        "nauc_precision_at_20_max": 0.16552719658634873,
        "nauc_precision_at_20_std": 0.219819905564104,
        "nauc_precision_at_3_diff1": 0.0013298958248271098,
        "nauc_precision_at_3_max": 0.19813114639353258,
        "nauc_precision_at_3_std": 0.1556678060218617,
        "nauc_precision_at_5_diff1": -0.0658463075782483,
        "nauc_precision_at_5_max": 0.28200045127808404,
        "nauc_precision_at_5_std": 0.20025464977597282,
        "nauc_recall_at_1000_diff1": NaN,
        "nauc_recall_at_1000_max": NaN,
        "nauc_recall_at_1000_std": NaN,
        "nauc_recall_at_100_diff1": 0.009611332713743724,
        "nauc_recall_at_100_max": 0.11614992524518984,
        "nauc_recall_at_100_std": 0.265093833161118,
        "nauc_recall_at_10_diff1": -0.027391734332708792,
        "nauc_recall_at_10_max": 0.209595565271705,
        "nauc_recall_at_10_std": 0.19141682281907146,
        "nauc_recall_at_1_diff1": -0.0419640461497183,
        "nauc_recall_at_1_max": 0.5379661926482426,
        "nauc_recall_at_1_std": 0.31805741883552463,
        "nauc_recall_at_20_diff1": -0.07876355599266097,
        "nauc_recall_at_20_max": 0.16552719658634857,
        "nauc_recall_at_20_std": 0.21981990556410375,
        "nauc_recall_at_3_diff1": 0.0013298958248271094,
        "nauc_recall_at_3_max": 0.1981311463935327,
        "nauc_recall_at_3_std": 0.1556678060218617,
        "nauc_recall_at_5_diff1": -0.0658463075782484,
        "nauc_recall_at_5_max": 0.28200045127808404,
        "nauc_recall_at_5_std": 0.20025464977597285,
        "ndcg_at_1": 0.01786,
        "ndcg_at_10": 0.08515,
        "ndcg_at_100": 0.17401,
        "ndcg_at_1000": 0.22243,
        "ndcg_at_20": 0.10367,
        "ndcg_at_3": 0.05281,
        "ndcg_at_5": 0.07171,