{
  "dataset_revision": "359b66f11c25d19bc8f7108d98e660a5857f3d26",
  "evaluation_time": 30.621976375579834,
  "kg_co2_emissions": 0.00175734606579242,
  "mteb_version": "1.14.15",
  "scores": {
    "test": [
      {
        "cv_recall_at_1": 0.35572,
        "cv_recall_at_10": 0.65174,
        "cv_recall_at_100": 0.83085,
        "cv_recall_at_1000": 1.0,
        "cv_recall_at_20": 0.68905,
        "cv_recall_at_3": 0.53483,
        "cv_recall_at_5": 0.58209,
        "hf_subset": "default",
        "languages": [
          "eng-Latn"
        ],
        "main_score": 0.50532,
        "map_at_1": 0.35572,
        "map_at_10": 0.45863,
        "map_at_100": 0.4647,
        "map_at_1000": 0.46558,
        "map_at_20": 0.46132,
        "map_at_3": 0.43905,
        "map_at_5": 0.44975,
        "mrr_at_1": 0.35572139303482586,
        "mrr_at_10": 0.4586324330727316,
        "mrr_at_100": 0.4647021938403949,
        "mrr_at_1000": 0.4655827680809957,
        "mrr_at_20": 0.4613246583629768,
        "mrr_at_3": 0.43905472636815923,
        "mrr_at_5": 0.44975124378109455,
        "nauc_cv_recall_at_1000_diff1": NaN,
        "nauc_cv_recall_at_1000_max": NaN,
        "nauc_cv_recall_at_1000_std": NaN,
        "nauc_cv_recall_at_100_diff1": 0.19886079587252445,
        "nauc_cv_recall_at_100_max": 0.34718821129851235,
        "nauc_cv_recall_at_100_std": -0.12308232857640701,
        "nauc_cv_recall_at_10_diff1": 0.31161532904334965,
        "nauc_cv_recall_at_10_max": 0.40367926762455025,
        "nauc_cv_recall_at_10_std": -0.42360797045237725,
        "nauc_cv_recall_at_1_diff1": 0.44732435355008543,
        "nauc_cv_recall_at_1_max": 0.3624908808869399,
        "nauc_cv_recall_at_1_std": -0.2818194138810584,
        "nauc_cv_recall_at_20_diff1": 0.29114835514549275,
        "nauc_cv_recall_at_20_max": 0.3823603756466847,
        "nauc_cv_recall_at_20_std": -0.36230508534841444,
        "nauc_cv_recall_at_3_diff1": 0.38238052344978735,
        "nauc_cv_recall_at_3_max": 0.5017115526191132,
        "nauc_cv_recall_at_3_std": -0.44356181444881815,
        "nauc_cv_recall_at_5_diff1": 0.33536666358965667,
        "nauc_cv_recall_at_5_max": 0.44988648293577493,
        "nauc_cv_recall_at_5_std": -0.46014424187655517,
        "nauc_map_at_1000_diff1": 0.4032850342431966,
        "nauc_map_at_1000_max": 0.41026595964105006,
        "nauc_map_at_1000_std": -0.3491368750321722,
        "nauc_map_at_100_diff1": 0.40301381532854885,
        "nauc_map_at_100_max": 0.4101469278083584,
        "nauc_map_at_100_std": -0.34884000877740656,
        "nauc_map_at_10_diff1": 0.4032505060754551,
        "nauc_map_at_10_max": 0.41093532237003894,
        "nauc_map_at_10_std": -0.35604071644510443,
        "nauc_map_at_1_diff1": 0.44732435355008543,
        "nauc_map_at_1_max": 0.3624908808869399,
        "nauc_map_at_1_std": -0.2818194138810584,
        "nauc_map_at_20_diff1": 0.40316351364814823,
        "nauc_map_at_20_max": 0.4101677339045322,
        "nauc_map_at_20_std": -0.35219394656193614,
        "nauc_map_at_3_diff1": 0.4142824878804733,
        "nauc_map_at_3_max": 0.4271152277581035,
        "nauc_map_at_3_std": -0.35607817081267995,
        "nauc_map_at_5_diff1": 0.40476426295940804,
        "nauc_map_at_5_max": 0.4156452696515057,
        "nauc_map_at_5_std": -0.360168580064069,
        "nauc_mrr_at_1000_diff1": 0.4032850342431966,
        "nauc_mrr_at_1000_max": 0.41026595964105006,
        "nauc_mrr_at_1000_std": -0.3491368750321722,
        "nauc_mrr_at_100_diff1": 0.40301381532854885,
        "nauc_mrr_at_100_max": 0.4101469278083584,
        "nauc_mrr_at_100_std": -0.34884000877740656,
        "nauc_mrr_at_10_diff1": 0.4032505060754551,
        "nauc_mrr_at_10_max": 0.41093532237003894,
        "nauc_mrr_at_10_std": -0.35604071644510443,
        "nauc_mrr_at_1_diff1": 0.44732435355008543,
        "nauc_mrr_at_1_max": 0.3624908808869399,
        "nauc_mrr_at_1_std": -0.2818194138810584,
        "nauc_mrr_at_20_diff1": 0.40316351364814823,
        "nauc_mrr_at_20_max": 0.4101677339045322,
        "nauc_mrr_at_20_std": -0.35219394656193614,
        "nauc_mrr_at_3_diff1": 0.4142824878804733,
        "nauc_mrr_at_3_max": 0.4271152277581035,
        "nauc_mrr_at_3_std": -0.35607817081267995,
        "nauc_mrr_at_5_diff1": 0.40476426295940804,
        "nauc_mrr_at_5_max": 0.4156452696515057,
        "nauc_mrr_at_5_std": -0.360168580064069,
        "nauc_ndcg_at_1000_diff1": 0.39029136433222483,
        "nauc_ndcg_at_1000_max": 0.4111972491783666,
        "nauc_ndcg_at_1000_std": -0.34874911306862144,
        "nauc_ndcg_at_100_diff1": 0.3784976904191486,
        "nauc_ndcg_at_100_max": 0.4070688479674827,
        "nauc_ndcg_at_100_std": -0.3348103738668488,
        "nauc_ndcg_at_10_diff1": 0.38369488676041047,
        "nauc_ndcg_at_10_max": 0.41214113121742896,
        "nauc_ndcg_at_10_std": -0.3731821111464354,
        "nauc_ndcg_at_1_diff1": 0.44732435355008543,
        "nauc_ndcg_at_1_max": 0.3624908808869399,
        "nauc_ndcg_at_1_std": -0.2818194138810584,
        "nauc_ndcg_at_20_diff1": 0.38140777627501393,
        "nauc_ndcg_at_20_max": 0.40830797977025707,
        "nauc_ndcg_at_20_std": -0.35932133586951887,
        "nauc_ndcg_at_3_diff1": 0.40605565530707394,
        "nauc_ndcg_at_3_max": 0.44604442533126654,
        "nauc_ndcg_at_3_std": -0.3782403474691211,
        "nauc_ndcg_at_5_diff1": 0.3883191613192393,
        "nauc_ndcg_at_5_max": 0.42503522259850235,
        "nauc_ndcg_at_5_std": -0.38473904478237914,
        "nauc_precision_at_1000_diff1": NaN,
        "nauc_precision_at_1000_max": NaN,
        "nauc_precision_at_1000_std": NaN,
        "nauc_precision_at_100_diff1": 0.19886079587252428,
        "nauc_precision_at_100_max": 0.3471882112985124,
        "nauc_precision_at_100_std": -0.12308232857640662,
        "nauc_precision_at_10_diff1": 0.31161532904334976,
        "nauc_precision_at_10_max": 0.40367926762455064,
        "nauc_precision_at_10_std": -0.42360797045237697,
        "nauc_precision_at_1_diff1": 0.44732435355008543,
        "nauc_precision_at_1_max": 0.3624908808869399,
        "nauc_precision_at_1_std": -0.2818194138810584,
        "nauc_precision_at_20_diff1": 0.29114835514549287,
        "nauc_precision_at_20_max": 0.3823603756466847,
        "nauc_precision_at_20_std": -0.3623050853484148,
        "nauc_precision_at_3_diff1": 0.3823805234497871,
        "nauc_precision_at_3_max": 0.5017115526191129,
        "nauc_precision_at_3_std": -0.443561814448819,
        "nauc_precision_at_5_diff1": 0.33536666358965683,
        "nauc_precision_at_5_max": 0.44988648293577466,
        "nauc_precision_at_5_std": -0.4601442418765552,
        "nauc_recall_at_1000_diff1": NaN,
        "nauc_recall_at_1000_max": NaN,
        "nauc_recall_at_1000_std": NaN,
        "nauc_recall_at_100_diff1": 0.19886079587252445,
        "nauc_recall_at_100_max": 0.34718821129851235,
        "nauc_recall_at_100_std": -0.12308232857640701,
        "nauc_recall_at_10_diff1": 0.31161532904334965,
        "nauc_recall_at_10_max": 0.40367926762455025,
        "nauc_recall_at_10_std": -0.42360797045237725,
        "nauc_recall_at_1_diff1": 0.44732435355008543,
        "nauc_recall_at_1_max": 0.3624908808869399,
        "nauc_recall_at_1_std": -0.2818194138810584,
        "nauc_recall_at_20_diff1": 0.29114835514549275,
        "nauc_recall_at_20_max": 0.3823603756466847,
        "nauc_recall_at_20_std": -0.36230508534841444,
        "nauc_recall_at_3_diff1": 0.38238052344978735,
        "nauc_recall_at_3_max": 0.5017115526191132,
        "nauc_recall_at_3_std": -0.44356181444881815,
        "nauc_recall_at_5_diff1": 0.33536666358965667,
        "nauc_recall_at_5_max": 0.44988648293577493,
        "nauc_recall_at_5_std": -0.46014424187655517,
        "ndcg_at_1": 0.35572,
        "ndcg_at_10": 0.50532,
        "ndcg_at_100": 0.5407,
        "ndcg_at_1000": 0.56268,
        "ndcg_at_20": 0.51488,
        "ndcg_at_3": 0.46384,
        "ndcg_at_5": 0.48321,