{
  "dataset_revision": "b7b46b72d1ed1fa44d25e2b9c4726afab4a7ce53",
  "evaluation_time": 61.06778430938721,
  "kg_co2_emissions": null,
  "mteb_version": "1.14.15",
  "scores": {
    "test": [
      {
        "accuracy": 0.59925,
        "hf_subset": "default",
        "languages": [
          "eng-Latn"
        ],
        "main_score": 0.59925,
        "mrr_at_1": 0.599250936329588,
        "mrr_at_10": 0.7677902621722842,
        "mrr_at_100": 0.7677902621722842,
        "mrr_at_1000": 0.7677902621722842,
        "mrr_at_20": 0.7677902621722842,
        "mrr_at_3": 0.7677902621722842,
        "mrr_at_5": 0.7677902621722842,
        "ndcg_at_1": 0.59925,
        "ndcg_at_10": 0.81371,
        "ndcg_at_100": 0.81371,
        "ndcg_at_1000": 0.81371,
        "ndcg_at_20": 0.81371,
        "ndcg_at_3": 0.81371,
        "ndcg_at_5": 0.81371
      }
    ]
  },
  "task_name": "BLINKIT2IMultiChoice"
}