{
  "dataset_revision": "9c3a626c16c811f15514689c3e7e95a4f2b9b8c3",
  "evaluation_time": 79.38334536552429,
  "kg_co2_emissions": 0.0036846907352020945,
  "mteb_version": "1.14.15",
  "scores": {
    "test": [
      {
        "cv_recall_at_1": 0.00361,
        "cv_recall_at_10": 0.02586,
        "cv_recall_at_100": 0.12026,
        "cv_recall_at_1000": 0.6819,
        "cv_recall_at_20": 0.03668,
        "cv_recall_at_3": 0.00962,
        "cv_recall_at_5": 0.01563,
        "hf_subset": "default",
        "languages": [
          "eng-Latn"
        ],
        "main_score": 0.0083,
        "map_at_1": 0.00241,
        "map_at_10": 0.00788,
        "map_at_100": 0.01034,
        "map_at_1000": 0.01193,
        "map_at_20": 0.00862,
        "map_at_3": 0.00481,
        "map_at_5": 0.00631,
        "mrr_at_1": 0.0036079374624173183,
        "mrr_at_10": 0.008969256173104637,
        "mrr_at_100": 0.011499934009010464,
        "mrr_at_1000": 0.013081148454995662,
        "mrr_at_20": 0.009755340062805958,
        "mrr_at_3": 0.006313890559230307,
        "mrr_at_5": 0.0076668671076368,
        "nauc_cv_recall_at_1000_diff1": 0.08049525001543954,
        "nauc_cv_recall_at_1000_max": 0.07468677394423477,
        "nauc_cv_recall_at_1000_std": -0.02704819761597418,
        "nauc_cv_recall_at_100_diff1": 0.021563509627848535,
        "nauc_cv_recall_at_100_max": 0.07708265430378375,
        "nauc_cv_recall_at_100_std": 0.050784416017043296,
        "nauc_cv_recall_at_10_diff1": 0.03810117852613963,
        "nauc_cv_recall_at_10_max": 0.19760093242432997,
        "nauc_cv_recall_at_10_std": 0.15613245060859254,
        "nauc_cv_recall_at_1_diff1": -0.21311765803674612,
        "nauc_cv_recall_at_1_max": 0.2962309031869865,
        "nauc_cv_recall_at_1_std": 0.13009635570991018,
        "nauc_cv_recall_at_20_diff1": 0.042654080840471426,
        "nauc_cv_recall_at_20_max": 0.1314020409936255,
        "nauc_cv_recall_at_20_std": 0.09627732115173282,
        "nauc_cv_recall_at_3_diff1": -0.15265351708097008,
        "nauc_cv_recall_at_3_max": 0.3168345720819278,
        "nauc_cv_recall_at_3_std": 0.3189561622346788,
        "nauc_cv_recall_at_5_diff1": 0.029328675954974553,
        "nauc_cv_recall_at_5_max": 0.2936051081997366,
        "nauc_cv_recall_at_5_std": 0.3004383136604707,
        "nauc_map_at_1000_diff1": 0.09464101720308488,
        "nauc_map_at_1000_max": 0.22286607922812218,
        "nauc_map_at_1000_std": 0.22395104234425314,
        "nauc_map_at_100_diff1": 0.09211538473987922,
        "nauc_map_at_100_max": 0.2306285687783672,
        "nauc_map_at_100_std": 0.23543938552970556,
        "nauc_map_at_10_diff1": 0.12151127501595417,
        "nauc_map_at_10_max": 0.2958713325516803,
        "nauc_map_at_10_std": 0.29814248328607706,
        "nauc_map_at_1_diff1": 0.22027832369683537,
        "nauc_map_at_1_max": 0.4027888085648255,
        "nauc_map_at_1_std": 0.32369776084017277,
        "nauc_map_at_20_diff1": 0.10478368439982459,
        "nauc_map_at_20_max": 0.2695097425846308,
        "nauc_map_at_20_std": 0.27524849868477375,
        "nauc_map_at_3_diff1": 0.19126517019815303,
        "nauc_map_at_3_max": 0.3878575211124489,
        "nauc_map_at_3_std": 0.4376553349060044,
        "nauc_map_at_5_diff1": 0.16183452036002838,
        "nauc_map_at_5_max": 0.3551041674530344,
        "nauc_map_at_5_std": 0.3943289827321333,
        "nauc_mrr_at_1000_diff1": -0.030839784196742704,
        "nauc_mrr_at_1000_max": 0.19391364258865212,
        "nauc_mrr_at_1000_std": 0.1643407943643756,
        "nauc_mrr_at_100_diff1": -0.03819146944510479,
        "nauc_mrr_at_100_max": 0.19959779450216855,
        "nauc_mrr_at_100_std": 0.17253499209924375,
        "nauc_mrr_at_10_diff1": -0.052095771031239524,
        "nauc_mrr_at_10_max": 0.2510838699459929,
        "nauc_mrr_at_10_std": 0.21600300018403085,
        "nauc_mrr_at_1_diff1": -0.21311765803674612,
        "nauc_mrr_at_1_max": 0.2962309031869865,
        "nauc_mrr_at_1_std": 0.13009635570991018,
        "nauc_mrr_at_20_diff1": -0.04360052498649657,
        "nauc_mrr_at_20_max": 0.22674472506698734,
        "nauc_mrr_at_20_std": 0.19364035473069044,
        "nauc_mrr_at_3_diff1": -0.15903158752548816,
        "nauc_mrr_at_3_max": 0.28914877623917895,
        "nauc_mrr_at_3_std": 0.25886656408070324,
        "nauc_mrr_at_5_diff1": -0.07302126245583866,
        "nauc_mrr_at_5_max": 0.28192152640095686,
        "nauc_mrr_at_5_std": 0.25869595374723603,
        "nauc_ndcg_at_1000_diff1": 0.07368013752793227,
        "nauc_ndcg_at_1000_max": 0.11430603637312138,
        "nauc_ndcg_at_1000_std": 0.05829083216604155,
        "nauc_ndcg_at_100_diff1": 0.0424958024924793,
        "nauc_ndcg_at_100_max": 0.12667372306631425,
        "nauc_ndcg_at_100_std": 0.10985770928204146,
        "nauc_ndcg_at_10_diff1": 0.08858860010168221,
        "nauc_ndcg_at_10_max": 0.24656145465825094,
        "nauc_ndcg_at_10_std": 0.22977656188575027,
        "nauc_ndcg_at_1_diff1": 0.22027832369683537,
        "nauc_ndcg_at_1_max": 0.4027888085648255,
        "nauc_ndcg_at_1_std": 0.32369776084017277,
        "nauc_ndcg_at_20_diff1": 0.05789097571324036,
        "nauc_ndcg_at_20_max": 0.20487346500968107,
        "nauc_ndcg_at_20_std": 0.19584930265548336,
        "nauc_ndcg_at_3_diff1": 0.1824543204855176,
        "nauc_ndcg_at_3_max": 0.3855173794278658,
        "nauc_ndcg_at_3_std": 0.444510442782907,
        "nauc_ndcg_at_5_diff1": 0.1452415083958997,
        "nauc_ndcg_at_5_max": 0.33753789526543837,
        "nauc_ndcg_at_5_std": 0.3817878801190138,
        "nauc_precision_at_1000_diff1": 0.08049525001543897,
        "nauc_precision_at_1000_max": 0.07468677394423473,
        "nauc_precision_at_1000_std": -0.027048197615974517,
        "nauc_precision_at_100_diff1": 0.02203136839557438,
        "nauc_precision_at_100_max": 0.07747730471009685,
        "nauc_precision_at_100_std": 0.04751768978180163,
        "nauc_precision_at_10_diff1": 0.053420819372468786,
        "nauc_precision_at_10_max": 0.19086943183312868,
        "nauc_precision_at_10_std": 0.14982896859574008,
        "nauc_precision_at_1_diff1": 0.22027832369683537,
        "nauc_precision_at_1_max": 0.4027888085648255,
        "nauc_precision_at_1_std": 0.32369776084017277,
        "nauc_precision_at_20_diff1": 0.013975123597078207,
        "nauc_precision_at_20_max": 0.14536286027422943,
        "nauc_precision_at_20_std": 0.12121186725452562,
        "nauc_precision_at_3_diff1": 0.1657271803885364,
        "nauc_precision_at_3_max": 0.3812961236015777,
        "nauc_precision_at_3_std": 0.45472405588885767,
        "nauc_precision_at_5_diff1": 0.12176520074321476,
        "nauc_precision_at_5_max": 0.3111459428471057,
        "nauc_precision_at_5_std": 0.3610081685841642,
        "nauc_recall_at_1000_diff1": 0.08049525001543954,
        "nauc_recall_at_1000_max": 0.07468677394423477,
        "nauc_recall_at_1000_std": -0.02704819761597418,
        "nauc_recall_at_100_diff1": 0.022031368395574354,
        "nauc_recall_at_100_max": 0.07747730471009676,
        "nauc_recall_at_100_std": 0.04751768978180156,
        "nauc_recall_at_10_diff1": 0.05342081937246853,
        "nauc_recall_at_10_max": 0.19086943183312832,
        "nauc_recall_at_10_std": 0.1498289685957398,
        "nauc_recall_at_1_diff1": 0.22027832369683537,
        "nauc_recall_at_1_max": 0.4027888085648255,
        "nauc_recall_at_1_std": 0.32369776084017277,
        "nauc_recall_at_20_diff1": 0.013975123597077862,
        "nauc_recall_at_20_max": 0.14536286027422904,
        "nauc_recall_at_20_std": 0.12121186725452535,
        "nauc_recall_at_3_diff1": 0.16572718038853632,
        "nauc_recall_at_3_max": 0.38129612360157783,
        "nauc_recall_at_3_std": 0.4547240558888576,
        "nauc_recall_at_5_diff1": 0.12176520074321492,
        "nauc_recall_at_5_max": 0.3111459428471058,
        "nauc_recall_at_5_std": 0.3610081685841642,
        "ndcg_at_1": 0.00241,
        "ndcg_at_10": 0.01215,