{
  "dataset_revision": "0821bc71310cfa51d5c8131d4d8b9c4d537bd8c8",
  "evaluation_time": 44.535319089889526,
  "kg_co2_emissions": 0.0019666290016548873,
  "mteb_version": "1.14.15",
  "scores": {
    "test": [
      {
        "cv_recall_at_1": 0.13,
        "cv_recall_at_10": 0.34,
        "cv_recall_at_100": 0.68,
        "cv_recall_at_1000": 1.0,
        "cv_recall_at_20": 0.44,
        "cv_recall_at_3": 0.24,
        "cv_recall_at_5": 0.27,
        "hf_subset": "default",
        "languages": [
          "eng-Latn"
        ],
        "main_score": 0.20472,
        "map_at_1": 0.14,
        "map_at_10": 0.19722,
        "map_at_100": 0.20956,
        "map_at_1000": 0.21098,
        "map_at_20": 0.20366,
        "map_at_3": 0.18167,
        "map_at_5": 0.18617,
        "mrr_at_1": 0.13,
        "mrr_at_10": 0.19445238095238096,
        "mrr_at_100": 0.20671314462980514,
        "mrr_at_1000": 0.20813727783088812,
        "mrr_at_20": 0.20130023631339422,
        "mrr_at_3": 0.17833333333333334,
        "mrr_at_5": 0.18483333333333335,
        "nauc_cv_recall_at_1000_diff1": NaN,
        "nauc_cv_recall_at_1000_max": NaN,
        "nauc_cv_recall_at_1000_std": NaN,
        "nauc_cv_recall_at_100_diff1": -0.007342270748393798,
        "nauc_cv_recall_at_100_max": 0.11839195632644589,
        "nauc_cv_recall_at_100_std": 0.11849561191348208,
        "nauc_cv_recall_at_10_diff1": -0.06199157370359593,
        "nauc_cv_recall_at_10_max": 0.22209120538435026,
        "nauc_cv_recall_at_10_std": 0.09980391637298257,
        "nauc_cv_recall_at_1_diff1": 0.1962570795370598,
        "nauc_cv_recall_at_1_max": 0.43157753352286726,
        "nauc_cv_recall_at_1_std": 0.04445837344138254,
        "nauc_cv_recall_at_20_diff1": -0.06915226810043316,
        "nauc_cv_recall_at_20_max": 0.1925927859268153,
        "nauc_cv_recall_at_20_std": 0.1295479459205513,
        "nauc_cv_recall_at_3_diff1": 0.01572609633357302,
        "nauc_cv_recall_at_3_max": 0.3206176611550444,
        "nauc_cv_recall_at_3_std": 0.1495177330457703,
        "nauc_cv_recall_at_5_diff1": -0.02034408785463646,
        "nauc_cv_recall_at_5_max": 0.26886303257611266,
        "nauc_cv_recall_at_5_std": 0.19505888704200922,
        "nauc_map_at_1000_diff1": 0.0510382549256159,
        "nauc_map_at_1000_max": 0.3866243781018257,
        "nauc_map_at_1000_std": 0.13735250618061157,
        "nauc_map_at_100_diff1": 0.051258676465981666,
        "nauc_map_at_100_max": 0.38580483998833787,
        "nauc_map_at_100_std": 0.1369963999988612,
        "nauc_map_at_10_diff1": 0.051836600881778466,
        "nauc_map_at_10_max": 0.3910026071024283,
        "nauc_map_at_10_std": 0.13491601243081142,
        "nauc_map_at_1_diff1": 0.14648478934193193,
        "nauc_map_at_1_max": 0.48805634519920243,
        "nauc_map_at_1_std": 0.14792736221307642,
        "nauc_map_at_20_diff1": 0.04931473749727783,
        "nauc_map_at_20_max": 0.38638845922641124,
        "nauc_map_at_20_std": 0.13271476805645802,
        "nauc_map_at_3_diff1": 0.06996528348827682,
        "nauc_map_at_3_max": 0.414011596092374,
        "nauc_map_at_3_std": 0.1416050929511429,
        "nauc_map_at_5_diff1": 0.054277709287942254,
        "nauc_map_at_5_max": 0.4047904255454615,
        "nauc_map_at_5_std": 0.14821019426862986,
        "nauc_mrr_at_1000_diff1": 0.07225176895069613,
        "nauc_mrr_at_1000_max": 0.353001377773109,
        "nauc_mrr_at_1000_std": 0.09267563527671051,
        "nauc_mrr_at_100_diff1": 0.07238568051024367,
        "nauc_mrr_at_100_max": 0.35231575463977155,
        "nauc_mrr_at_100_std": 0.09250587571140582,
        "nauc_mrr_at_10_diff1": 0.07257238915430195,
        "nauc_mrr_at_10_max": 0.3574111675790591,
        "nauc_mrr_at_10_std": 0.0900936393571171,
        "nauc_mrr_at_1_diff1": 0.1962570795370598,
        "nauc_mrr_at_1_max": 0.43157753352286726,
        "nauc_mrr_at_1_std": 0.04445837344138254,
        "nauc_mrr_at_20_diff1": 0.07129755000194099,
        "nauc_mrr_at_20_max": 0.3529277219564992,
        "nauc_mrr_at_20_std": 0.09159218327451979,
        "nauc_mrr_at_3_diff1": 0.09162976609234312,
        "nauc_mrr_at_3_max": 0.38158178269987764,
        "nauc_mrr_at_3_std": 0.09599106495209274,
        "nauc_mrr_at_5_diff1": 0.07950417165001515,
        "nauc_mrr_at_5_max": 0.36537208820085665,
        "nauc_mrr_at_5_std": 0.10702781568796528,
        "nauc_ndcg_at_1000_diff1": 0.03016707257561323,
        "nauc_ndcg_at_1000_max": 0.35242164515938335,
        "nauc_ndcg_at_1000_std": 0.13818032812561762,
        "nauc_ndcg_at_100_diff1": 0.02860513697091738,
        "nauc_ndcg_at_100_max": 0.32534922320267234,
        "nauc_ndcg_at_100_std": 0.13403516424803752,
        "nauc_ndcg_at_10_diff1": 0.018610793843376536,
        "nauc_ndcg_at_10_max": 0.3421712985019921,
        "nauc_ndcg_at_10_std": 0.12599062984797785,
        "nauc_ndcg_at_1_diff1": 0.14648478934193193,
        "nauc_ndcg_at_1_max": 0.48805634519920243,
        "nauc_ndcg_at_1_std": 0.14792736221307642,
        "nauc_ndcg_at_20_diff1": 0.010860564811829536,
        "nauc_ndcg_at_20_max": 0.33110272706676935,
        "nauc_ndcg_at_20_std": 0.1194224938818658,
        "nauc_ndcg_at_3_diff1": 0.053779557137776435,
        "nauc_ndcg_at_3_max": 0.3872433026682957,
        "nauc_ndcg_at_3_std": 0.14363254003935874,
        "nauc_ndcg_at_5_diff1": 0.027349470768108217,
        "nauc_ndcg_at_5_max": 0.3731773737189151,
        "nauc_ndcg_at_5_std": 0.1568784429745509,
        "nauc_precision_at_1000_diff1": NaN,
        "nauc_precision_at_1000_max": NaN,
        "nauc_precision_at_1000_std": NaN,
        "nauc_precision_at_100_diff1": -0.007342270748393268,
        "nauc_precision_at_100_max": 0.1183919563264464,
        "nauc_precision_at_100_std": 0.11849561191348236,
        "nauc_precision_at_10_diff1": -0.06199157370359563,
        "nauc_precision_at_10_max": 0.22209120538435045,
        "nauc_precision_at_10_std": 0.09980391637298285,
        "nauc_precision_at_1_diff1": 0.14648478934193193,
        "nauc_precision_at_1_max": 0.48805634519920243,
        "nauc_precision_at_1_std": 0.14792736221307642,
        "nauc_precision_at_20_diff1": -0.08461328373931906,
        "nauc_precision_at_20_max": 0.19535446281099278,
        "nauc_precision_at_20_std": 0.08063362422130052,
        "nauc_precision_at_3_diff1": 0.01572609633357307,
        "nauc_precision_at_3_max": 0.32061766115504425,
        "nauc_precision_at_3_std": 0.14951773304577046,
        "nauc_precision_at_5_diff1": -0.03814576045792263,
        "nauc_precision_at_5_max": 0.2959151224306901,
        "nauc_precision_at_5_std": 0.18101529299528785,
        "nauc_recall_at_1000_diff1": NaN,
        "nauc_recall_at_1000_max": NaN,
        "nauc_recall_at_1000_std": NaN,
        "nauc_recall_at_100_diff1": -0.007342270748393798,
        "nauc_recall_at_100_max": 0.11839195632644589,
        "nauc_recall_at_100_std": 0.11849561191348208,
        "nauc_recall_at_10_diff1": -0.06199157370359593,
        "nauc_recall_at_10_max": 0.22209120538435026,
        "nauc_recall_at_10_std": 0.09980391637298257,
        "nauc_recall_at_1_diff1": 0.14648478934193193,
        "nauc_recall_at_1_max": 0.48805634519920243,
        "nauc_recall_at_1_std": 0.14792736221307642,
        "nauc_recall_at_20_diff1": -0.0846132837393192,
        "nauc_recall_at_20_max": 0.19535446281099214,
        "nauc_recall_at_20_std": 0.08063362422130016,
        "nauc_recall_at_3_diff1": 0.01572609633357302,
        "nauc_recall_at_3_max": 0.3206176611550444,
        "nauc_recall_at_3_std": 0.1495177330457703,
        "nauc_recall_at_5_diff1": -0.03814576045792266,
        "nauc_recall_at_5_max": 0.2959151224306901,
        "nauc_recall_at_5_std": 0.18101529299528785,
        "ndcg_at_1": 0.14,
        "ndcg_at_10": 0.23099,
        "ndcg_at_100": 0.29939,
        "ndcg_at_1000": 0.33959,
        "ndcg_at_20": 0.25399,
        "ndcg_at_3": 0.19655,
        "ndcg_at_5": 0.20472,
        "precision_at_1": 0.14,