{
  "dataset_revision": "b7b46b72d1ed1fa44d25e2b9c4726afab4a7ce53",
  "evaluation_time": 24.538626432418823,
  "kg_co2_emissions": 0.0011638117190530596,
  "mteb_version": "1.14.15",
  "scores": {
    "test": [
      {
        "accuracy": 0.6367,
        "hf_subset": "default",
        "languages": [
          "eng-Latn"
        ],
        "main_score": 0.6367,
        "mrr_at_1": 0.6367041198501873,
        "mrr_at_10": 0.7871410736579272,
        "mrr_at_100": 0.7871410736579272,
        "mrr_at_1000": 0.7871410736579272,
        "mrr_at_20": 0.7871410736579272,
        "mrr_at_3": 0.7871410736579272,
        "mrr_at_5": 0.7871410736579272,
        "ndcg_at_1": 0.6367,
        "ndcg_at_10": 0.82802,
        "ndcg_at_100": 0.82802,
        "ndcg_at_1000": 0.82802,
        "ndcg_at_20": 0.82802,
        "ndcg_at_3": 0.82802,
        "ndcg_at_5": 0.82802
      }
    ]
  },
  "task_name": "BLINKIT2IMultiChoice"
}