{
  "dataset_revision": "c9a9a6c3ef0765622a6de0af6ebb68f323ad73ba",
  "evaluation_time": 35.50188231468201,
  "kg_co2_emissions": 0.0018182711187718244,
  "mteb_version": "1.14.15",
  "scores": {
    "test": [
      {
        "cv_recall_at_1": 0.014,
        "cv_recall_at_10": 0.043,
        "cv_recall_at_100": 0.12,
        "cv_recall_at_1000": 0.297,
        "cv_recall_at_20": 0.054,
        "cv_recall_at_3": 0.024,
        "cv_recall_at_5": 0.032,
        "hf_subset": "default",
        "languages": [
          "eng-Latn"
        ],
        "main_score": 0.02689,
        "map_at_1": 0.014,
        "map_at_10": 0.02199,
        "map_at_100": 0.02422,
        "map_at_1000": 0.02481,
        "map_at_20": 0.02276,
        "map_at_3": 0.01883,
        "map_at_5": 0.02063,
        "mrr_at_1": 0.014,
        "mrr_at_10": 0.021988095238095237,
        "mrr_at_100": 0.024226962311504,
        "mrr_at_1000": 0.024811032445345355,
        "mrr_at_20": 0.022755028098836144,
        "mrr_at_3": 0.018833333333333337,
        "mrr_at_5": 0.02063333333333333,
        "nauc_cv_recall_at_1000_diff1": 0.03614767019833552,
        "nauc_cv_recall_at_1000_max": 0.026000741365334475,
        "nauc_cv_recall_at_1000_std": -0.06513016664426276,
        "nauc_cv_recall_at_100_diff1": 0.04813998673111556,
        "nauc_cv_recall_at_100_max": 0.05194294379679658,
        "nauc_cv_recall_at_100_std": -0.11045872429153636,
        "nauc_cv_recall_at_10_diff1": 0.041744404440256795,
        "nauc_cv_recall_at_10_max": 0.15138430435352315,
        "nauc_cv_recall_at_10_std": -0.08885505519121929,
        "nauc_cv_recall_at_1_diff1": 0.23680478362528265,
        "nauc_cv_recall_at_1_max": 0.36580551190156774,
        "nauc_cv_recall_at_1_std": -0.05440990455747626,
        "nauc_cv_recall_at_20_diff1": -0.010061711832573065,
        "nauc_cv_recall_at_20_max": 0.12217650975364955,
        "nauc_cv_recall_at_20_std": -0.10226177344503075,
        "nauc_cv_recall_at_3_diff1": 0.1000134156157768,
        "nauc_cv_recall_at_3_max": 0.12637510061711818,
        "nauc_cv_recall_at_3_std": -0.16686790090331818,
        "nauc_cv_recall_at_5_diff1": 0.06712838744298368,
        "nauc_cv_recall_at_5_max": 0.14223906627314192,
        "nauc_cv_recall_at_5_std": -0.1313640327341026,
        "nauc_map_at_1000_diff1": 0.11485125219882643,
        "nauc_map_at_1000_max": 0.19045526946180458,
        "nauc_map_at_1000_std": -0.10884704004035975,
        "nauc_map_at_100_diff1": 0.1157871635378147,
        "nauc_map_at_100_max": 0.19309013417756798,
        "nauc_map_at_100_std": -0.10982501791650598,
        "nauc_map_at_10_diff1": 0.1277960663700365,
        "nauc_map_at_10_max": 0.214288228827357,
        "nauc_map_at_10_std": -0.10672452837972923,
        "nauc_map_at_1_diff1": 0.23680478362528265,
        "nauc_map_at_1_max": 0.36580551190156774,
        "nauc_map_at_1_std": -0.05440990455747626,
        "nauc_map_at_20_diff1": 0.11643671268535671,
        "nauc_map_at_20_max": 0.20669515660353585,
        "nauc_map_at_20_std": -0.10924731032226229,
        "nauc_map_at_3_diff1": 0.15541456627195474,
        "nauc_map_at_3_max": 0.21930376515786515,
        "nauc_map_at_3_std": -0.1259215815705056,
        "nauc_map_at_5_diff1": 0.14001654953829915,
        "nauc_map_at_5_max": 0.2171422527744752,
        "nauc_map_at_5_std": -0.11517382000014738,
        "nauc_mrr_at_1000_diff1": 0.11481996579852116,
        "nauc_mrr_at_1000_max": 0.1903869731607531,
        "nauc_mrr_at_1000_std": -0.10885521627143968,
        "nauc_mrr_at_100_diff1": 0.11575523839293461,
        "nauc_mrr_at_100_max": 0.19302072117247587,
        "nauc_mrr_at_100_std": -0.10983332637154407,
        "nauc_mrr_at_10_diff1": 0.1277960663700365,
        "nauc_mrr_at_10_max": 0.214288228827357,
        "nauc_mrr_at_10_std": -0.10672452837972923,
        "nauc_mrr_at_1_diff1": 0.23680478362528265,
        "nauc_mrr_at_1_max": 0.36580551190156774,
        "nauc_mrr_at_1_std": -0.05440990455747626,
        "nauc_mrr_at_20_diff1": 0.11643671268535671,
        "nauc_mrr_at_20_max": 0.20669515660353585,
        "nauc_mrr_at_20_std": -0.10924731032226229,
        "nauc_mrr_at_3_diff1": 0.15541456627195474,
        "nauc_mrr_at_3_max": 0.21930376515786515,
        "nauc_mrr_at_3_std": -0.1259215815705056,
        "nauc_mrr_at_5_diff1": 0.14001654953829915,
        "nauc_mrr_at_5_max": 0.2171422527744752,
        "nauc_mrr_at_5_std": -0.11517382000014738,
        "nauc_ndcg_at_1000_diff1": 0.0650983619415311,
        "nauc_ndcg_at_1000_max": 0.09505470778857776,
        "nauc_ndcg_at_1000_std": -0.09053220175574933,
        "nauc_ndcg_at_100_diff1": 0.07581474833709953,
        "nauc_ndcg_at_100_max": 0.12109353029555547,
        "nauc_ndcg_at_100_std": -0.11036318351161976,
        "nauc_ndcg_at_10_diff1": 0.09510127641643999,
        "nauc_ndcg_at_10_max": 0.18877315975481018,
        "nauc_ndcg_at_10_std": -0.10199136768723907,
        "nauc_ndcg_at_1_diff1": 0.23680478362528265,
        "nauc_ndcg_at_1_max": 0.36580551190156774,
        "nauc_ndcg_at_1_std": -0.05440990455747626,
        "nauc_ndcg_at_20_diff1": 0.06635622970895654,
        "nauc_ndcg_at_20_max": 0.1712369595868061,
        "nauc_ndcg_at_20_std": -0.107772364370364,
        "nauc_ndcg_at_3_diff1": 0.13838320280217806,
        "nauc_ndcg_at_3_max": 0.19057150316437158,
        "nauc_ndcg_at_3_std": -0.1386961554915918,
        "nauc_ndcg_at_5_diff1": 0.11538967072786609,
        "nauc_ndcg_at_5_max": 0.19078414684751302,
        "nauc_ndcg_at_5_std": -0.1213304672794887,
        "nauc_precision_at_1000_diff1": 0.036147670198335306,
        "nauc_precision_at_1000_max": 0.02600074136533386,
        "nauc_precision_at_1000_std": -0.065130166644263,
        "nauc_precision_at_100_diff1": 0.0481399867311156,
        "nauc_precision_at_100_max": 0.05194294379679669,
        "nauc_precision_at_100_std": -0.11045872429153636,
        "nauc_precision_at_10_diff1": 0.04174440444025693,
        "nauc_precision_at_10_max": 0.15138430435352357,
        "nauc_precision_at_10_std": -0.08885505519121945,
        "nauc_precision_at_1_diff1": 0.23680478362528265,
        "nauc_precision_at_1_max": 0.36580551190156774,
        "nauc_precision_at_1_std": -0.05440990455747626,
        "nauc_precision_at_20_diff1": -0.010061711832573067,
        "nauc_precision_at_20_max": 0.12217650975364974,
        "nauc_precision_at_20_std": -0.10226177344503079,
        "nauc_precision_at_3_diff1": 0.10001341561577669,
        "nauc_precision_at_3_max": 0.1263751006171182,
        "nauc_precision_at_3_std": -0.1668679009033183,
        "nauc_precision_at_5_diff1": 0.06712838744298363,
        "nauc_precision_at_5_max": 0.142239066273142,
        "nauc_precision_at_5_std": -0.1313640327341024,
        "nauc_recall_at_1000_diff1": 0.03614767019833552,
        "nauc_recall_at_1000_max": 0.026000741365334475,
        "nauc_recall_at_1000_std": -0.06513016664426276,
        "nauc_recall_at_100_diff1": 0.04813998673111556,
        "nauc_recall_at_100_max": 0.05194294379679658,
        "nauc_recall_at_100_std": -0.11045872429153636,
        "nauc_recall_at_10_diff1": 0.041744404440256795,
        "nauc_recall_at_10_max": 0.15138430435352315,
        "nauc_recall_at_10_std": -0.08885505519121929,
        "nauc_recall_at_1_diff1": 0.23680478362528265,
        "nauc_recall_at_1_max": 0.36580551190156774,
        "nauc_recall_at_1_std": -0.05440990455747626,
        "nauc_recall_at_20_diff1": -0.010061711832573065,
        "nauc_recall_at_20_max": 0.12217650975364955,
        "nauc_recall_at_20_std": -0.10226177344503075,
        "nauc_recall_at_3_diff1": 0.1000134156157768,
        "nauc_recall_at_3_max": 0.12637510061711818,
        "nauc_recall_at_3_std": -0.16686790090331818,
        "nauc_recall_at_5_diff1": 0.06712838744298368,
        "nauc_recall_at_5_max": 0.14223906627314192,
        "nauc_recall_at_5_std": -0.1313640327341026,
        "ndcg_at_1": 0.014,
        "ndcg_at_10": 0.02689,