{
  "dataset_revision": "cdb15b61d84d56db73e0e59535dfea81ea3c22f4",
  "evaluation_time": 71.92872953414917,
  "kg_co2_emissions": 0.003989238689803504,
  "mteb_version": "1.14.15",
  "scores": {
    "test": [
      {
        "cv_recall_at_1": 0.16643,
        "cv_recall_at_10": 0.23242,
        "cv_recall_at_100": 0.32568,
        "cv_recall_at_1000": 0.53802,
        "cv_recall_at_20": 0.24964,
        "cv_recall_at_3": 0.20086,
        "cv_recall_at_5": 0.21377,
        "hf_subset": "default",
        "languages": [
          "eng-Latn"
        ],
        "main_score": 0.19792,
        "map_at_1": 0.16356,
        "map_at_10": 0.18693,
        "map_at_100": 0.18975,
        "map_at_1000": 0.19039,
        "map_at_20": 0.18812,
        "map_at_3": 0.18125,
        "map_at_5": 0.18427,
        "mrr_at_1": 0.16642754662840745,
        "mrr_at_10": 0.18836339413814307,
        "mrr_at_100": 0.19118247444640893,
        "mrr_at_1000": 0.1918259383997136,
        "mrr_at_20": 0.18955705253871658,
        "mrr_at_3": 0.18268770923003347,
        "mrr_at_5": 0.18570062171209947,
        "nauc_cv_recall_at_1000_diff1": 0.3383629280328148,
        "nauc_cv_recall_at_1000_max": 0.3939156554611904,
        "nauc_cv_recall_at_1000_std": 0.5028073199363058,
        "nauc_cv_recall_at_100_diff1": 0.4734782837673116,
        "nauc_cv_recall_at_100_max": 0.5267363530164688,
        "nauc_cv_recall_at_100_std": 0.5990376212975022,
        "nauc_cv_recall_at_10_diff1": 0.603286739581532,
        "nauc_cv_recall_at_10_max": 0.6081698633847893,
        "nauc_cv_recall_at_10_std": 0.684222918749351,
        "nauc_cv_recall_at_1_diff1": 0.7693473738169063,
        "nauc_cv_recall_at_1_max": 0.7688136636842472,
        "nauc_cv_recall_at_1_std": 0.7072652762487249,
        "nauc_cv_recall_at_20_diff1": 0.5687293975377165,
        "nauc_cv_recall_at_20_max": 0.5973943122261314,
        "nauc_cv_recall_at_20_std": 0.6775638194881418,
        "nauc_cv_recall_at_3_diff1": 0.6527746516827772,
        "nauc_cv_recall_at_3_max": 0.6773913691990003,
        "nauc_cv_recall_at_3_std": 0.7008811129851171,
        "nauc_cv_recall_at_5_diff1": 0.6229182699493121,
        "nauc_cv_recall_at_5_max": 0.6514414758061086,
        "nauc_cv_recall_at_5_std": 0.7076528154593418,
        "nauc_map_at_1000_diff1": 0.6992640685276321,
        "nauc_map_at_1000_max": 0.7007419313708764,
        "nauc_map_at_1000_std": 0.6992775168248195,
        "nauc_map_at_100_diff1": 0.6998912038621273,
        "nauc_map_at_100_max": 0.7012520455907101,
        "nauc_map_at_100_std": 0.699753207980947,
        "nauc_map_at_10_diff1": 0.7060997557786456,
        "nauc_map_at_10_max": 0.7043688663496198,
        "nauc_map_at_10_std": 0.7025744331531402,
        "nauc_map_at_1_diff1": 0.7912332372072036,
        "nauc_map_at_1_max": 0.7623256339981127,
        "nauc_map_at_1_std": 0.7087168861231231,
        "nauc_map_at_20_diff1": 0.7030031275167995,
        "nauc_map_at_20_max": 0.7030597988960329,
        "nauc_map_at_20_std": 0.7022243917299872,
        "nauc_map_at_3_diff1": 0.7174733298993986,
        "nauc_map_at_3_max": 0.7187797563060078,
        "nauc_map_at_3_std": 0.7045695937496252,
        "nauc_map_at_5_diff1": 0.709723072701158,
        "nauc_map_at_5_max": 0.7119131844475574,
        "nauc_map_at_5_std": 0.7062105086642615,
        "nauc_mrr_at_1000_diff1": 0.6898012820118243,
        "nauc_mrr_at_1000_max": 0.704082782568465,
        "nauc_mrr_at_1000_std": 0.6986709403288567,
        "nauc_mrr_at_100_diff1": 0.6904235636890032,
        "nauc_mrr_at_100_max": 0.7045902143995257,
        "nauc_mrr_at_100_std": 0.6991436712063273,
        "nauc_mrr_at_10_diff1": 0.696544171398683,
        "nauc_mrr_at_10_max": 0.7077068790859989,
        "nauc_mrr_at_10_std": 0.7019436574820783,
        "nauc_mrr_at_1_diff1": 0.7693473738169063,
        "nauc_mrr_at_1_max": 0.7688136636842472,
        "nauc_mrr_at_1_std": 0.7072652762487249,
        "nauc_mrr_at_20_diff1": 0.6934898272277373,
        "nauc_mrr_at_20_max": 0.7063975252908257,
        "nauc_mrr_at_20_std": 0.7015972895730608,
        "nauc_mrr_at_3_diff1": 0.7077343915550799,
        "nauc_mrr_at_3_max": 0.7220688400329344,
        "nauc_mrr_at_3_std": 0.7039190673022216,
        "nauc_mrr_at_5_diff1": 0.7000924649889598,
        "nauc_mrr_at_5_max": 0.7152236015354457,
        "nauc_mrr_at_5_std": 0.7055540356350999,
        "nauc_ndcg_at_1000_diff1": 0.6265382820339362,
        "nauc_ndcg_at_1000_max": 0.6413802039013514,
        "nauc_ndcg_at_1000_std": 0.6652802567493888,
        "nauc_ndcg_at_100_diff1": 0.6448449659940849,
        "nauc_ndcg_at_100_max": 0.659051691789785,
        "nauc_ndcg_at_100_std": 0.6785881253596796,
        "nauc_ndcg_at_10_diff1": 0.6780617862375663,
        "nauc_ndcg_at_10_max": 0.6789582266510845,
        "nauc_ndcg_at_10_std": 0.6980761018115055,
        "nauc_ndcg_at_1_diff1": 0.7912332372072036,
        "nauc_ndcg_at_1_max": 0.7623256339981127,
        "nauc_ndcg_at_1_std": 0.7087168861231231,
        "nauc_ndcg_at_20_diff1": 0.6675540151080807,
        "nauc_ndcg_at_20_max": 0.6750433432302575,
        "nauc_ndcg_at_20_std": 0.6963487041738979,
        "nauc_ndcg_at_3_diff1": 0.699561886669249,
        "nauc_ndcg_at_3_max": 0.7073997786522959,
        "nauc_ndcg_at_3_std": 0.7035497004885306,
        "nauc_ndcg_at_5_diff1": 0.6859918858565154,
        "nauc_ndcg_at_5_max": 0.6955307537562607,
        "nauc_ndcg_at_5_std": 0.7064810574019008,
        "nauc_precision_at_1000_diff1": 0.33836292803281465,
        "nauc_precision_at_1000_max": 0.39391565546119045,
        "nauc_precision_at_1000_std": 0.502807319936305,
        "nauc_precision_at_100_diff1": 0.47347828376731194,
        "nauc_precision_at_100_max": 0.5267363530164691,
        "nauc_precision_at_100_std": 0.5990376212975025,
        "nauc_precision_at_10_diff1": 0.6032867395815322,
        "nauc_precision_at_10_max": 0.6081698633847895,
        "nauc_precision_at_10_std": 0.6842229187493515,
        "nauc_precision_at_1_diff1": 0.7912332372072036,
        "nauc_precision_at_1_max": 0.7623256339981127,
        "nauc_precision_at_1_std": 0.7087168861231231,
        "nauc_precision_at_20_diff1": 0.5687293975377162,
        "nauc_precision_at_20_max": 0.5973943122261313,
        "nauc_precision_at_20_std": 0.6775638194881417,
        "nauc_precision_at_3_diff1": 0.652774651682777,
        "nauc_precision_at_3_max": 0.6773913691990003,
        "nauc_precision_at_3_std": 0.7008811129851169,
        "nauc_precision_at_5_diff1": 0.6229182699493121,
        "nauc_precision_at_5_max": 0.6514414758061082,
        "nauc_precision_at_5_std": 0.7076528154593418,
        "nauc_recall_at_1000_diff1": 0.3383629280328148,
        "nauc_recall_at_1000_max": 0.3939156554611904,
        "nauc_recall_at_1000_std": 0.5028073199363058,
        "nauc_recall_at_100_diff1": 0.4734782837673116,
        "nauc_recall_at_100_max": 0.5267363530164688,
        "nauc_recall_at_100_std": 0.5990376212975022,
        "nauc_recall_at_10_diff1": 0.603286739581532,
        "nauc_recall_at_10_max": 0.6081698633847893,
        "nauc_recall_at_10_std": 0.684222918749351,
        "nauc_recall_at_1_diff1": 0.7912332372072036,
        "nauc_recall_at_1_max": 0.7623256339981127,
        "nauc_recall_at_1_std": 0.7087168861231231,
        "nauc_recall_at_20_diff1": 0.5687293975377165,
        "nauc_recall_at_20_max": 0.5973943122261314,
        "nauc_recall_at_20_std": 0.6775638194881418,
        "nauc_recall_at_3_diff1": 0.6527746516827772,
        "nauc_recall_at_3_max": 0.6773913691990003,
        "nauc_recall_at_3_std": 0.7008811129851171,
        "nauc_recall_at_5_diff1": 0.6229182699493121,
        "nauc_recall_at_5_max": 0.6514414758061086,
        "nauc_recall_at_5_std": 0.7076528154593418,
        "ndcg_at_1": 0.16356,
        "ndcg_at_10": 0.19792,
        "ndcg_at_100": 0.21572,
        "ndcg_at_1000": 0.24047,
        "ndcg_at_20": 0.20227,
        "ndcg_at_3": 0.18634,