{
  "dataset_revision": "c9583e052be7ad52d870c62a207a2e887ba9b8aa",
  "evaluation_time": 283.040340423584,
  "kg_co2_emissions": 0.02018739473650341,
  "mteb_version": "1.14.15",
  "scores": {
    "test": [
      {
        "cv_recall_at_1": 0.07594,
        "cv_recall_at_10": 0.46557,
        "cv_recall_at_100": 0.92028,
        "cv_recall_at_1000": 0.98491,
        "cv_recall_at_20": 0.69811,
        "cv_recall_at_3": 0.19811,
        "cv_recall_at_5": 0.29057,
        "hf_subset": "default",
        "languages": [
          "eng-Latn"
        ],
        "main_score": 0.23977,
        "map_at_1": 0.07594,
        "map_at_10": 0.1716,
        "map_at_100": 0.19425,
        "map_at_1000": 0.19459,
        "map_at_20": 0.18757,
        "map_at_3": 0.12791,
        "map_at_5": 0.14881,
        "mrr_at_1": 0.07594339622641509,
        "mrr_at_10": 0.17160190176699597,
        "mrr_at_100": 0.1942544674527862,
        "mrr_at_1000": 0.19459152025703333,
        "mrr_at_20": 0.1875688837967039,
        "mrr_at_3": 0.12790880503144672,
        "mrr_at_5": 0.1488050314465406,
        "nauc_cv_recall_at_1000_diff1": -0.3408613445378057,
        "nauc_cv_recall_at_1000_max": 0.5398721988795512,
        "nauc_cv_recall_at_1000_std": 0.6685924369747878,
        "nauc_cv_recall_at_100_diff1": -0.2036392466256717,
        "nauc_cv_recall_at_100_max": 0.4221238791374539,
        "nauc_cv_recall_at_100_std": 0.37061254482069067,
        "nauc_cv_recall_at_10_diff1": 0.011493803170794322,
        "nauc_cv_recall_at_10_max": 0.023298736414452636,
        "nauc_cv_recall_at_10_std": -0.016135913539374696,
        "nauc_cv_recall_at_1_diff1": 0.043184950512209906,
        "nauc_cv_recall_at_1_max": 0.0018065251555296116,
        "nauc_cv_recall_at_1_std": -0.027499512538184317,
        "nauc_cv_recall_at_20_diff1": -0.056973831206202294,
        "nauc_cv_recall_at_20_max": 0.16807948813433085,
        "nauc_cv_recall_at_20_std": 0.045592267849283795,
        "nauc_cv_recall_at_3_diff1": -0.007461289382011373,
        "nauc_cv_recall_at_3_max": 0.0015192670687351874,
        "nauc_cv_recall_at_3_std": -0.016555407209612936,
        "nauc_cv_recall_at_5_diff1": 0.00879878721343899,
        "nauc_cv_recall_at_5_max": 0.0031620742689362435,
        "nauc_cv_recall_at_5_std": -0.021520229507687363,
        "nauc_map_at_1000_diff1": 0.0132164751829199,
        "nauc_map_at_1000_max": 0.02353704748809205,
        "nauc_map_at_1000_std": -0.013418669471351511,
        "nauc_map_at_100_diff1": 0.012917020201014531,
        "nauc_map_at_100_max": 0.024069796152684758,
        "nauc_map_at_100_std": -0.012992046205732497,
        "nauc_map_at_10_diff1": 0.01890071384802315,
        "nauc_map_at_10_max": 0.012067946525662173,
        "nauc_map_at_10_std": -0.019557308483504874,
        "nauc_map_at_1_diff1": 0.043184950512209906,
        "nauc_map_at_1_max": 0.0018065251555296116,
        "nauc_map_at_1_std": -0.027499512538184317,
        "nauc_map_at_20_diff1": 0.013468208583487965,
        "nauc_map_at_20_max": 0.02434055289629201,
        "nauc_map_at_20_std": -0.014986334815281357,
        "nauc_map_at_3_diff1": 0.013239550724047103,
        "nauc_map_at_3_max": 0.006350404489588184,
        "nauc_map_at_3_std": -0.01878700507711561,
        "nauc_map_at_5_diff1": 0.018827496515377514,
        "nauc_map_at_5_max": 0.0065040433025013635,
        "nauc_map_at_5_std": -0.021034227045232015,
        "nauc_mrr_at_1000_diff1": 0.0132164751829199,
        "nauc_mrr_at_1000_max": 0.02353704748809205,
        "nauc_mrr_at_1000_std": -0.013418669471351511,
        "nauc_mrr_at_100_diff1": 0.012917020201014531,
        "nauc_mrr_at_100_max": 0.024069796152684758,
        "nauc_mrr_at_100_std": -0.012992046205732497,
        "nauc_mrr_at_10_diff1": 0.01890071384802315,
        "nauc_mrr_at_10_max": 0.012067946525662173,
        "nauc_mrr_at_10_std": -0.019557308483504874,
        "nauc_mrr_at_1_diff1": 0.043184950512209906,
        "nauc_mrr_at_1_max": 0.0018065251555296116,
        "nauc_mrr_at_1_std": -0.027499512538184317,
        "nauc_mrr_at_20_diff1": 0.013468208583487965,
        "nauc_mrr_at_20_max": 0.02434055289629201,
        "nauc_mrr_at_20_std": -0.014986334815281357,
        "nauc_mrr_at_3_diff1": 0.013239550724047103,
        "nauc_mrr_at_3_max": 0.006350404489588184,
        "nauc_mrr_at_3_std": -0.01878700507711561,
        "nauc_mrr_at_5_diff1": 0.018827496515377514,
        "nauc_mrr_at_5_max": 0.0065040433025013635,
        "nauc_mrr_at_5_std": -0.021034227045232015,
        "nauc_ndcg_at_1000_diff1": 0.0009201474524458148,
        "nauc_ndcg_at_1000_max": 0.043494144178909164,
        "nauc_ndcg_at_1000_std": 0.003342922783449211,
        "nauc_ndcg_at_100_diff1": -0.006635892136300213,
        "nauc_ndcg_at_100_max": 0.058473780172717836,
        "nauc_ndcg_at_100_std": 0.015858369753797008,
        "nauc_ndcg_at_10_diff1": 0.01588227108287578,
        "nauc_ndcg_at_10_max": 0.015670029047743516,
        "nauc_ndcg_at_10_std": -0.018386647335218196,
        "nauc_ndcg_at_1_diff1": 0.043184950512209906,
        "nauc_ndcg_at_1_max": 0.0018065251555296116,
        "nauc_ndcg_at_1_std": -0.027499512538184317,
        "nauc_ndcg_at_20_diff1": -0.003281012465141361,
        "nauc_ndcg_at_20_max": 0.05712517819436002,
        "nauc_ndcg_at_20_std": -0.0014100517700651222,
        "nauc_ndcg_at_3_diff1": 0.006431257129841059,
        "nauc_ndcg_at_3_max": 0.0049246090788166155,
        "nauc_ndcg_at_3_std": -0.017975485012472567,
        "nauc_ndcg_at_5_diff1": 0.015139984420423457,
        "nauc_ndcg_at_5_max": 0.005431553797152019,
        "nauc_ndcg_at_5_std": -0.021121353503398332,
        "nauc_precision_at_1000_diff1": -0.34086134453779915,
        "nauc_precision_at_1000_max": 0.5398721988795555,
        "nauc_precision_at_1000_std": 0.6685924369747801,
        "nauc_precision_at_100_diff1": -0.2036392466256735,
        "nauc_precision_at_100_max": 0.4221238791374538,
        "nauc_precision_at_100_std": 0.3706125448206883,
        "nauc_precision_at_10_diff1": 0.011493803170794271,
        "nauc_precision_at_10_max": 0.023298736414452997,
        "nauc_precision_at_10_std": -0.01613591353937441,
        "nauc_precision_at_1_diff1": 0.043184950512209906,
        "nauc_precision_at_1_max": 0.0018065251555296116,
        "nauc_precision_at_1_std": -0.027499512538184317,
        "nauc_precision_at_20_diff1": -0.05697383120620214,
        "nauc_precision_at_20_max": 0.16807948813433077,
        "nauc_precision_at_20_std": 0.045592267849283774,
        "nauc_precision_at_3_diff1": -0.0074612893820113135,
        "nauc_precision_at_3_max": 0.0015192670687352151,
        "nauc_precision_at_3_std": -0.016555407209612873,
        "nauc_precision_at_5_diff1": 0.00879878721343918,
        "nauc_precision_at_5_max": 0.003162074268936363,
        "nauc_precision_at_5_std": -0.02152022950768724,
        "nauc_recall_at_1000_diff1": -0.3408613445378057,
        "nauc_recall_at_1000_max": 0.5398721988795512,
        "nauc_recall_at_1000_std": 0.6685924369747878,
        "nauc_recall_at_100_diff1": -0.2036392466256717,
        "nauc_recall_at_100_max": 0.4221238791374539,
        "nauc_recall_at_100_std": 0.37061254482069067,
        "nauc_recall_at_10_diff1": 0.011493803170794322,
        "nauc_recall_at_10_max": 0.023298736414452636,
        "nauc_recall_at_10_std": -0.016135913539374696,
        "nauc_recall_at_1_diff1": 0.043184950512209906,
        "nauc_recall_at_1_max": 0.0018065251555296116,
        "nauc_recall_at_1_std": -0.027499512538184317,
        "nauc_recall_at_20_diff1": -0.056973831206202294,
        "nauc_recall_at_20_max": 0.16807948813433085,
        "nauc_recall_at_20_std": 0.045592267849283795,
        "nauc_recall_at_3_diff1": -0.007461289382011373,
        "nauc_recall_at_3_max": 0.0015192670687351874,
        "nauc_recall_at_3_std": -0.016555407209612936,
        "nauc_recall_at_5_diff1": 0.00879878721343899,