{
  "dataset_revision": "fec9c59496ddf4a34e01ca8080515722bd3cf970",
  "evaluation_time": 18.11606454849243,
  "kg_co2_emissions": 0.0006744074509499458,
  "mteb_version": "1.14.15",
  "scores": {
    "test": [
      {
        "cv_recall_at_1": 0.014,
        "cv_recall_at_10": 0.04,
        "cv_recall_at_100": 0.246,
        "cv_recall_at_1000": 1.0,
        "cv_recall_at_20": 0.066,
        "cv_recall_at_3": 0.016,
        "cv_recall_at_5": 0.024,
        "hf_subset": "default",
        "languages": [
          "eng-Latn"
        ],
        "main_score": 0.01845,
        "map_at_1": 0.014,
        "map_at_10": 0.01873,
        "map_at_100": 0.0243,
        "map_at_1000": 0.02746,
        "map_at_20": 0.02055,
        "map_at_3": 0.01467,
        "map_at_5": 0.01667,
        "mrr_at_1": 0.014,
        "mrr_at_10": 0.018730158730158732,
        "mrr_at_100": 0.024301759606794447,
        "mrr_at_1000": 0.027457785283667515,
        "mrr_at_20": 0.02054899895426211,
        "mrr_at_3": 0.014666666666666666,
        "mrr_at_5": 0.016666666666666663,
        "nauc_cv_recall_at_1000_diff1": NaN,
        "nauc_cv_recall_at_1000_max": NaN,
        "nauc_cv_recall_at_1000_std": NaN,
        "nauc_cv_recall_at_100_diff1": -0.09027709868695945,
        "nauc_cv_recall_at_100_max": 0.027146840671959164,
        "nauc_cv_recall_at_100_std": 0.02403833331851673,
        "nauc_cv_recall_at_10_diff1": 0.16175207942044534,
        "nauc_cv_recall_at_10_max": 0.24292997048564513,
        "nauc_cv_recall_at_10_std": -0.057566407298094896,
        "nauc_cv_recall_at_1_diff1": 0.334087163172218,
        "nauc_cv_recall_at_1_max": 0.5910920311242285,
        "nauc_cv_recall_at_1_std": -0.17045498102648618,
        "nauc_cv_recall_at_20_diff1": 0.04955647161174401,
        "nauc_cv_recall_at_20_max": 0.13460334496020038,
        "nauc_cv_recall_at_20_std": -0.053597417697229824,
        "nauc_cv_recall_at_3_diff1": 0.2835055004024685,
        "nauc_cv_recall_at_3_max": 0.5576871478400859,
        "nauc_cv_recall_at_3_std": -0.1748725516501208,
        "nauc_cv_recall_at_5_diff1": 0.22207315982470252,
        "nauc_cv_recall_at_5_max": 0.3669841695733834,
        "nauc_cv_recall_at_5_std": -0.07490385475359987,
        "nauc_map_at_1000_diff1": 0.18878223038648242,
        "nauc_map_at_1000_max": 0.36482164889819557,
        "nauc_map_at_1000_std": -0.0961199208324202,
        "nauc_map_at_100_diff1": 0.1814638660240683,
        "nauc_map_at_100_max": 0.3604808348059445,
        "nauc_map_at_100_std": -0.0941663170866741,
        "nauc_map_at_10_diff1": 0.2614331743165995,
        "nauc_map_at_10_max": 0.4559021887918216,
        "nauc_map_at_10_std": -0.1268046277052929,
        "nauc_map_at_1_diff1": 0.334087163172218,
        "nauc_map_at_1_max": 0.5910920311242285,
        "nauc_map_at_1_std": -0.17045498102648618,
        "nauc_map_at_20_diff1": 0.22772013095602753,
        "nauc_map_at_20_max": 0.41171365541215427,
        "nauc_map_at_20_std": -0.11708503184072243,
        "nauc_map_at_3_diff1": 0.31569383125594563,
        "nauc_map_at_3_max": 0.5789448008390857,
        "nauc_map_at_3_std": -0.17206137034417152,
        "nauc_map_at_5_diff1": 0.2897155889455326,
        "nauc_map_at_5_max": 0.5077408103031931,
        "nauc_map_at_5_std": -0.13640998121813777,
        "nauc_mrr_at_1000_diff1": 0.18878223038648242,
        "nauc_mrr_at_1000_max": 0.36482164889819557,
        "nauc_mrr_at_1000_std": -0.0961199208324202,
        "nauc_mrr_at_100_diff1": 0.1814638660240683,
        "nauc_mrr_at_100_max": 0.3604808348059445,
        "nauc_mrr_at_100_std": -0.0941663170866741,
        "nauc_mrr_at_10_diff1": 0.2614331743165995,
        "nauc_mrr_at_10_max": 0.4559021887918216,
        "nauc_mrr_at_10_std": -0.1268046277052929,
        "nauc_mrr_at_1_diff1": 0.334087163172218,
        "nauc_mrr_at_1_max": 0.5910920311242285,
        "nauc_mrr_at_1_std": -0.17045498102648618,
        "nauc_mrr_at_20_diff1": 0.22772013095602753,
        "nauc_mrr_at_20_max": 0.41171365541215427,
        "nauc_mrr_at_20_std": -0.11708503184072243,
        "nauc_mrr_at_3_diff1": 0.31569383125594563,
        "nauc_mrr_at_3_max": 0.5789448008390857,
        "nauc_mrr_at_3_std": -0.17206137034417152,
        "nauc_mrr_at_5_diff1": 0.2897155889455326,
        "nauc_mrr_at_5_max": 0.5077408103031931,
        "nauc_mrr_at_5_std": -0.13640998121813777,
        "nauc_ndcg_at_1000_diff1": 0.1021589084868495,
        "nauc_ndcg_at_1000_max": 0.23758599741469974,
        "nauc_ndcg_at_1000_std": -0.05462556598278953,
        "nauc_ndcg_at_100_diff1": 0.017679808567878676,
        "nauc_ndcg_at_100_max": 0.15498483087909776,
        "nauc_ndcg_at_100_std": -0.022922193851346796,
        "nauc_ndcg_at_10_diff1": 0.22217222472650178,
        "nauc_ndcg_at_10_max": 0.37362172560914514,
        "nauc_ndcg_at_10_std": -0.10015080954666532,
        "nauc_ndcg_at_1_diff1": 0.334087163172218,
        "nauc_ndcg_at_1_max": 0.5910920311242285,
        "nauc_ndcg_at_1_std": -0.17045498102648618,
        "nauc_ndcg_at_20_diff1": 0.1469835545165391,
        "nauc_ndcg_at_20_max": 0.28403547016291686,
        "nauc_ndcg_at_20_std": -0.08634198830071427,
        "nauc_ndcg_at_3_diff1": 0.30711027636168486,
        "nauc_ndcg_at_3_max": 0.5732760933726859,
        "nauc_ndcg_at_3_std": -0.17281101869242455,
        "nauc_ndcg_at_5_diff1": 0.2682763686594266,
        "nauc_ndcg_at_5_max": 0.4635002016057094,
        "nauc_ndcg_at_5_std": -0.11717673273167499,
        "nauc_precision_at_1000_diff1": 1.0,
        "nauc_precision_at_1000_max": 1.0,
        "nauc_precision_at_1000_std": 1.0,
        "nauc_precision_at_100_diff1": -0.09027709868695925,
        "nauc_precision_at_100_max": 0.027146840671959306,
        "nauc_precision_at_100_std": 0.02403833331851717,
        "nauc_precision_at_10_diff1": 0.1617520794204453,
        "nauc_precision_at_10_max": 0.24292997048564535,
        "nauc_precision_at_10_std": -0.05756640729809502,
        "nauc_precision_at_1_diff1": 0.334087163172218,
        "nauc_precision_at_1_max": 0.5910920311242285,
        "nauc_precision_at_1_std": -0.17045498102648618,
        "nauc_precision_at_20_diff1": 0.0495564716117438,
        "nauc_precision_at_20_max": 0.1346033449602001,
        "nauc_precision_at_20_std": -0.05359741769722999,
        "nauc_precision_at_3_diff1": 0.28350550040246847,
        "nauc_precision_at_3_max": 0.557687147840086,
        "nauc_precision_at_3_std": -0.1748725516501207,
        "nauc_precision_at_5_diff1": 0.22207315982470263,
        "nauc_precision_at_5_max": 0.3669841695733833,
        "nauc_precision_at_5_std": -0.0749038547535999,
        "nauc_recall_at_1000_diff1": NaN,
        "nauc_recall_at_1000_max": NaN,
        "nauc_recall_at_1000_std": NaN,
        "nauc_recall_at_100_diff1": -0.09027709868695945,
        "nauc_recall_at_100_max": 0.027146840671959164,
        "nauc_recall_at_100_std": 0.02403833331851673,
        "nauc_recall_at_10_diff1": 0.16175207942044534,
        "nauc_recall_at_10_max": 0.24292997048564513,
        "nauc_recall_at_10_std": -0.057566407298094896,
        "nauc_recall_at_1_diff1": 0.334087163172218,
        "nauc_recall_at_1_max": 0.5910920311242285,
        "nauc_recall_at_1_std": -0.17045498102648618,
        "nauc_recall_at_20_diff1": 0.04955647161174401,
        "nauc_recall_at_20_max": 0.13460334496020038,
        "nauc_recall_at_20_std": -0.053597417697229824,
        "nauc_recall_at_3_diff1": 0.2835055004024685,
        "nauc_recall_at_3_max": 0.5576871478400859,
        "nauc_recall_at_3_std": -0.1748725516501208,
        "nauc_recall_at_5_diff1": 0.22207315982470252,
        "nauc_recall_at_5_max": 0.3669841695733834,
        "nauc_recall_at_5_std": -0.07490385475359987,
        "ndcg_at_1": 0.014,
        "ndcg_at_10": 0.02355,
        "ndcg_at_100": 0.06175,
        "ndcg_at_1000": 0.15599,
        "ndcg_at_20": 0.03014,
        "ndcg_at_3": 0.015,
        "ndcg_at_5": 0.01845,
        "precision_at_1": 0.014,