{
  "dataset_revision": "86f09ebc1703516c76e5f931465e2ed7626a5e52",
  "evaluation_time": 32.497435092926025,
  "kg_co2_emissions": 0.0012309697275677347,
  "mteb_version": "1.14.15",
  "scores": {
    "test": [
      {
        "cv_recall_at_1": 0.0,
        "cv_recall_at_10": 0.02,
        "cv_recall_at_100": 0.09,
        "cv_recall_at_1000": 1.0,
        "cv_recall_at_20": 0.04,
        "cv_recall_at_3": 0.01,
        "cv_recall_at_5": 0.01,
        "hf_subset": "default",
        "languages": [
          "eng-Latn"
        ],
        "main_score": 0.005,
        "map_at_1": 0.0,
        "map_at_10": 0.00444,
        "map_at_100": 0.00692,
        "map_at_1000": 0.0093,
        "map_at_20": 0.00571,
        "map_at_3": 0.00333,
        "map_at_5": 0.00333,
        "mrr_at_1": 0.0,
        "mrr_at_10": 0.00625,
        "mrr_at_100": 0.008703522227179515,
        "mrr_at_1000": 0.011084980304312675,
        "mrr_at_20": 0.007504901960784314,
        "mrr_at_3": 0.005,
        "mrr_at_5": 0.005,
        "nauc_cv_recall_at_1000_diff1": NaN,
        "nauc_cv_recall_at_1000_max": NaN,
        "nauc_cv_recall_at_1000_std": NaN,
        "nauc_cv_recall_at_100_diff1": -0.10100468055928206,
        "nauc_cv_recall_at_100_max": 0.6030766478848044,
        "nauc_cv_recall_at_100_std": 0.12020391735980691,
        "nauc_cv_recall_at_10_diff1": 0.21116179232626778,
        "nauc_cv_recall_at_10_max": 0.6619264824255433,
        "nauc_cv_recall_at_10_std": -0.2005634558626241,
        "nauc_cv_recall_at_1_diff1": NaN,
        "nauc_cv_recall_at_1_max": NaN,
        "nauc_cv_recall_at_1_std": NaN,
        "nauc_cv_recall_at_20_diff1": 0.08277434934263486,
        "nauc_cv_recall_at_20_max": 0.577408103031929,
        "nauc_cv_recall_at_20_std": 0.0982693855647974,
        "nauc_cv_recall_at_3_diff1": 0.09847061980144886,
        "nauc_cv_recall_at_3_max": 1.0,
        "nauc_cv_recall_at_3_std": -0.4995975315266971,
        "nauc_cv_recall_at_5_diff1": 0.09847061980144886,
        "nauc_cv_recall_at_5_max": 1.0,
        "nauc_cv_recall_at_5_std": -0.4995975315266971,
        "nauc_map_at_1000_diff1": 0.03034222009220752,
        "nauc_map_at_1000_max": 0.6548631640252884,
        "nauc_map_at_1000_std": -0.11183733414078785,
        "nauc_map_at_100_diff1": 0.040499271973439846,
        "nauc_map_at_100_max": 0.7161137999151909,
        "nauc_map_at_100_std": -0.1458703792664497,
        "nauc_map_at_10_diff1": 0.15481620606385835,
        "nauc_map_at_10_max": 0.8309632412127719,
        "nauc_map_at_10_std": -0.35008049369466077,
        "nauc_map_at_1_diff1": NaN,
        "nauc_map_at_1_max": NaN,
        "nauc_map_at_1_std": NaN,
        "nauc_map_at_20_diff1": 0.10001341561577687,
        "nauc_map_at_20_max": 0.7511403273410252,
        "nauc_map_at_20_std": -0.20078704945890352,
        "nauc_map_at_3_diff1": 0.09847061980144893,
        "nauc_map_at_3_max": 1.0,
        "nauc_map_at_3_std": -0.4995975315266971,
        "nauc_map_at_5_diff1": 0.09847061980144893,
        "nauc_map_at_5_max": 1.0,
        "nauc_map_at_5_std": -0.4995975315266971,
        "nauc_mrr_at_1000_diff1": 0.050787755580089765,
        "nauc_mrr_at_1000_max": 0.7149269347923397,
        "nauc_mrr_at_1000_std": -0.1753800939261524,
        "nauc_mrr_at_100_diff1": 0.05973891410162414,
        "nauc_mrr_at_100_max": 0.7660896833426947,
        "nauc_mrr_at_100_std": -0.20513712524703653,
        "nauc_mrr_at_10_diff1": 0.14354708881137643,
        "nauc_mrr_at_10_max": 0.8647705929702175,
        "nauc_mrr_at_10_std": -0.379983901261068,
        "nauc_mrr_at_1_diff1": NaN,
        "nauc_mrr_at_1_max": NaN,
        "nauc_mrr_at_1_std": NaN,
        "nauc_mrr_at_20_diff1": 0.10805625690825368,
        "nauc_mrr_at_20_max": 0.8008214808281127,
        "nauc_mrr_at_20_std": -0.2563472686910373,
        "nauc_mrr_at_3_diff1": 0.09847061980144886,
        "nauc_mrr_at_3_max": 1.0,
        "nauc_mrr_at_3_std": -0.4995975315266971,
        "nauc_mrr_at_5_diff1": 0.09847061980144886,
        "nauc_mrr_at_5_max": 1.0,
        "nauc_mrr_at_5_std": -0.4995975315266971,
        "nauc_ndcg_at_1000_diff1": -0.03345459709743056,
        "nauc_ndcg_at_1000_max": 0.46057631146997047,
        "nauc_ndcg_at_1000_std": 0.055081824477062495,
        "nauc_ndcg_at_100_diff1": -0.04858353822788324,
        "nauc_ndcg_at_100_max": 0.6283804485755036,
        "nauc_ndcg_at_100_std": 0.036331212460967426,
        "nauc_ndcg_at_10_diff1": 0.18317012758553816,
        "nauc_ndcg_at_10_max": 0.7459014766477323,
        "nauc_ndcg_at_10_std": -0.2748413376567745,
        "nauc_ndcg_at_1_diff1": NaN,
        "nauc_ndcg_at_1_max": NaN,
        "nauc_ndcg_at_1_std": NaN,
        "nauc_ndcg_at_20_diff1": 0.09031265710698991,
        "nauc_ndcg_at_20_max": 0.6470191888250155,
        "nauc_ndcg_at_20_std": -0.028955704426231417,
        "nauc_ndcg_at_3_diff1": 0.09847061980144886,
        "nauc_ndcg_at_3_max": 1.0,
        "nauc_ndcg_at_3_std": -0.4995975315266971,
        "nauc_ndcg_at_5_diff1": 0.09847061980144886,
        "nauc_ndcg_at_5_max": 1.0,
        "nauc_ndcg_at_5_std": -0.4995975315266971,
        "nauc_precision_at_1000_diff1": NaN,
        "nauc_precision_at_1000_max": NaN,
        "nauc_precision_at_1000_std": NaN,
        "nauc_precision_at_100_diff1": -0.10100468055928202,
        "nauc_precision_at_100_max": 0.6030766478848045,
        "nauc_precision_at_100_std": 0.1202039173598069,
        "nauc_precision_at_10_diff1": 0.2111617923262678,
        "nauc_precision_at_10_max": 0.6619264824255433,
        "nauc_precision_at_10_std": -0.20056345586262406,
        "nauc_precision_at_1_diff1": NaN,
        "nauc_precision_at_1_max": NaN,
        "nauc_precision_at_1_std": NaN,
        "nauc_precision_at_20_diff1": 0.08277434934263496,
        "nauc_precision_at_20_max": 0.5774081030319292,
        "nauc_precision_at_20_std": 0.09826938556479746,
        "nauc_precision_at_3_diff1": 0.09847061980144893,
        "nauc_precision_at_3_max": 1.0,
        "nauc_precision_at_3_std": -0.4995975315266971,
        "nauc_precision_at_5_diff1": 0.098470619801449,
        "nauc_precision_at_5_max": 1.0,
        "nauc_precision_at_5_std": -0.4995975315266972,
        "nauc_recall_at_1000_diff1": NaN,
        "nauc_recall_at_1000_max": NaN,
        "nauc_recall_at_1000_std": NaN,
        "nauc_recall_at_100_diff1": -0.10100468055928206,
        "nauc_recall_at_100_max": 0.6030766478848044,
        "nauc_recall_at_100_std": 0.12020391735980691,
        "nauc_recall_at_10_diff1": 0.21116179232626778,
        "nauc_recall_at_10_max": 0.6619264824255433,
        "nauc_recall_at_10_std": -0.2005634558626241,
        "nauc_recall_at_1_diff1": NaN,
        "nauc_recall_at_1_max": NaN,
        "nauc_recall_at_1_std": NaN,
        "nauc_recall_at_20_diff1": 0.08277434934263486,
        "nauc_recall_at_20_max": 0.577408103031929,
        "nauc_recall_at_20_std": 0.0982693855647974,
        "nauc_recall_at_3_diff1": 0.09847061980144886,
        "nauc_recall_at_3_max": 1.0,
        "nauc_recall_at_3_std": -0.4995975315266971,
        "nauc_recall_at_5_diff1": 0.09847061980144886,
        "nauc_recall_at_5_max": 1.0,
        "nauc_recall_at_5_std": -0.4995975315266971,
        "ndcg_at_1": 0.0,
        "ndcg_at_10": 0.00801,
        "ndcg_at_100": 0.02204,
        "ndcg_at_1000": 0.12597,
        "ndcg_at_20": 0.01292,
        "ndcg_at_3": 0.005,
        "ndcg_at_5": 0.005,
        "precision_at_1": 0.0,
        "precision_at_10": 0.002,
        "precision_at_100": 0.0009,
        "precision_at_1000": 0.001,
        "precision_at_20": 0.002,
        "precision_at_3": 0.00333,
        "precision_at_5": 0.002,
        "recall_at_1": 0.0,
        "recall_at_10": 0.02,
        "recall_at_100": 0.09,
        "recall_at_1000": 1.0,
        "recall_at_20": 0.04,
        "recall_at_3": 0.01,
        "recall_at_5": 0.01
      }
    ]
  },
  "task_name": "VidoreSyntheticDocQAHealthcareIndustryRetrieval"
}