{
  "dataset_revision": "9c3a626c16c811f15514689c3e7e95a4f2b9b8c3",
  "evaluation_time": 63.43849730491638,
  "kg_co2_emissions": 0.00236442963958128,
  "mteb_version": "1.14.15",
  "scores": {
    "test": [
      {
        "cv_recall_at_1": 0.0012,
        "cv_recall_at_10": 0.00722,
        "cv_recall_at_100": 0.06194,
        "cv_recall_at_1000": 0.62959,
        "cv_recall_at_20": 0.01143,
        "cv_recall_at_3": 0.00301,
        "cv_recall_at_5": 0.00301,
        "hf_subset": "default",
        "languages": [
          "eng-Latn"
        ],
        "main_score": 0.00139,
        "map_at_1": 0.0006,
        "map_at_10": 0.0017,
        "map_at_100": 0.00305,
        "map_at_1000": 0.00452,
        "map_at_20": 0.00196,
        "map_at_3": 0.0008,
        "map_at_5": 0.00107,
        "mrr_at_1": 0.0012026458208057728,
        "mrr_at_10": 0.0024468115568536497,
        "mrr_at_100": 0.003780542085362642,
        "mrr_at_1000": 0.005238561464739852,
        "mrr_at_20": 0.0027128360025051633,
        "mrr_at_3": 0.0019041892162758067,
        "mrr_at_5": 0.0019041892162758067,
        "nauc_cv_recall_at_1000_diff1": 0.027885015948903774,
        "nauc_cv_recall_at_1000_max": 0.025686003385247947,
        "nauc_cv_recall_at_1000_std": 0.048164193783699155,
        "nauc_cv_recall_at_100_diff1": 0.012356145999010585,
        "nauc_cv_recall_at_100_max": 0.09287026781318738,
        "nauc_cv_recall_at_100_std": -0.0007526777632219324,
        "nauc_cv_recall_at_10_diff1": 0.3492563013828709,
        "nauc_cv_recall_at_10_max": 0.24528916146283566,
        "nauc_cv_recall_at_10_std": -0.016191005511208934,
        "nauc_cv_recall_at_1_diff1": 0.3408118173525727,
        "nauc_cv_recall_at_1_max": 0.397129892472728,
        "nauc_cv_recall_at_1_std": -0.5370141249982018,
        "nauc_cv_recall_at_20_diff1": 0.08710623333763533,
        "nauc_cv_recall_at_20_max": 0.17941793878892257,
        "nauc_cv_recall_at_20_std": -0.04057406402616499,
        "nauc_cv_recall_at_3_diff1": 0.20897418082308733,
        "nauc_cv_recall_at_3_max": 0.05121551362102742,
        "nauc_cv_recall_at_3_std": -0.32862426189457716,
        "nauc_cv_recall_at_5_diff1": 0.20897418082308733,
        "nauc_cv_recall_at_5_max": 0.05121551362102742,
        "nauc_cv_recall_at_5_std": -0.32862426189457716,
        "nauc_map_at_1000_diff1": 0.1973846307957562,
        "nauc_map_at_1000_max": 0.04984247295534297,
        "nauc_map_at_1000_std": -0.11157907640803517,
        "nauc_map_at_100_diff1": 0.23935880888795114,
        "nauc_map_at_100_max": 0.06633233696151976,
        "nauc_map_at_100_std": -0.1504591720970241,
        "nauc_map_at_10_diff1": 0.50982466901286,
        "nauc_map_at_10_max": 0.06044086904460677,
        "nauc_map_at_10_std": -0.31101613521880833,
        "nauc_map_at_1_diff1": 1.0,
        "nauc_map_at_1_max": -0.20574021505454387,
        "nauc_map_at_1_std": -0.5745595084116385,
        "nauc_map_at_20_diff1": 0.4024005494412029,
        "nauc_map_at_20_max": 0.05958466024925807,
        "nauc_map_at_20_std": -0.2542620311843999,
        "nauc_map_at_3_diff1": 1.0,
        "nauc_map_at_3_max": -0.12966253285356047,
        "nauc_map_at_3_std": -0.5745595084116385,
        "nauc_map_at_5_diff1": 0.6673255900657842,
        "nauc_map_at_5_max": -0.17728191113313937,
        "nauc_map_at_5_std": -0.4378905830055492,
        "nauc_mrr_at_1000_diff1": 0.11952463872740123,
        "nauc_mrr_at_1000_max": 0.1440280416876097,
        "nauc_mrr_at_1000_std": -0.12948404812928974,
        "nauc_mrr_at_100_diff1": 0.13918408082647743,
        "nauc_mrr_at_100_max": 0.17224011891310428,
        "nauc_mrr_at_100_std": -0.16467104231120347,
        "nauc_mrr_at_10_diff1": 0.2725447723540413,
        "nauc_mrr_at_10_max": 0.22086587119348203,
        "nauc_mrr_at_10_std": -0.25146927771263616,
        "nauc_mrr_at_1_diff1": 0.3408118173525727,
        "nauc_mrr_at_1_max": 0.397129892472728,
        "nauc_mrr_at_1_std": -0.5370141249982018,
        "nauc_mrr_at_20_diff1": 0.21143948065731358,
        "nauc_mrr_at_20_max": 0.2100402790366263,
        "nauc_mrr_at_20_std": -0.2367781137775826,
        "nauc_mrr_at_3_diff1": 0.2367294727240316,
        "nauc_mrr_at_3_max": 0.1774114689840655,
        "nauc_mrr_at_3_std": -0.3820269897211249,
        "nauc_mrr_at_5_diff1": 0.2367294727240316,
        "nauc_mrr_at_5_max": 0.1774114689840655,
        "nauc_mrr_at_5_std": -0.3820269897211249,
        "nauc_ndcg_at_1000_diff1": 0.040270737028016285,
        "nauc_ndcg_at_1000_max": 0.03461124059640062,
        "nauc_ndcg_at_1000_std": 0.02664157537124292,
        "nauc_ndcg_at_100_diff1": 0.06017029917848918,
        "nauc_ndcg_at_100_max": 0.09543420196374984,
        "nauc_ndcg_at_100_std": -0.025329158350906364,
        "nauc_ndcg_at_10_diff1": 0.40719653683796053,
        "nauc_ndcg_at_10_max": 0.15792073673384607,
        "nauc_ndcg_at_10_std": -0.2206073767374583,
        "nauc_ndcg_at_1_diff1": 1.0,
        "nauc_ndcg_at_1_max": -0.20574021505454387,
        "nauc_ndcg_at_1_std": -0.5745595084116385,
        "nauc_ndcg_at_20_diff1": 0.2342621575668079,
        "nauc_ndcg_at_20_max": 0.13325487752388804,
        "nauc_ndcg_at_20_std": -0.14434368824724597,
        "nauc_ndcg_at_3_diff1": 1.0,
        "nauc_ndcg_at_3_max": -0.10430330545323274,
        "nauc_ndcg_at_3_std": -0.5745595084116386,
        "nauc_ndcg_at_5_diff1": 0.5349308581411338,
        "nauc_ndcg_at_5_max": -0.17981950618046463,
        "nauc_ndcg_at_5_std": -0.3769863765635012,
        "nauc_precision_at_1000_diff1": 0.027885015948903313,
        "nauc_precision_at_1000_max": 0.025686003385246813,
        "nauc_precision_at_1000_std": 0.04816419378369879,
        "nauc_precision_at_100_diff1": 0.016570111541915462,
        "nauc_precision_at_100_max": 0.09719162652415769,
        "nauc_precision_at_100_std": 0.009029534487989438,
        "nauc_precision_at_10_diff1": 0.33182221226348707,
        "nauc_precision_at_10_max": 0.24528916146283578,
        "nauc_precision_at_10_std": -0.1411467339766059,
        "nauc_precision_at_1_diff1": 1.0,
        "nauc_precision_at_1_max": -0.20574021505454387,
        "nauc_precision_at_1_std": -0.5745595084116385,
        "nauc_precision_at_20_diff1": 0.11432856976708544,
        "nauc_precision_at_20_max": 0.18206171377891972,
        "nauc_precision_at_20_std": -0.0655149715458205,
        "nauc_precision_at_3_diff1": 1.0,
        "nauc_precision_at_3_max": -0.05358485065257716,
        "nauc_precision_at_3_std": -0.5745595084116385,
        "nauc_precision_at_5_diff1": 0.3408118173525728,
        "nauc_precision_at_5_max": -0.18598060797371574,
        "nauc_precision_at_5_std": -0.2859131419720302,
        "nauc_recall_at_1000_diff1": 0.027885015948903774,
        "nauc_recall_at_1000_max": 0.025686003385247947,
        "nauc_recall_at_1000_std": 0.048164193783699155,
        "nauc_recall_at_100_diff1": 0.016570111541915532,
        "nauc_recall_at_100_max": 0.09719162652415766,
        "nauc_recall_at_100_std": 0.009029534487989264,
        "nauc_recall_at_10_diff1": 0.3318222122634872,
        "nauc_recall_at_10_max": 0.24528916146283566,
        "nauc_recall_at_10_std": -0.14114673397660596,
        "nauc_recall_at_1_diff1": 1.0,
        "nauc_recall_at_1_max": -0.20574021505454387,
        "nauc_recall_at_1_std": -0.5745595084116385,
        "nauc_recall_at_20_diff1": 0.11432856976708566,
        "nauc_recall_at_20_max": 0.18206171377891975,
        "nauc_recall_at_20_std": -0.06551497154582026,
        "nauc_recall_at_3_diff1": 1.0,
        "nauc_recall_at_3_max": -0.05358485065257716,
        "nauc_recall_at_3_std": -0.5745595084116385,
        "nauc_recall_at_5_diff1": 0.3408118173525727,
        "nauc_recall_at_5_max": -0.18598060797371582,
        "nauc_recall_at_5_std": -0.28591314197203027,
        "ndcg_at_1": 0.0006,
        "ndcg_at_10": 0.00293,
        "ndcg_at_100": 0.01273,
        "ndcg_at_1000": 0.0775,
        "ndcg_at_20": 0.00385,