{
  "dataset_revision": "fe2b0e055eaac82d8f6801ebc8e85d8832248133",
  "evaluation_time": 15.552891731262207,
  "kg_co2_emissions": 0.0005991141420087471,
  "mteb_version": "1.14.15",
  "scores": {
    "test": [
      {
        "cv_recall_at_1": 0.006,
        "cv_recall_at_10": 0.03,
        "cv_recall_at_100": 0.272,
        "cv_recall_at_1000": 1.0,
        "cv_recall_at_20": 0.052,
        "cv_recall_at_3": 0.008,
        "cv_recall_at_5": 0.014,
        "hf_subset": "default",
        "languages": [
          "eng-Latn"
        ],
        "main_score": 0.00985,
        "map_at_1": 0.006,
        "map_at_10": 0.01088,
        "map_at_100": 0.01678,
        "map_at_1000": 0.01979,
        "map_at_20": 0.01235,
        "map_at_3": 0.007,
        "map_at_5": 0.0085,
        "mrr_at_1": 0.006,
        "mrr_at_10": 0.010876984126984129,
        "mrr_at_100": 0.016779561544516118,
        "mrr_at_1000": 0.019787942497938693,
        "mrr_at_20": 0.012347860266668316,
        "mrr_at_3": 0.007,
        "mrr_at_5": 0.0085,
        "nauc_cv_recall_at_1000_diff1": NaN,
        "nauc_cv_recall_at_1000_max": NaN,
        "nauc_cv_recall_at_1000_std": NaN,
        "nauc_cv_recall_at_100_diff1": 0.06594610819137355,
        "nauc_cv_recall_at_100_max": 0.14758800743022835,
        "nauc_cv_recall_at_100_std": 0.0918244835085174,
        "nauc_cv_recall_at_10_diff1": 0.0613183078436634,
        "nauc_cv_recall_at_10_max": 0.43688399964225033,
        "nauc_cv_recall_at_10_std": 0.31703783203649055,
        "nauc_cv_recall_at_1_diff1": 0.09820230748591353,
        "nauc_cv_recall_at_1_max": 0.3874429836329488,
        "nauc_cv_recall_at_1_std": 0.19237993023879793,
        "nauc_cv_recall_at_20_diff1": 0.041433613341313846,
        "nauc_cv_recall_at_20_max": 0.31274896286970333,
        "nauc_cv_recall_at_20_std": 0.3288889806195949,
        "nauc_cv_recall_at_3_diff1": 0.3236517306144351,
        "nauc_cv_recall_at_3_max": 0.5405822377247116,
        "nauc_cv_recall_at_3_std": 0.39428494767909844,
        "nauc_cv_recall_at_5_diff1": 0.10801487216834675,
        "nauc_cv_recall_at_5_max": 0.3354287247498945,
        "nauc_cv_recall_at_5_std": 0.3689294338610142,
        "nauc_map_at_1000_diff1": 0.09940454967788312,
        "nauc_map_at_1000_max": 0.32785909784580225,
        "nauc_map_at_1000_std": 0.2626048609538144,
        "nauc_map_at_100_diff1": 0.09718757281578232,
        "nauc_map_at_100_max": 0.32592876558282513,
        "nauc_map_at_100_std": 0.2568851835962323,
        "nauc_map_at_10_diff1": 0.12235472297707817,
        "nauc_map_at_10_max": 0.4286087100971084,
        "nauc_map_at_10_std": 0.30706587414850484,
        "nauc_map_at_1_diff1": 0.09820230748591353,
        "nauc_map_at_1_max": 0.3874429836329488,
        "nauc_map_at_1_std": 0.19237993023879793,
        "nauc_map_at_20_diff1": 0.10546332368625085,
        "nauc_map_at_20_max": 0.3951543937551392,
        "nauc_map_at_20_std": 0.3135079757035117,
        "nauc_map_at_3_diff1": 0.22703054927364014,
        "nauc_map_at_3_max": 0.47495112882824164,
        "nauc_map_at_3_std": 0.30775422591896967,
        "nauc_map_at_5_diff1": 0.1552896983853911,
        "nauc_map_at_5_max": 0.4020581132909295,
        "nauc_map_at_5_std": 0.31258384759860475,
        "nauc_mrr_at_1000_diff1": 0.09940454967788312,
        "nauc_mrr_at_1000_max": 0.32785909784580225,
        "nauc_mrr_at_1000_std": 0.2626048609538144,
        "nauc_mrr_at_100_diff1": 0.09718757281578232,
        "nauc_mrr_at_100_max": 0.32592876558282513,
        "nauc_mrr_at_100_std": 0.2568851835962323,
        "nauc_mrr_at_10_diff1": 0.12235472297707817,
        "nauc_mrr_at_10_max": 0.4286087100971084,
        "nauc_mrr_at_10_std": 0.30706587414850484,
        "nauc_mrr_at_1_diff1": 0.09820230748591353,
        "nauc_mrr_at_1_max": 0.3874429836329488,
        "nauc_mrr_at_1_std": 0.19237993023879793,
        "nauc_mrr_at_20_diff1": 0.10546332368625085,
        "nauc_mrr_at_20_max": 0.3951543937551392,
        "nauc_mrr_at_20_std": 0.3135079757035117,
        "nauc_mrr_at_3_diff1": 0.22703054927364014,
        "nauc_mrr_at_3_max": 0.47495112882824164,
        "nauc_mrr_at_3_std": 0.30775422591896967,
        "nauc_mrr_at_5_diff1": 0.1552896983853911,
        "nauc_mrr_at_5_max": 0.4020581132909295,
        "nauc_mrr_at_5_std": 0.31258384759860475,
        "nauc_ndcg_at_1000_diff1": 0.08274128861167865,
        "nauc_ndcg_at_1000_max": 0.24568461089741198,
        "nauc_ndcg_at_1000_std": 0.21326821595582265,
        "nauc_ndcg_at_100_diff1": 0.07214676972179654,
        "nauc_ndcg_at_100_max": 0.204468110906637,
        "nauc_ndcg_at_100_std": 0.15316778020800068,
        "nauc_ndcg_at_10_diff1": 0.0956764151190616,
        "nauc_ndcg_at_10_max": 0.43154534100686887,
        "nauc_ndcg_at_10_std": 0.31384108671158484,
        "nauc_ndcg_at_1_diff1": 0.09820230748591353,
        "nauc_ndcg_at_1_max": 0.3874429836329488,
        "nauc_ndcg_at_1_std": 0.19237993023879793,
        "nauc_ndcg_at_20_diff1": 0.07113948888307994,
        "nauc_ndcg_at_20_max": 0.35557630175519217,
        "nauc_ndcg_at_20_std": 0.32335396726680876,
        "nauc_ndcg_at_3_diff1": 0.2549034927262972,
        "nauc_ndcg_at_3_max": 0.4938841636102758,
        "nauc_ndcg_at_3_std": 0.33271630857070955,
        "nauc_ndcg_at_5_diff1": 0.1408941402715691,
        "nauc_ndcg_at_5_max": 0.3805075712140617,
        "nauc_ndcg_at_5_std": 0.3333477033322345,
        "nauc_precision_at_1000_diff1": 1.0,
        "nauc_precision_at_1000_max": 1.0,
        "nauc_precision_at_1000_std": 1.0,
        "nauc_precision_at_100_diff1": 0.0659461081913737,
        "nauc_precision_at_100_max": 0.14758800743022826,
        "nauc_precision_at_100_std": 0.09182448350851764,
        "nauc_precision_at_10_diff1": 0.06131830784366301,
        "nauc_precision_at_10_max": 0.4368839996422499,
        "nauc_precision_at_10_std": 0.31703783203649016,
        "nauc_precision_at_1_diff1": 0.09820230748591353,
        "nauc_precision_at_1_max": 0.3874429836329488,
        "nauc_precision_at_1_std": 0.19237993023879793,
        "nauc_precision_at_20_diff1": 0.04143361334131379,
        "nauc_precision_at_20_max": 0.31274896286970305,
        "nauc_precision_at_20_std": 0.3288889806195947,
        "nauc_precision_at_3_diff1": 0.3236517306144352,
        "nauc_precision_at_3_max": 0.5405822377247118,
        "nauc_precision_at_3_std": 0.39428494767909866,
        "nauc_precision_at_5_diff1": 0.10801487216834693,
        "nauc_precision_at_5_max": 0.33542872474989444,
        "nauc_precision_at_5_std": 0.3689294338610142,
        "nauc_recall_at_1000_diff1": NaN,
        "nauc_recall_at_1000_max": NaN,
        "nauc_recall_at_1000_std": NaN,
        "nauc_recall_at_100_diff1": 0.06594610819137355,
        "nauc_recall_at_100_max": 0.14758800743022835,
        "nauc_recall_at_100_std": 0.0918244835085174,
        "nauc_recall_at_10_diff1": 0.0613183078436634,
        "nauc_recall_at_10_max": 0.43688399964225033,
        "nauc_recall_at_10_std": 0.31703783203649055,
        "nauc_recall_at_1_diff1": 0.09820230748591353,
        "nauc_recall_at_1_max": 0.3874429836329488,
        "nauc_recall_at_1_std": 0.19237993023879793,
        "nauc_recall_at_20_diff1": 0.041433613341313846,
        "nauc_recall_at_20_max": 0.31274896286970333,
        "nauc_recall_at_20_std": 0.3288889806195949,
        "nauc_recall_at_3_diff1": 0.3236517306144351,
        "nauc_recall_at_3_max": 0.5405822377247116,
        "nauc_recall_at_3_std": 0.39428494767909844,
        "nauc_recall_at_5_diff1": 0.10801487216834675,
        "nauc_recall_at_5_max": 0.3354287247498945,
        "nauc_recall_at_5_std": 0.3689294338610142,
        "ndcg_at_1": 0.006,
        "ndcg_at_10": 0.01526,
        "ndcg_at_100": 0.05919,
        "ndcg_at_1000": 0.14997,
        "ndcg_at_20": 0.02076,
        "ndcg_at_3": 0.00726,
        "ndcg_at_5": 0.00985,
        "precision_at_1": 0.006,
        "precision_at_10": 0.003,