{
  "dataset_revision": "5fe59d7e52732b86d11ee0e9c4a8cdb0e8ba7a6e",
  "evaluation_time": 33.584959268569946,
  "kg_co2_emissions": 0.0011996444681072538,
  "mteb_version": "1.14.15",
  "scores": {
    "test": [
      {
        "cv_recall_at_1": 0.24,
        "cv_recall_at_10": 0.58,
        "cv_recall_at_100": 0.83,
        "cv_recall_at_1000": 1.0,
        "cv_recall_at_20": 0.66,
        "cv_recall_at_3": 0.46,
        "cv_recall_at_5": 0.53,
        "hf_subset": "default",
        "languages": [
          "eng-Latn"
        ],
        "main_score": 0.38672,
        "map_at_1": 0.23,
        "map_at_10": 0.35036,
        "map_at_100": 0.35951,
        "map_at_1000": 0.36025,
        "map_at_20": 0.35575,
        "map_at_3": 0.32667,
        "map_at_5": 0.34217,
        "mrr_at_1": 0.24,
        "mrr_at_10": 0.35801190476190475,
        "mrr_at_100": 0.36709582124464935,
        "mrr_at_1000": 0.3678408310063417,
        "mrr_at_20": 0.3633565323565324,
        "mrr_at_3": 0.33666666666666667,
        "mrr_at_5": 0.35166666666666674,
        "nauc_cv_recall_at_1000_diff1": NaN,
        "nauc_cv_recall_at_1000_max": NaN,
        "nauc_cv_recall_at_1000_std": NaN,
        "nauc_cv_recall_at_100_diff1": -0.002409009113600865,
        "nauc_cv_recall_at_100_max": 0.6696464851686312,
        "nauc_cv_recall_at_100_std": 0.3073663435305049,
        "nauc_cv_recall_at_10_diff1": 0.0666482862698435,
        "nauc_cv_recall_at_10_max": 0.5816960269321184,
        "nauc_cv_recall_at_10_std": 0.12077371796732157,
        "nauc_cv_recall_at_1_diff1": 0.15607776180206082,
        "nauc_cv_recall_at_1_max": 0.5258207524562665,
        "nauc_cv_recall_at_1_std": 0.11372214234363774,
        "nauc_cv_recall_at_20_diff1": 0.064091075043977,
        "nauc_cv_recall_at_20_max": 0.5765707457930899,
        "nauc_cv_recall_at_20_std": 0.2177636164492681,
        "nauc_cv_recall_at_3_diff1": 0.0797876534125252,
        "nauc_cv_recall_at_3_max": 0.624937583769152,
        "nauc_cv_recall_at_3_std": 0.17307035294736026,
        "nauc_cv_recall_at_5_diff1": 0.09333461628338513,
        "nauc_cv_recall_at_5_max": 0.678043684449271,
        "nauc_cv_recall_at_5_std": 0.11004962267522564,
        "nauc_map_at_1000_diff1": 0.11893146103780144,
        "nauc_map_at_1000_max": 0.5678803802411272,
        "nauc_map_at_1000_std": 0.07013120672167122,
        "nauc_map_at_100_diff1": 0.11860724739410002,
        "nauc_map_at_100_max": 0.5681388768493857,
        "nauc_map_at_100_std": 0.07088712278838406,
        "nauc_map_at_10_diff1": 0.11827954457018956,
        "nauc_map_at_10_max": 0.5679746899858076,
        "nauc_map_at_10_std": 0.06355118158690122,
        "nauc_map_at_1_diff1": 0.1825475511355836,
        "nauc_map_at_1_max": 0.5324659477433229,
        "nauc_map_at_1_std": -0.011699028385778128,
        "nauc_map_at_20_diff1": 0.11896375725885629,
        "nauc_map_at_20_max": 0.5678400820875122,
        "nauc_map_at_20_std": 0.06997413718648471,
        "nauc_map_at_3_diff1": 0.12702820710248103,
        "nauc_map_at_3_max": 0.5718018178745142,
        "nauc_map_at_3_std": 0.08169402242295652,
        "nauc_map_at_5_diff1": 0.12676100692220527,
        "nauc_map_at_5_max": 0.5742009037817002,
        "nauc_map_at_5_std": 0.061765203812599534,
        "nauc_mrr_at_1000_diff1": 0.09611755811532953,
        "nauc_mrr_at_1000_max": 0.563197750811277,
        "nauc_mrr_at_1000_std": 0.13679296978851677,
        "nauc_mrr_at_100_diff1": 0.0958439346131438,
        "nauc_mrr_at_100_max": 0.563464104050304,
        "nauc_mrr_at_100_std": 0.13740290448525358,
        "nauc_mrr_at_10_diff1": 0.09586522957557142,
        "nauc_mrr_at_10_max": 0.5633510821604965,
        "nauc_mrr_at_10_std": 0.12916632116708612,
        "nauc_mrr_at_1_diff1": 0.15607776180206082,
        "nauc_mrr_at_1_max": 0.5258207524562665,
        "nauc_mrr_at_1_std": 0.11372214234363774,
        "nauc_mrr_at_20_diff1": 0.09634553813442685,
        "nauc_mrr_at_20_max": 0.5631899875657373,
        "nauc_mrr_at_20_std": 0.13602765967225128,
        "nauc_mrr_at_3_diff1": 0.09730029293009257,
        "nauc_mrr_at_3_max": 0.5666334461898132,
        "nauc_mrr_at_3_std": 0.14061575861442668,
        "nauc_mrr_at_5_diff1": 0.1000007994871997,
        "nauc_mrr_at_5_max": 0.576111416536123,
        "nauc_mrr_at_5_std": 0.1255695758438234,
        "nauc_ndcg_at_1000_diff1": 0.11062540972781071,
        "nauc_ndcg_at_1000_max": 0.5727433560857405,
        "nauc_ndcg_at_1000_std": 0.08783901535056585,
        "nauc_ndcg_at_100_diff1": 0.10262961115171321,
        "nauc_ndcg_at_100_max": 0.57958404110408,
        "nauc_ndcg_at_100_std": 0.10426436184360913,
        "nauc_ndcg_at_10_diff1": 0.10496756092434917,
        "nauc_ndcg_at_10_max": 0.5732524528360453,
        "nauc_ndcg_at_10_std": 0.07961425455226262,
        "nauc_ndcg_at_1_diff1": 0.1825475511355836,
        "nauc_ndcg_at_1_max": 0.5324659477433229,
        "nauc_ndcg_at_1_std": -0.011699028385778128,
        "nauc_ndcg_at_20_diff1": 0.10617635413672799,
        "nauc_ndcg_at_20_max": 0.5722105632640315,
        "nauc_ndcg_at_20_std": 0.10154233607997004,
        "nauc_ndcg_at_3_diff1": 0.12094672970750406,
        "nauc_ndcg_at_3_max": 0.5842447347553357,
        "nauc_ndcg_at_3_std": 0.1115885013660699,
        "nauc_ndcg_at_5_diff1": 0.12299289758597133,
        "nauc_ndcg_at_5_max": 0.5903702507312679,
        "nauc_ndcg_at_5_std": 0.07785722143644565,
        "nauc_precision_at_1000_diff1": NaN,
        "nauc_precision_at_1000_max": NaN,
        "nauc_precision_at_1000_std": NaN,
        "nauc_precision_at_100_diff1": -0.002409009113600484,
        "nauc_precision_at_100_max": 0.6696464851686309,
        "nauc_precision_at_100_std": 0.307366343530505,
        "nauc_precision_at_10_diff1": 0.06664828626984447,
        "nauc_precision_at_10_max": 0.5816960269321187,
        "nauc_precision_at_10_std": 0.12077371796732235,
        "nauc_precision_at_1_diff1": 0.1825475511355836,
        "nauc_precision_at_1_max": 0.5324659477433229,
        "nauc_precision_at_1_std": -0.011699028385778128,
        "nauc_precision_at_20_diff1": 0.06409107504397872,
        "nauc_precision_at_20_max": 0.5765707457930892,
        "nauc_precision_at_20_std": 0.21776361644926898,
        "nauc_precision_at_3_diff1": 0.10756236495776822,
        "nauc_precision_at_3_max": 0.617979440843318,
        "nauc_precision_at_3_std": 0.1927322726379886,
        "nauc_precision_at_5_diff1": 0.11768866641275447,
        "nauc_precision_at_5_max": 0.637412263996953,
        "nauc_precision_at_5_std": 0.11933456662495295,
        "nauc_recall_at_1000_diff1": NaN,
        "nauc_recall_at_1000_max": NaN,
        "nauc_recall_at_1000_std": NaN,
        "nauc_recall_at_100_diff1": -0.002409009113600865,
        "nauc_recall_at_100_max": 0.6696464851686312,
        "nauc_recall_at_100_std": 0.3073663435305049,
        "nauc_recall_at_10_diff1": 0.0666482862698435,
        "nauc_recall_at_10_max": 0.5816960269321184,
        "nauc_recall_at_10_std": 0.12077371796732157,
        "nauc_recall_at_1_diff1": 0.1825475511355836,
        "nauc_recall_at_1_max": 0.5324659477433229,
        "nauc_recall_at_1_std": -0.011699028385778128,
        "nauc_recall_at_20_diff1": 0.064091075043977,
        "nauc_recall_at_20_max": 0.5765707457930899,
        "nauc_recall_at_20_std": 0.2177636164492681,
        "nauc_recall_at_3_diff1": 0.10756236495776873,
        "nauc_recall_at_3_max": 0.6179794408433185,
        "nauc_recall_at_3_std": 0.19273227263798848,
        "nauc_recall_at_5_diff1": 0.1176886664127535,
        "nauc_recall_at_5_max": 0.637412263996953,
        "nauc_recall_at_5_std": 0.11933456662495216,
        "ndcg_at_1": 0.23,
        "ndcg_at_10": 0.4063,
        "ndcg_at_100": 0.45684,
        "ndcg_at_1000": 0.4782,
        "ndcg_at_20": 0.42634,
        "ndcg_at_3": 0.35833,
        "ndcg_at_5": 0.38672,
        "precision_at_1": 0.23,
        "precision_at_10": 0.058,