{
  "dataset_revision": "3f018eb7ad32218a5a4ebd704493e0834a265cf5",
  "evaluation_time": 23.687679529190063,
  "kg_co2_emissions": 0.0007987892214562166,
  "mteb_version": "1.14.15",
  "scores": {
    "test": [
      {
        "cv_recall_at_1": 0.89706,
        "cv_recall_at_10": 0.97059,
        "cv_recall_at_100": 0.98529,
        "cv_recall_at_1000": 1.0,
        "cv_recall_at_20": 0.97059,
        "cv_recall_at_3": 0.95588,
        "cv_recall_at_5": 0.97059,
        "hf_subset": "default",
        "languages": [
          "eng-Latn"
        ],
        "main_score": 0.89706,
        "map_at_1": 0.19929,
        "map_at_10": 0.43884,
        "map_at_100": 0.67026,
        "map_at_1000": 0.74464,
        "map_at_20": 0.53519,
        "map_at_3": 0.29706,
        "map_at_5": 0.3492,
        "mrr_at_1": 0.8970588235294118,
        "mrr_at_10": 0.9276960784313725,
        "mrr_at_100": 0.9280731523378583,
        "mrr_at_1000": 0.928103103218414,
        "mrr_at_20": 0.9276960784313725,
        "mrr_at_3": 0.9240196078431372,
        "mrr_at_5": 0.9276960784313725,
        "nauc_cv_recall_at_1000_diff1": NaN,
        "nauc_cv_recall_at_1000_max": NaN,
        "nauc_cv_recall_at_1000_std": NaN,
        "nauc_cv_recall_at_100_diff1": -0.572674720961299,
        "nauc_cv_recall_at_100_max": 1.0,
        "nauc_cv_recall_at_100_std": 1.0,
        "nauc_cv_recall_at_10_diff1": 0.07401479495347633,
        "nauc_cv_recall_at_10_max": 0.6794578464910334,
        "nauc_cv_recall_at_10_std": 0.6794578464910334,
        "nauc_cv_recall_at_1_diff1": 0.6155178015939581,
        "nauc_cv_recall_at_1_max": 0.8098823962478501,
        "nauc_cv_recall_at_1_std": 0.560153280735636,
        "nauc_cv_recall_at_20_diff1": 0.07401479495347633,
        "nauc_cv_recall_at_20_max": 0.6794578464910334,
        "nauc_cv_recall_at_20_std": 0.6794578464910334,
        "nauc_cv_recall_at_3_diff1": 0.3389606829744483,
        "nauc_cv_recall_at_3_max": 0.7863052309940219,
        "nauc_cv_recall_at_3_std": 0.7863052309940219,
        "nauc_cv_recall_at_5_diff1": 0.07401479495347633,
        "nauc_cv_recall_at_5_max": 0.6794578464910334,
        "nauc_cv_recall_at_5_std": 0.6794578464910334,
        "nauc_map_at_1000_diff1": 0.17000615340130215,
        "nauc_map_at_1000_max": 0.4102406230726069,
        "nauc_map_at_1000_std": 0.33067739308688715,
        "nauc_map_at_100_diff1": 0.2862606761545165,
        "nauc_map_at_100_max": 0.08117451846249991,
        "nauc_map_at_100_std": -0.2106388622196812,
        "nauc_map_at_10_diff1": 0.5172302301819733,
        "nauc_map_at_10_max": -0.2933788255074609,
        "nauc_map_at_10_std": -0.4932687826924778,
        "nauc_map_at_1_diff1": 0.6965659873553552,
        "nauc_map_at_1_max": -0.13369142671193068,
        "nauc_map_at_1_std": -0.45352771252574847,
        "nauc_map_at_20_diff1": 0.43988538325352594,
        "nauc_map_at_20_max": -0.2335234398216315,
        "nauc_map_at_20_std": -0.45214022747654453,
        "nauc_map_at_3_diff1": 0.5929110818301933,
        "nauc_map_at_3_max": -0.25148064124068037,
        "nauc_map_at_3_std": -0.5148821046465413,
        "nauc_map_at_5_diff1": 0.5790588828689692,
        "nauc_map_at_5_max": -0.27907711277965264,
        "nauc_map_at_5_std": -0.505763096337424,
        "nauc_mrr_at_1000_diff1": 0.5155598792072175,
        "nauc_mrr_at_1000_max": 0.797223181560187,
        "nauc_mrr_at_1000_std": 0.6010596457051121,
        "nauc_mrr_at_100_diff1": 0.5151067301316535,
        "nauc_mrr_at_100_max": 0.7973076193531129,
        "nauc_mrr_at_100_std": 0.6012257674703325,
        "nauc_mrr_at_10_diff1": 0.5161789469803452,
        "nauc_mrr_at_10_max": 0.795021351158218,
        "nauc_mrr_at_10_std": 0.5999620904195464,
        "nauc_mrr_at_1_diff1": 0.6155178015939581,
        "nauc_mrr_at_1_max": 0.8098823962478501,
        "nauc_mrr_at_1_std": 0.560153280735636,
        "nauc_mrr_at_20_diff1": 0.5161789469803452,
        "nauc_mrr_at_20_max": 0.795021351158218,
        "nauc_mrr_at_20_std": 0.5999620904195464,
        "nauc_mrr_at_3_diff1": 0.5332437943369268,
        "nauc_mrr_at_3_max": 0.8049396728763689,
        "nauc_mrr_at_3_std": 0.6193187634637621,
        "nauc_mrr_at_5_diff1": 0.5161789469803452,
        "nauc_mrr_at_5_max": 0.795021351158218,
        "nauc_mrr_at_5_std": 0.5999620904195464,
        "nauc_ndcg_at_1000_diff1": 0.16730145450535505,
        "nauc_ndcg_at_1000_max": 0.5529829084511766,
        "nauc_ndcg_at_1000_std": 0.4547236066829917,
        "nauc_ndcg_at_100_diff1": 0.1576138402711851,
        "nauc_ndcg_at_100_max": 0.3877454441432329,
        "nauc_ndcg_at_100_std": 0.3355344192350847,
        "nauc_ndcg_at_10_diff1": 0.1501145659425245,
        "nauc_ndcg_at_10_max": 0.6715925112047068,
        "nauc_ndcg_at_10_std": 0.3797238870486159,
        "nauc_ndcg_at_1_diff1": 0.6155178015939581,
        "nauc_ndcg_at_1_max": 0.8098823962478501,
        "nauc_ndcg_at_1_std": 0.560153280735636,
        "nauc_ndcg_at_20_diff1": 0.1364379724760474,
        "nauc_ndcg_at_20_max": 0.5122993125028686,
        "nauc_ndcg_at_20_std": 0.4719890869054658,
        "nauc_ndcg_at_3_diff1": 0.30026938270700926,
        "nauc_ndcg_at_3_max": 0.7735900060337786,
        "nauc_ndcg_at_3_std": 0.48354345561097734,
        "nauc_ndcg_at_5_diff1": 0.23456803391909137,
        "nauc_ndcg_at_5_max": 0.758144601453579,
        "nauc_ndcg_at_5_std": 0.4262126833510734,
        "nauc_precision_at_1000_diff1": -0.30979438352836364,
        "nauc_precision_at_1000_max": 0.5412273091165329,
        "nauc_precision_at_1000_std": 0.8871127447412234,
        "nauc_precision_at_100_diff1": -0.3732937060474015,
        "nauc_precision_at_100_max": 0.5702328560347572,
        "nauc_precision_at_100_std": 0.8168079019537026,
        "nauc_precision_at_10_diff1": -0.5075109610162998,
        "nauc_precision_at_10_max": 0.5777353284851626,
        "nauc_precision_at_10_std": 0.7018438561799057,
        "nauc_precision_at_1_diff1": 0.6155178015939581,
        "nauc_precision_at_1_max": 0.8098823962478501,
        "nauc_precision_at_1_std": 0.560153280735636,
        "nauc_precision_at_20_diff1": -0.494416766470226,
        "nauc_precision_at_20_max": 0.6050363600426445,
        "nauc_precision_at_20_std": 0.7230018894674302,
        "nauc_precision_at_3_diff1": -0.3638082872606094,
        "nauc_precision_at_3_max": 0.5406284491800226,
        "nauc_precision_at_3_std": 0.6251397028040799,
        "nauc_precision_at_5_diff1": -0.4644838524733076,
        "nauc_precision_at_5_max": 0.5727524860878536,
        "nauc_precision_at_5_std": 0.6653253751623063,
        "nauc_recall_at_1000_diff1": -0.27800178569324413,
        "nauc_recall_at_1000_max": 0.6197808083958981,
        "nauc_recall_at_1000_std": 0.7738023017808704,
        "nauc_recall_at_100_diff1": 0.1945232389411449,
        "nauc_recall_at_100_max": -0.310047483170357,
        "nauc_recall_at_100_std": -0.5194597874516553,
        "nauc_recall_at_10_diff1": 0.4330079549892533,
        "nauc_recall_at_10_max": -0.41462244169822965,
        "nauc_recall_at_10_std": -0.5508186782494905,
        "nauc_recall_at_1_diff1": 0.6965659873553552,
        "nauc_recall_at_1_max": -0.13369142671193068,
        "nauc_recall_at_1_std": -0.45352771252574847,
        "nauc_recall_at_20_diff1": 0.3351990948547484,
        "nauc_recall_at_20_max": -0.44349689992857555,
        "nauc_recall_at_20_std": -0.5364136892179707,
        "nauc_recall_at_3_diff1": 0.5383056683142271,
        "nauc_recall_at_3_max": -0.2836195431238983,
        "nauc_recall_at_3_std": -0.5205742455721326,
        "nauc_recall_at_5_diff1": 0.5207842000572062,
        "nauc_recall_at_5_max": -0.3376354887240736,
        "nauc_recall_at_5_std": -0.5298653230146158,
        "ndcg_at_1": 0.89706,
        "ndcg_at_10": 0.84814,
        "ndcg_at_100": 0.84024,
        "ndcg_at_1000": 0.88398,
        "ndcg_at_20": 0.83266,
        "ndcg_at_3": 0.86598,
        "ndcg_at_5": 0.85786,