{
  "dataset_revision": "ae713b03ae68e343f16c3bcdbd1b1ee760975d55",
  "evaluation_time": 22.305433750152588,
  "kg_co2_emissions": null,
  "mteb_version": "1.14.15",
  "scores": {
    "test": [
      {
        "accuracy": 0.38895,
        "hf_subset": "default",
        "languages": [
          "eng-Latn"
        ],
        "main_score": 0.38895,
        "mrr_at_1": 0.38894907908992415,
        "mrr_at_10": 0.648519321054532,
        "mrr_at_100": 0.648519321054532,
        "mrr_at_1000": 0.648519321054532,
        "mrr_at_20": 0.648519321054532,
        "mrr_at_3": 0.6309136872517148,
        "mrr_at_5": 0.648519321054532,
        "ndcg_at_1": 0.38895,
        "ndcg_at_10": 0.73811,
        "ndcg_at_100": 0.73811,
        "ndcg_at_1000": 0.73811,
        "ndcg_at_20": 0.73811,
        "ndcg_at_3": 0.70778,
        "ndcg_at_5": 0.73811
      }
    ]
  },
  "task_name": "BLINKIT2TMultiChoice"
}