{
  "dataset_revision": "a4cf34ac79215f9e2cd6a10342d84f606fc41cc3",
  "evaluation_time": 889.4545171260834,
  "kg_co2_emissions": 0.039209105896636655,
  "mteb_version": "1.14.15",
  "scores": {
    "test": [
      {
        "cv_recall_at_1": 0.59995,
        "cv_recall_at_10": 0.89247,
        "cv_recall_at_100": 0.98936,
        "cv_recall_at_1000": 0.99945,
        "cv_recall_at_20": 0.93793,
        "cv_recall_at_3": 0.76807,
        "cv_recall_at_5": 0.82888,
        "hf_subset": "default",
        "languages": [
          "eng-Latn"
        ],
        "main_score": 0.5145,
        "map_at_1": 0.12003,
        "map_at_10": 0.39513,
        "map_at_100": 0.4366,
        "map_at_1000": 0.43938,
        "map_at_20": 0.41871,
        "map_at_3": 0.26911,
        "map_at_5": 0.34531,
        "mrr_at_1": 0.5999548590958922,
        "mrr_at_10": 0.6969028452076521,
        "mrr_at_100": 0.7015742981774005,
        "mrr_at_1000": 0.7016350873137609,
        "mrr_at_20": 0.7001048544631882,
        "mrr_at_3": 0.6743298725306829,
        "mrr_at_5": 0.6882622901485418,
        "nauc_cv_recall_at_1000_diff1": 0.11259885358836996,
        "nauc_cv_recall_at_1000_max": 0.4982407134121952,
        "nauc_cv_recall_at_1000_std": 0.8400896728209394,
        "nauc_cv_recall_at_100_diff1": 0.2949795419718554,
        "nauc_cv_recall_at_100_max": 0.5478813800587062,
        "nauc_cv_recall_at_100_std": 0.5438110104959631,
        "nauc_cv_recall_at_10_diff1": 0.353935761780247,
        "nauc_cv_recall_at_10_max": 0.5214863727641802,
        "nauc_cv_recall_at_10_std": 0.09730989254467587,
        "nauc_cv_recall_at_1_diff1": 0.41861502916978677,
        "nauc_cv_recall_at_1_max": 0.48691436501076346,
        "nauc_cv_recall_at_1_std": -0.03503220466601937,
        "nauc_cv_recall_at_20_diff1": 0.3436254809641583,
        "nauc_cv_recall_at_20_max": 0.5374331228330399,
        "nauc_cv_recall_at_20_std": 0.20983130775798264,
        "nauc_cv_recall_at_3_diff1": 0.3731060018657049,
        "nauc_cv_recall_at_3_max": 0.5043277195233898,
        "nauc_cv_recall_at_3_std": 0.018628976192611075,
        "nauc_cv_recall_at_5_diff1": 0.3574856668581276,
        "nauc_cv_recall_at_5_max": 0.5035454616573513,
        "nauc_cv_recall_at_5_std": 0.03627222585404861,
        "nauc_map_at_1000_diff1": 0.22181859836859277,
        "nauc_map_at_1000_max": 0.4945576545296086,
        "nauc_map_at_1000_std": 0.05938821100932701,
        "nauc_map_at_100_diff1": 0.22158594214262772,
        "nauc_map_at_100_max": 0.49452575595865744,
        "nauc_map_at_100_std": 0.06003967502621078,
        "nauc_map_at_10_diff1": 0.21933573958737457,
        "nauc_map_at_10_max": 0.4889938422716537,
        "nauc_map_at_10_std": 0.03497319367827714,
        "nauc_map_at_1_diff1": 0.41813414721234204,
        "nauc_map_at_1_max": 0.4864960839223764,
        "nauc_map_at_1_std": -0.035046261135484334,
        "nauc_map_at_20_diff1": 0.22063724082409591,
        "nauc_map_at_20_max": 0.4925329034064466,
        "nauc_map_at_20_std": 0.04928129481389547,
        "nauc_map_at_3_diff1": 0.2578403510297804,
        "nauc_map_at_3_max": 0.4820935725061149,
        "nauc_map_at_3_std": -0.0051426727339080125,
        "nauc_map_at_5_diff1": 0.22201139591434785,
        "nauc_map_at_5_max": 0.4906200801023359,
        "nauc_map_at_5_std": 0.01493641094730634,
        "nauc_mrr_at_1000_diff1": 0.40186643365143104,
        "nauc_mrr_at_1000_max": 0.49254314620247275,
        "nauc_mrr_at_1000_std": -0.013997037283457367,
        "nauc_mrr_at_100_diff1": 0.4018472489381649,
        "nauc_mrr_at_100_max": 0.4925550452470525,
        "nauc_mrr_at_100_std": -0.013882620742312944,
        "nauc_mrr_at_10_diff1": 0.4010655479319326,
        "nauc_mrr_at_10_max": 0.492911756048914,
        "nauc_mrr_at_10_std": -0.013744394129619307,
        "nauc_mrr_at_1_diff1": 0.41861502916978677,
        "nauc_mrr_at_1_max": 0.48691436501076346,
        "nauc_mrr_at_1_std": -0.03503220466601937,
        "nauc_mrr_at_20_diff1": 0.40150837061942934,
        "nauc_mrr_at_20_max": 0.49277392133971004,
        "nauc_mrr_at_20_std": -0.01319411076907666,
        "nauc_mrr_at_3_diff1": 0.40132164675522547,
        "nauc_mrr_at_3_max": 0.4928146130183645,
        "nauc_mrr_at_3_std": -0.017032465140801503,
        "nauc_mrr_at_5_diff1": 0.3999890573176041,
        "nauc_mrr_at_5_max": 0.49208210205035596,
        "nauc_mrr_at_5_std": -0.015999659899748296,
        "nauc_ndcg_at_1000_diff1": 0.26088724261438667,
        "nauc_ndcg_at_1000_max": 0.5016303812752336,
        "nauc_ndcg_at_1000_std": 0.08585351779643831,
        "nauc_ndcg_at_100_diff1": 0.2533720869076406,
        "nauc_ndcg_at_100_max": 0.5007057619532801,
        "nauc_ndcg_at_100_std": 0.10593838293852574,
        "nauc_ndcg_at_10_diff1": 0.24856901066029372,
        "nauc_ndcg_at_10_max": 0.49227742337780866,
        "nauc_ndcg_at_10_std": 0.04207961966173305,
        "nauc_ndcg_at_1_diff1": 0.4181341472123421,
        "nauc_ndcg_at_1_max": 0.4864960839223762,
        "nauc_ndcg_at_1_std": -0.03504626113548413,
        "nauc_ndcg_at_20_diff1": 0.249574672763662,
        "nauc_ndcg_at_20_max": 0.4959303295995782,
        "nauc_ndcg_at_20_std": 0.068778474156175,
        "nauc_ndcg_at_3_diff1": 0.2829617933098453,
        "nauc_ndcg_at_3_max": 0.48588441982873054,
        "nauc_ndcg_at_3_std": -0.0035624354161307077,
        "nauc_ndcg_at_5_diff1": 0.252440202101983,
        "nauc_ndcg_at_5_max": 0.49203641269972986,
        "nauc_ndcg_at_5_std": 0.015100354932961997,
        "nauc_precision_at_1000_diff1": 0.043584126897832726,
        "nauc_precision_at_1000_max": 0.3598771383938902,
        "nauc_precision_at_1000_std": 0.6525026694497326,
        "nauc_precision_at_100_diff1": 0.12898943802202137,
        "nauc_precision_at_100_max": 0.4099361961762248,
        "nauc_precision_at_100_std": 0.3619787097714102,
        "nauc_precision_at_10_diff1": 0.18526761350328289,
        "nauc_precision_at_10_max": 0.4603252738300559,
        "nauc_precision_at_10_std": 0.08085126515802381,
        "nauc_precision_at_1_diff1": 0.4181341472123421,
        "nauc_precision_at_1_max": 0.4864960839223762,
        "nauc_precision_at_1_std": -0.03504626113548413,
        "nauc_precision_at_20_diff1": 0.17210717602409026,
        "nauc_precision_at_20_max": 0.44577584278537946,
        "nauc_precision_at_20_std": 0.1463283592803062,
        "nauc_precision_at_3_diff1": 0.24146143606901144,
        "nauc_precision_at_3_max": 0.47980641506404603,
        "nauc_precision_at_3_std": 0.006447320000974415,
        "nauc_precision_at_5_diff1": 0.1992288927622324,
        "nauc_precision_at_5_max": 0.47853609078529163,
        "nauc_precision_at_5_std": 0.03253945165249147,
        "nauc_recall_at_1000_diff1": 0.043584126897834106,
        "nauc_recall_at_1000_max": 0.35987713839389723,
        "nauc_recall_at_1000_std": 0.6525026694497362,
        "nauc_recall_at_100_diff1": 0.12898943802202192,
        "nauc_recall_at_100_max": 0.40993619617622623,
        "nauc_recall_at_100_std": 0.3619787097714099,
        "nauc_recall_at_10_diff1": 0.18526761350328289,
        "nauc_recall_at_10_max": 0.4603252738300559,
        "nauc_recall_at_10_std": 0.08085126515802381,
        "nauc_recall_at_1_diff1": 0.41813414721234204,
        "nauc_recall_at_1_max": 0.4864960839223764,
        "nauc_recall_at_1_std": -0.035046261135484334,
        "nauc_recall_at_20_diff1": 0.17210717602409026,
        "nauc_recall_at_20_max": 0.44577584278537946,
        "nauc_recall_at_20_std": 0.1463283592803062,
        "nauc_recall_at_3_diff1": 0.24146143606901102,
        "nauc_recall_at_3_max": 0.4798064150640461,
        "nauc_recall_at_3_std": 0.006447320000974043,
        "nauc_recall_at_5_diff1": 0.1992288927622324,
        "nauc_recall_at_5_max": 0.47853609078529163,
        "nauc_recall_at_5_std": 0.03253945165249147,
        "ndcg_at_1": 0.60015,
        "ndcg_at_10": 0.5145,
        "ndcg_at_100": 0.62084,