{
  "dataset_revision": "86f09ebc1703516c76e5f931465e2ed7626a5e52",
  "evaluation_time": 45.05561923980713,
  "kg_co2_emissions": 0.0014942138280935361,
  "mteb_version": "1.14.15",
  "scores": {
    "test": [
      {
        "cv_recall_at_1": 0.23,
        "cv_recall_at_10": 0.75,
        "cv_recall_at_100": 0.93,
        "cv_recall_at_1000": 1.0,
        "cv_recall_at_20": 0.82,
        "cv_recall_at_3": 0.55,
        "cv_recall_at_5": 0.66,
        "hf_subset": "default",
        "languages": [
          "eng-Latn"
        ],
        "main_score": 0.47094,
        "map_at_1": 0.25,
        "map_at_10": 0.41917,
        "map_at_100": 0.42744,
        "map_at_1000": 0.42783,
        "map_at_20": 0.42439,
        "map_at_3": 0.38167,
        "map_at_5": 0.40767,
        "mrr_at_1": 0.23,
        "mrr_at_10": 0.4134444444444445,
        "mrr_at_100": 0.4208284717752113,
        "mrr_at_1000": 0.42122235261264024,
        "mrr_at_20": 0.4182471494793478,
        "mrr_at_3": 0.37500000000000006,
        "mrr_at_5": 0.4005,
        "nauc_cv_recall_at_1000_diff1": NaN,
        "nauc_cv_recall_at_1000_max": NaN,
        "nauc_cv_recall_at_1000_std": NaN,
        "nauc_cv_recall_at_100_diff1": -0.08850206749366593,
        "nauc_cv_recall_at_100_max": 0.5633586768040548,
        "nauc_cv_recall_at_100_std": -0.22529011604641924,
        "nauc_cv_recall_at_10_diff1": -0.3568184196755627,
        "nauc_cv_recall_at_10_max": 0.3333333333333333,
        "nauc_cv_recall_at_10_std": -0.28401883830455327,
        "nauc_cv_recall_at_1_diff1": -0.10828083769314077,
        "nauc_cv_recall_at_1_max": 0.35560775461021027,
        "nauc_cv_recall_at_1_std": -0.22228153932978453,
        "nauc_cv_recall_at_20_diff1": -0.279546205529243,
        "nauc_cv_recall_at_20_max": 0.3076605353012449,
        "nauc_cv_recall_at_20_std": -0.2341667584535733,
        "nauc_cv_recall_at_3_diff1": -0.3654426735940464,
        "nauc_cv_recall_at_3_max": 0.3665379484659129,
        "nauc_cv_recall_at_3_std": -0.31393667064522934,
        "nauc_cv_recall_at_5_diff1": -0.4088087888745066,
        "nauc_cv_recall_at_5_max": 0.34204586942812587,
        "nauc_cv_recall_at_5_std": -0.17320521756447324,
        "nauc_map_at_1000_diff1": -0.22868163078696538,
        "nauc_map_at_1000_max": 0.3272448652150442,
        "nauc_map_at_1000_std": -0.2333390438887514,
        "nauc_map_at_100_diff1": -0.22863506838937697,
        "nauc_map_at_100_max": 0.32750970480228797,
        "nauc_map_at_100_std": -0.23354106459217994,
        "nauc_map_at_10_diff1": -0.23298835660504386,
        "nauc_map_at_10_max": 0.3293344181042588,
        "nauc_map_at_10_std": -0.23780448032994717,
        "nauc_map_at_1_diff1": -0.12663479220301593,
        "nauc_map_at_1_max": 0.2665685913938947,
        "nauc_map_at_1_std": -0.2231555719014342,
        "nauc_map_at_20_diff1": -0.22959055159779054,
        "nauc_map_at_20_max": 0.3272294569874691,
        "nauc_map_at_20_std": -0.2349302990277803,
        "nauc_map_at_3_diff1": -0.24519425130560796,
        "nauc_map_at_3_max": 0.3283110668750281,
        "nauc_map_at_3_std": -0.2615566110221922,
        "nauc_map_at_5_diff1": -0.23909426474636156,
        "nauc_map_at_5_max": 0.3300850948368538,
        "nauc_map_at_5_std": -0.23214360189178143,
        "nauc_mrr_at_1000_diff1": -0.22309739918057714,
        "nauc_mrr_at_1000_max": 0.3783745754475409,
        "nauc_mrr_at_1000_std": -0.23199817984530402,
        "nauc_mrr_at_100_diff1": -0.22305680346468673,
        "nauc_mrr_at_100_max": 0.3785762673606226,
        "nauc_mrr_at_100_std": -0.23220540246672614,
        "nauc_mrr_at_10_diff1": -0.22993222781405845,
        "nauc_mrr_at_10_max": 0.3774642467455781,
        "nauc_mrr_at_10_std": -0.23559171608263818,
        "nauc_mrr_at_1_diff1": -0.10828083769314077,
        "nauc_mrr_at_1_max": 0.35560775461021027,
        "nauc_mrr_at_1_std": -0.22228153932978453,
        "nauc_mrr_at_20_diff1": -0.22462036000931324,
        "nauc_mrr_at_20_max": 0.377209374939326,
        "nauc_mrr_at_20_std": -0.23373082623830005,
        "nauc_mrr_at_3_diff1": -0.236925448261744,
        "nauc_mrr_at_3_max": 0.38094962850571396,
        "nauc_mrr_at_3_std": -0.254239369964958,
        "nauc_mrr_at_5_diff1": -0.24305285380777164,
        "nauc_mrr_at_5_max": 0.3752537144190751,
        "nauc_mrr_at_5_std": -0.22170998333599443,
        "nauc_ndcg_at_1000_diff1": -0.23593478172951432,
        "nauc_ndcg_at_1000_max": 0.3320683142464844,
        "nauc_ndcg_at_1000_std": -0.23208997660178496,
        "nauc_ndcg_at_100_diff1": -0.2313338778734792,
        "nauc_ndcg_at_100_max": 0.34014968762511427,
        "nauc_ndcg_at_100_std": -0.2329027601126284,
        "nauc_ndcg_at_10_diff1": -0.2536963083369824,
        "nauc_ndcg_at_10_max": 0.337186447021661,
        "nauc_ndcg_at_10_std": -0.24877656081177235,
        "nauc_ndcg_at_1_diff1": -0.12663479220301593,
        "nauc_ndcg_at_1_max": 0.2665685913938947,
        "nauc_ndcg_at_1_std": -0.2231555719014342,
        "nauc_ndcg_at_20_diff1": -0.24060300623062508,
        "nauc_ndcg_at_20_max": 0.3307944378270552,
        "nauc_ndcg_at_20_std": -0.23631137320852216,
        "nauc_ndcg_at_3_diff1": -0.278427093174637,
        "nauc_ndcg_at_3_max": 0.3360563200053422,
        "nauc_ndcg_at_3_std": -0.28131828773816564,
        "nauc_ndcg_at_5_diff1": -0.2670170224131585,
        "nauc_ndcg_at_5_max": 0.3397834426805518,
        "nauc_ndcg_at_5_std": -0.23293688125001275,
        "nauc_precision_at_1000_diff1": NaN,
        "nauc_precision_at_1000_max": NaN,
        "nauc_precision_at_1000_std": NaN,
        "nauc_precision_at_100_diff1": -0.08850206749366249,
        "nauc_precision_at_100_max": 0.5633586768040566,
        "nauc_precision_at_100_std": -0.22529011604641505,
        "nauc_precision_at_10_diff1": -0.3215603584607271,
        "nauc_precision_at_10_max": 0.360630144762986,
        "nauc_precision_at_10_std": -0.29958233648270505,
        "nauc_precision_at_1_diff1": -0.12663479220301593,
        "nauc_precision_at_1_max": 0.2665685913938947,
        "nauc_precision_at_1_std": -0.2231555719014342,
        "nauc_precision_at_20_diff1": -0.2590235213997573,
        "nauc_precision_at_20_max": 0.3331761747603338,
        "nauc_precision_at_20_std": -0.23235895018072983,
        "nauc_precision_at_3_diff1": -0.3725198343045705,
        "nauc_precision_at_3_max": 0.3547426806150389,
        "nauc_precision_at_3_std": -0.34032156146879156,
        "nauc_precision_at_5_diff1": -0.3530485578678335,
        "nauc_precision_at_5_max": 0.36783497626871164,
        "nauc_precision_at_5_std": -0.2338444687842265,
        "nauc_recall_at_1000_diff1": NaN,
        "nauc_recall_at_1000_max": NaN,
        "nauc_recall_at_1000_std": NaN,
        "nauc_recall_at_100_diff1": -0.08850206749366593,
        "nauc_recall_at_100_max": 0.5633586768040548,
        "nauc_recall_at_100_std": -0.22529011604641924,
        "nauc_recall_at_10_diff1": -0.32156035846072756,
        "nauc_recall_at_10_max": 0.36063014476298605,
        "nauc_recall_at_10_std": -0.2995823364827058,
        "nauc_recall_at_1_diff1": -0.12663479220301593,
        "nauc_recall_at_1_max": 0.2665685913938947,
        "nauc_recall_at_1_std": -0.2231555719014342,
        "nauc_recall_at_20_diff1": -0.25902352139976004,
        "nauc_recall_at_20_max": 0.33317617476033334,
        "nauc_recall_at_20_std": -0.23235895018073316,
        "nauc_recall_at_3_diff1": -0.3725198343045709,
        "nauc_recall_at_3_max": 0.35474268061503894,
        "nauc_recall_at_3_std": -0.3403215614687919,
        "nauc_recall_at_5_diff1": -0.3530485578678354,
        "nauc_recall_at_5_max": 0.3678349762687113,
        "nauc_recall_at_5_std": -0.23384446878422813,
        "ndcg_at_1": 0.25,
        "ndcg_at_10": 0.49764,
        "ndcg_at_100": 0.53801,
        "ndcg_at_1000": 0.54727,
        "ndcg_at_20": 0.51579,
        "ndcg_at_3": 0.42488,
        "ndcg_at_5": 0.47094,
        "precision_at_1": 0.25,