{
  "dataset_revision": "a4cf34ac79215f9e2cd6a10342d84f606fc41cc3",
  "evaluation_time": 696.5453107357025,
  "kg_co2_emissions": null,
  "mteb_version": "1.14.15",
  "scores": {
    "test": [
      {
        "cv_recall_at_1": 0.41123,
        "cv_recall_at_10": 0.74499,
        "cv_recall_at_100": 0.94799,
        "cv_recall_at_1000": 0.9961,
        "cv_recall_at_20": 0.82431,
        "cv_recall_at_3": 0.5818,
        "cv_recall_at_5": 0.65751,
        "hf_subset": "default",
        "languages": [
          "eng-Latn"
        ],
        "main_score": 0.33864,
        "map_at_1": 0.08225,
        "map_at_10": 0.23469,
        "map_at_100": 0.26835,
        "map_at_1000": 0.27227,
        "map_at_20": 0.25195,
        "map_at_3": 0.16585,
        "map_at_5": 0.20389,
        "mrr_at_1": 0.4112336364222609,
        "mrr_at_10": 0.5151234695851855,
        "mrr_at_100": 0.52396896428919,
        "mrr_at_1000": 0.5242245786392323,
        "mrr_at_20": 0.5206585639433835,
        "mrr_at_3": 0.48606543281530107,
        "mrr_at_5": 0.5033576234389007,
        "nauc_cv_recall_at_1000_diff1": 0.1668946197356667,
        "nauc_cv_recall_at_1000_max": 0.5471102379766396,
        "nauc_cv_recall_at_1000_std": 0.8644548534210997,
        "nauc_cv_recall_at_100_diff1": 0.27164470848567007,
        "nauc_cv_recall_at_100_max": 0.46116451663141383,
        "nauc_cv_recall_at_100_std": 0.5690953242916272,
        "nauc_cv_recall_at_10_diff1": 0.2847333297710287,
        "nauc_cv_recall_at_10_max": 0.363618286477702,
        "nauc_cv_recall_at_10_std": 0.23871368320393438,
        "nauc_cv_recall_at_1_diff1": 0.3777440040036895,
        "nauc_cv_recall_at_1_max": 0.35089838212208047,
        "nauc_cv_recall_at_1_std": 0.10654582635450767,
        "nauc_cv_recall_at_20_diff1": 0.2742181027098892,
        "nauc_cv_recall_at_20_max": 0.370973611258156,
        "nauc_cv_recall_at_20_std": 0.29591150699858393,
        "nauc_cv_recall_at_3_diff1": 0.31241140044871685,
        "nauc_cv_recall_at_3_max": 0.35059564081651806,
        "nauc_cv_recall_at_3_std": 0.15158902569501775,
        "nauc_cv_recall_at_5_diff1": 0.29760858722447087,
        "nauc_cv_recall_at_5_max": 0.3547590319741829,
        "nauc_cv_recall_at_5_std": 0.18622570429118204,
        "nauc_map_at_1000_diff1": 0.26591172448603223,
        "nauc_map_at_1000_max": 0.4039242274807118,
        "nauc_map_at_1000_std": 0.19616807317173515,
        "nauc_map_at_100_diff1": 0.26563966597830463,
        "nauc_map_at_100_max": 0.40348635048564996,
        "nauc_map_at_100_std": 0.19496551116585037,
        "nauc_map_at_10_diff1": 0.2663003185676324,
        "nauc_map_at_10_max": 0.3995559416955087,
        "nauc_map_at_10_std": 0.16750145800580984,
        "nauc_map_at_1_diff1": 0.3777440040036897,
        "nauc_map_at_1_max": 0.35089838212208013,
        "nauc_map_at_1_std": 0.10654582635450735,
        "nauc_map_at_20_diff1": 0.2647056821682122,
        "nauc_map_at_20_max": 0.400661823015664,
        "nauc_map_at_20_std": 0.17990158652399965,
        "nauc_map_at_3_diff1": 0.2857392717703405,
        "nauc_map_at_3_max": 0.3781996362275432,
        "nauc_map_at_3_std": 0.13087360364636205,
        "nauc_map_at_5_diff1": 0.27430353429999565,
        "nauc_map_at_5_max": 0.3991657793320734,
        "nauc_map_at_5_std": 0.1500103078769882,
        "nauc_mrr_at_1000_diff1": 0.34902174191709856,
        "nauc_mrr_at_1000_max": 0.3523896078098142,
        "nauc_mrr_at_1000_std": 0.13469930880731973,
        "nauc_mrr_at_100_diff1": 0.34897259962725996,
        "nauc_mrr_at_100_max": 0.3524566543012721,
        "nauc_mrr_at_100_std": 0.1349844933522515,
        "nauc_mrr_at_10_diff1": 0.34787528597819034,
        "nauc_mrr_at_10_max": 0.35211404831933746,
        "nauc_mrr_at_10_std": 0.1343264416731822,
        "nauc_mrr_at_1_diff1": 0.3777440040036895,
        "nauc_mrr_at_1_max": 0.35089838212208047,
        "nauc_mrr_at_1_std": 0.10654582635450767,
        "nauc_mrr_at_20_diff1": 0.34830128002753524,
        "nauc_mrr_at_20_max": 0.3522463291351227,
        "nauc_mrr_at_20_std": 0.13503595778979718,
        "nauc_mrr_at_3_diff1": 0.34987064554728586,
        "nauc_mrr_at_3_max": 0.3505610450751407,
        "nauc_mrr_at_3_std": 0.12485358477574354,
        "nauc_mrr_at_5_diff1": 0.3479857306316512,
        "nauc_mrr_at_5_max": 0.3513990769137617,
        "nauc_mrr_at_5_std": 0.13079626236677483,
        "nauc_ndcg_at_1000_diff1": 0.28059786673750975,
        "nauc_ndcg_at_1000_max": 0.40014379272855777,
        "nauc_ndcg_at_1000_std": 0.245676177099379,
        "nauc_ndcg_at_100_diff1": 0.27580936137312223,
        "nauc_ndcg_at_100_max": 0.39745697949681136,
        "nauc_ndcg_at_100_std": 0.24563196403441556,
        "nauc_ndcg_at_10_diff1": 0.2765632085016994,
        "nauc_ndcg_at_10_max": 0.3868012523820856,
        "nauc_ndcg_at_10_std": 0.17614984476890422,
        "nauc_ndcg_at_1_diff1": 0.3777440040036895,
        "nauc_ndcg_at_1_max": 0.35089838212208047,
        "nauc_ndcg_at_1_std": 0.10654582635450767,
        "nauc_ndcg_at_20_diff1": 0.2736643329992811,
        "nauc_ndcg_at_20_max": 0.38914308962532485,
        "nauc_ndcg_at_20_std": 0.19774848224140454,
        "nauc_ndcg_at_3_diff1": 0.2964265615292698,
        "nauc_ndcg_at_3_max": 0.37106467424182193,
        "nauc_ndcg_at_3_std": 0.13364098490618145,
        "nauc_ndcg_at_5_diff1": 0.2854538482639504,
        "nauc_ndcg_at_5_max": 0.3857242569418814,
        "nauc_ndcg_at_5_std": 0.1532391807142106,
        "nauc_precision_at_1000_diff1": 0.12786752844725718,
        "nauc_precision_at_1000_max": 0.3592102679832818,
        "nauc_precision_at_1000_std": 0.6227732478686331,
        "nauc_precision_at_100_diff1": 0.18121156984682904,
        "nauc_precision_at_100_max": 0.3503425693087148,
        "nauc_precision_at_100_std": 0.3914762333908659,
        "nauc_precision_at_10_diff1": 0.2244359536864922,
        "nauc_precision_at_10_max": 0.37355592119736386,
        "nauc_precision_at_10_std": 0.20374515407858762,
        "nauc_precision_at_1_diff1": 0.3777440040036895,
        "nauc_precision_at_1_max": 0.35089838212208047,
        "nauc_precision_at_1_std": 0.10654582635450767,
        "nauc_precision_at_20_diff1": 0.20661737284791987,
        "nauc_precision_at_20_max": 0.3594858800451993,
        "nauc_precision_at_20_std": 0.2420746798603945,
        "nauc_precision_at_3_diff1": 0.2652255219892292,
        "nauc_precision_at_3_max": 0.37315965461711775,
        "nauc_precision_at_3_std": 0.1415715482218338,
        "nauc_precision_at_5_diff1": 0.245816258896885,
        "nauc_precision_at_5_max": 0.386281854256963,
        "nauc_precision_at_5_std": 0.16848518478313285,
        "nauc_recall_at_1000_diff1": 0.12786752844725563,
        "nauc_recall_at_1000_max": 0.35921026798328176,
        "nauc_recall_at_1000_std": 0.6227732478686313,
        "nauc_recall_at_100_diff1": 0.18121156984683007,
        "nauc_recall_at_100_max": 0.35034256930871494,
        "nauc_recall_at_100_std": 0.39147623339086657,
        "nauc_recall_at_10_diff1": 0.2244359536864922,
        "nauc_recall_at_10_max": 0.37355592119736386,
        "nauc_recall_at_10_std": 0.20374515407858762,
        "nauc_recall_at_1_diff1": 0.3777440040036897,
        "nauc_recall_at_1_max": 0.35089838212208013,
        "nauc_recall_at_1_std": 0.10654582635450735,
        "nauc_recall_at_20_diff1": 0.20661737284791987,
        "nauc_recall_at_20_max": 0.3594858800451993,
        "nauc_recall_at_20_std": 0.2420746798603945,
        "nauc_recall_at_3_diff1": 0.26522552198922883,
        "nauc_recall_at_3_max": 0.3731596546171177,
        "nauc_recall_at_3_std": 0.14157154822183368,
        "nauc_recall_at_5_diff1": 0.245816258896885,
        "nauc_recall_at_5_max": 0.386281854256963,
        "nauc_recall_at_5_std": 0.16848518478313285,
        "ndcg_at_1": 0.41123,
        "ndcg_at_10": 0.33864,
        "ndcg_at_100": 0.44526,
        "ndcg_at_1000": 0.49783,