{
  "dataset_revision": "3f018eb7ad32218a5a4ebd704493e0834a265cf5",
  "evaluation_time": 328.04422402381897,
  "kg_co2_emissions": 0.007366344869914051,
  "mteb_version": "1.14.15",
  "scores": {
    "test": [
      {
        "cv_recall_at_1": 0.73529,
        "cv_recall_at_10": 0.88235,
        "cv_recall_at_100": 0.98529,
        "cv_recall_at_1000": 1.0,
        "cv_recall_at_20": 0.88235,
        "cv_recall_at_3": 0.85294,
        "cv_recall_at_5": 0.86765,
        "hf_subset": "default",
        "languages": [
          "eng-Latn"
        ],
        "main_score": 0.73529,
        "map_at_1": 0.11725,
        "map_at_10": 0.24944,
        "map_at_100": 0.3794,
        "map_at_1000": 0.43616,
        "map_at_20": 0.29467,
        "map_at_3": 0.17248,
        "map_at_5": 0.20876,
        "mrr_at_1": 0.7352941176470589,
        "mrr_at_10": 0.7936274509803922,
        "mrr_at_100": 0.7958181731863969,
        "mrr_at_1000": 0.7959057082004025,
        "mrr_at_20": 0.7936274509803922,
        "mrr_at_3": 0.7892156862745098,
        "mrr_at_5": 0.792156862745098,
        "nauc_cv_recall_at_1000_diff1": NaN,
        "nauc_cv_recall_at_1000_max": NaN,
        "nauc_cv_recall_at_1000_std": NaN,
        "nauc_cv_recall_at_100_diff1": 0.35891569298206377,
        "nauc_cv_recall_at_100_max": 1.0,
        "nauc_cv_recall_at_100_std": 1.0,
        "nauc_cv_recall_at_10_diff1": 0.1737842881054867,
        "nauc_cv_recall_at_10_max": 0.5363073777388098,
        "nauc_cv_recall_at_10_std": 0.47692362423740964,
        "nauc_cv_recall_at_1_diff1": 0.3074845005893202,
        "nauc_cv_recall_at_1_max": 0.6446433819368861,
        "nauc_cv_recall_at_1_std": 0.3838003016733559,
        "nauc_cv_recall_at_20_diff1": 0.1737842881054867,
        "nauc_cv_recall_at_20_max": 0.5363073777388098,
        "nauc_cv_recall_at_20_std": 0.47692362423740964,
        "nauc_cv_recall_at_3_diff1": 0.13724269011506987,
        "nauc_cv_recall_at_3_max": 0.5719911272591948,
        "nauc_cv_recall_at_3_std": 0.47677505401931486,
        "nauc_cv_recall_at_5_diff1": 0.1367416516172516,
        "nauc_cv_recall_at_5_max": 0.5463861868872886,
        "nauc_cv_recall_at_5_std": 0.4097376766516288,
        "nauc_map_at_1000_diff1": 0.03432761886002493,
        "nauc_map_at_1000_max": 0.30341375204440113,
        "nauc_map_at_1000_std": 0.2259269606795098,
        "nauc_map_at_100_diff1": 0.17110954340749462,
        "nauc_map_at_100_max": 0.145437559665503,
        "nauc_map_at_100_std": 0.014054208355051018,
        "nauc_map_at_10_diff1": 0.41700084044904373,
        "nauc_map_at_10_max": -0.1588726235301825,
        "nauc_map_at_10_std": -0.29593021532839764,
        "nauc_map_at_1_diff1": 0.6432659683297821,
        "nauc_map_at_1_max": -0.14640722524348726,
        "nauc_map_at_1_std": -0.3914240875398474,
        "nauc_map_at_20_diff1": 0.34079869784611544,
        "nauc_map_at_20_max": -0.055238175748864825,
        "nauc_map_at_20_std": -0.20459894399619794,
        "nauc_map_at_3_diff1": 0.49232653434314483,
        "nauc_map_at_3_max": -0.2153656923867586,
        "nauc_map_at_3_std": -0.3646871838379072,
        "nauc_map_at_5_diff1": 0.45271921064702086,
        "nauc_map_at_5_max": -0.21310044615736096,
        "nauc_map_at_5_std": -0.3539812410815916,
        "nauc_mrr_at_1000_diff1": 0.24823450733029312,
        "nauc_mrr_at_1000_max": 0.6218779490834428,
        "nauc_mrr_at_1000_std": 0.41826544136080196,
        "nauc_mrr_at_100_diff1": 0.2482864998779706,
        "nauc_mrr_at_100_max": 0.6220555721242903,
        "nauc_mrr_at_100_std": 0.41853871148884947,
        "nauc_mrr_at_10_diff1": 0.24795410810687185,
        "nauc_mrr_at_10_max": 0.6205945163346895,
        "nauc_mrr_at_10_std": 0.4181365066033438,
        "nauc_mrr_at_1_diff1": 0.3074845005893202,
        "nauc_mrr_at_1_max": 0.6446433819368861,
        "nauc_mrr_at_1_std": 0.3838003016733559,
        "nauc_mrr_at_20_diff1": 0.24795410810687185,
        "nauc_mrr_at_20_max": 0.6205945163346895,
        "nauc_mrr_at_20_std": 0.4181365066033438,
        "nauc_mrr_at_3_diff1": 0.24358144601087717,
        "nauc_mrr_at_3_max": 0.6234841738288857,
        "nauc_mrr_at_3_std": 0.4237763706002265,
        "nauc_mrr_at_5_diff1": 0.2449458554331952,
        "nauc_mrr_at_5_max": 0.6207094839899228,
        "nauc_mrr_at_5_std": 0.4139821609161865,
        "nauc_ndcg_at_1000_diff1": 0.07026373016391496,
        "nauc_ndcg_at_1000_max": 0.3642490934012532,
        "nauc_ndcg_at_1000_std": 0.3163344493185547,
        "nauc_ndcg_at_100_diff1": 0.027036275069274078,
        "nauc_ndcg_at_100_max": 0.3158618626363178,
        "nauc_ndcg_at_100_std": 0.2613509024951016,
        "nauc_ndcg_at_10_diff1": 0.03072591994508029,
        "nauc_ndcg_at_10_max": 0.5141947901418561,
        "nauc_ndcg_at_10_std": 0.3403375222186312,
        "nauc_ndcg_at_1_diff1": 0.3074845005893202,
        "nauc_ndcg_at_1_max": 0.6446433819368861,
        "nauc_ndcg_at_1_std": 0.3838003016733559,
        "nauc_ndcg_at_20_diff1": -0.02288011858831812,
        "nauc_ndcg_at_20_max": 0.4390751439043336,
        "nauc_ndcg_at_20_std": 0.31686072988282704,
        "nauc_ndcg_at_3_diff1": 0.08126992321294788,
        "nauc_ndcg_at_3_max": 0.6083362618071846,
        "nauc_ndcg_at_3_std": 0.43056861212596276,
        "nauc_ndcg_at_5_diff1": 0.05667321886492761,
        "nauc_ndcg_at_5_max": 0.5643976464647154,
        "nauc_ndcg_at_5_std": 0.38465176025291553,
        "nauc_precision_at_1000_diff1": -0.3899719517628784,
        "nauc_precision_at_1000_max": 0.49687320427878623,
        "nauc_precision_at_1000_std": 0.6270842451487937,
        "nauc_precision_at_100_diff1": -0.4106894320636436,
        "nauc_precision_at_100_max": 0.5888894480183403,
        "nauc_precision_at_100_std": 0.6701785499249758,
        "nauc_precision_at_10_diff1": -0.26994836743321315,
        "nauc_precision_at_10_max": 0.6216034906514736,
        "nauc_precision_at_10_std": 0.5552239194926069,
        "nauc_precision_at_1_diff1": 0.3074845005893202,
        "nauc_precision_at_1_max": 0.6446433819368861,
        "nauc_precision_at_1_std": 0.3838003016733559,
        "nauc_precision_at_20_diff1": -0.36083973464017155,
        "nauc_precision_at_20_max": 0.6191210453473239,
        "nauc_precision_at_20_std": 0.579051998160311,
        "nauc_precision_at_3_diff1": -0.1280198511309445,
        "nauc_precision_at_3_max": 0.6232102033898371,
        "nauc_precision_at_3_std": 0.5481619513559315,
        "nauc_precision_at_5_diff1": -0.2072677012221993,
        "nauc_precision_at_5_max": 0.606146824173523,
        "nauc_precision_at_5_std": 0.5282350942771563,
        "nauc_recall_at_1000_diff1": 0.06902521904632986,
        "nauc_recall_at_1000_max": -0.14279488880546679,
        "nauc_recall_at_1000_std": 0.09716480809127086,
        "nauc_recall_at_100_diff1": 0.0952466527047382,
        "nauc_recall_at_100_max": -0.21428658517125868,
        "nauc_recall_at_100_std": -0.2062483988870301,
        "nauc_recall_at_10_diff1": 0.30842153589001287,
        "nauc_recall_at_10_max": -0.263890271126193,
        "nauc_recall_at_10_std": -0.3067985386850519,
        "nauc_recall_at_1_diff1": 0.6432659683297821,
        "nauc_recall_at_1_max": -0.14640722524348726,
        "nauc_recall_at_1_std": -0.3914240875398474,
        "nauc_recall_at_20_diff1": 0.24597980039817963,
        "nauc_recall_at_20_max": -0.1811753477252853,
        "nauc_recall_at_20_std": -0.23087683488495742,
        "nauc_recall_at_3_diff1": 0.3488181100215381,
        "nauc_recall_at_3_max": -0.26741918055052794,
        "nauc_recall_at_3_std": -0.3539301847034102,
        "nauc_recall_at_5_diff1": 0.3201789851514916,
        "nauc_recall_at_5_max": -0.27920105011533336,
        "nauc_recall_at_5_std": -0.3674043217528563,
        "ndcg_at_1": 0.73529,
        "ndcg_at_10": 0.59072,
        "ndcg_at_100": 0.58938,
        "ndcg_at_1000": 0.66665,
        "ndcg_at_20": 0.56291,
        "ndcg_at_3": 0.64058,