{
  "dataset_revision": "f20b30211b7ba3fc64a02bd83998fe75f3023719",
  "evaluation_time": 278.619398355484,
  "kg_co2_emissions": 0.0062867257195451465,
  "mteb_version": "1.14.15",
  "scores": {
    "test": [
      {
        "cv_recall_at_1": 0.04286,
        "cv_recall_at_10": 0.2,
        "cv_recall_at_100": 0.74286,
        "cv_recall_at_1000": 0.92857,
        "cv_recall_at_20": 0.3,
        "cv_recall_at_3": 0.11429,
        "cv_recall_at_5": 0.14286,
        "hf_subset": "default",
        "languages": [
          "eng-Latn"
        ],
        "main_score": 0.04286,
        "map_at_1": 0.01464,
        "map_at_10": 0.02074,
        "map_at_100": 0.03269,
        "map_at_1000": 0.04835,
        "map_at_20": 0.02386,
        "map_at_3": 0.01678,
        "map_at_5": 0.01753,
        "mrr_at_1": 0.04285714285714286,
        "mrr_at_10": 0.08753968253968253,
        "mrr_at_100": 0.10542031064706155,
        "mrr_at_1000": 0.10652557875532491,
        "mrr_at_20": 0.09458655692678247,
        "mrr_at_3": 0.0738095238095238,
        "mrr_at_5": 0.08095238095238096,
        "nauc_cv_recall_at_1000_diff1": 0.5641456582633044,
        "nauc_cv_recall_at_1000_max": 0.5939309056956108,
        "nauc_cv_recall_at_1000_std": 0.31718020541549846,
        "nauc_cv_recall_at_100_diff1": 0.0558218377367309,
        "nauc_cv_recall_at_100_max": 0.2509644610708433,
        "nauc_cv_recall_at_100_std": 0.1915478138882394,
        "nauc_cv_recall_at_10_diff1": 0.044859080215877006,
        "nauc_cv_recall_at_10_max": -0.18607869366668225,
        "nauc_cv_recall_at_10_std": 0.09626827805710587,
        "nauc_cv_recall_at_1_diff1": 0.09095787496646088,
        "nauc_cv_recall_at_1_max": -0.1522225203470174,
        "nauc_cv_recall_at_1_std": -0.03953134782219847,
        "nauc_cv_recall_at_20_diff1": 0.3043990194375277,
        "nauc_cv_recall_at_20_max": -0.23529638851892606,
        "nauc_cv_recall_at_20_std": -0.00669793657227801,
        "nauc_cv_recall_at_3_diff1": 0.17540972124947482,
        "nauc_cv_recall_at_3_max": -0.1286594761171032,
        "nauc_cv_recall_at_3_std": 0.14795489564364764,
        "nauc_cv_recall_at_5_diff1": 0.13000895789788006,
        "nauc_cv_recall_at_5_max": -0.21985667363392056,
        "nauc_cv_recall_at_5_std": 0.10659898477157354,
        "nauc_map_at_1000_diff1": -0.0171475535506461,
        "nauc_map_at_1000_max": -0.26596176348047157,
        "nauc_map_at_1000_std": -0.02528261992224164,
        "nauc_map_at_100_diff1": 0.0694884806684807,
        "nauc_map_at_100_max": -0.26193990782539467,
        "nauc_map_at_100_std": -0.08067400417553394,
        "nauc_map_at_10_diff1": 0.03265914825463781,
        "nauc_map_at_10_max": -0.2069625314011251,
        "nauc_map_at_10_std": -0.1619073920388523,
        "nauc_map_at_1_diff1": -0.06337367148272154,
        "nauc_map_at_1_max": -0.2025855585477339,
        "nauc_map_at_1_std": -0.1980649493263932,
        "nauc_map_at_20_diff1": 0.05989938488189665,
        "nauc_map_at_20_max": -0.21905407125344134,
        "nauc_map_at_20_std": -0.12191107751502493,
        "nauc_map_at_3_diff1": -0.04685619474796314,
        "nauc_map_at_3_max": -0.20016994412240985,
        "nauc_map_at_3_std": -0.16914340800380578,
        "nauc_map_at_5_diff1": -0.038000698095992644,
        "nauc_map_at_5_max": -0.20804876641903966,
        "nauc_map_at_5_std": -0.16857579711287066,
        "nauc_mrr_at_1000_diff1": 0.14614776098104423,
        "nauc_mrr_at_1000_max": -0.14803357593459623,
        "nauc_mrr_at_1000_std": 0.07072885302024684,
        "nauc_mrr_at_100_diff1": 0.14453997968696958,
        "nauc_mrr_at_100_max": -0.14854293209171268,
        "nauc_mrr_at_100_std": 0.06926163958552777,
        "nauc_mrr_at_10_diff1": 0.11102831555593862,
        "nauc_mrr_at_10_max": -0.15503663452266409,
        "nauc_mrr_at_10_std": 0.076003699996411,
        "nauc_mrr_at_1_diff1": 0.09095787496646088,
        "nauc_mrr_at_1_max": -0.1522225203470174,
        "nauc_mrr_at_1_std": -0.03953134782219847,
        "nauc_mrr_at_20_diff1": 0.15459071296245933,
        "nauc_mrr_at_20_max": -0.16397962192712773,
        "nauc_mrr_at_20_std": 0.06287980596667435,
        "nauc_mrr_at_3_diff1": 0.1518178681083376,
        "nauc_mrr_at_3_max": -0.11944220780944453,
        "nauc_mrr_at_3_std": 0.08909279134997379,
        "nauc_mrr_at_5_diff1": 0.13432792439668484,
        "nauc_mrr_at_5_max": -0.158053613247189,
        "nauc_mrr_at_5_std": 0.07545798800843717,
        "nauc_ndcg_at_1000_diff1": 0.043860986431931065,
        "nauc_ndcg_at_1000_max": -0.0659539573921267,
        "nauc_ndcg_at_1000_std": 0.1603591078639262,
        "nauc_ndcg_at_100_diff1": 0.13483415227472298,
        "nauc_ndcg_at_100_max": -0.2816399344640941,
        "nauc_ndcg_at_100_std": -0.03299957476547566,
        "nauc_ndcg_at_10_diff1": 0.12450500504893511,
        "nauc_ndcg_at_10_max": -0.1936637917275888,
        "nauc_ndcg_at_10_std": 0.005018012392505275,
        "nauc_ndcg_at_1_diff1": 0.09095787496646088,
        "nauc_ndcg_at_1_max": -0.1522225203470174,
        "nauc_ndcg_at_1_std": -0.03953134782219847,
        "nauc_ndcg_at_20_diff1": 0.1405616385714692,
        "nauc_ndcg_at_20_max": -0.23886997497862117,
        "nauc_ndcg_at_20_std": -0.015447378484089783,
        "nauc_ndcg_at_3_diff1": 0.1680359901156079,
        "nauc_ndcg_at_3_max": -0.10040417740741024,
        "nauc_ndcg_at_3_std": 0.10075735643400198,
        "nauc_ndcg_at_5_diff1": 0.13202094829054598,
        "nauc_ndcg_at_5_max": -0.14673868923826622,
        "nauc_ndcg_at_5_std": 0.05795647332175899,
        "nauc_precision_at_1000_diff1": -0.21543181404754014,
        "nauc_precision_at_1000_max": 0.05008710474984888,
        "nauc_precision_at_1000_std": 0.2929747992366669,
        "nauc_precision_at_100_diff1": -0.027083765889219565,
        "nauc_precision_at_100_max": -0.31057281934159237,
        "nauc_precision_at_100_std": 0.043204835398066556,
        "nauc_precision_at_10_diff1": 0.11832229166861884,
        "nauc_precision_at_10_max": -0.23148139471686802,
        "nauc_precision_at_10_std": 0.08962021046318763,
        "nauc_precision_at_1_diff1": 0.09095787496646088,
        "nauc_precision_at_1_max": -0.1522225203470174,
        "nauc_precision_at_1_std": -0.03953134782219847,
        "nauc_precision_at_20_diff1": 0.14940286760428406,
        "nauc_precision_at_20_max": -0.2743044861923829,
        "nauc_precision_at_20_std": 0.08228841274729778,
        "nauc_precision_at_3_diff1": 0.22034879331605292,
        "nauc_precision_at_3_max": -0.0856129048493847,
        "nauc_precision_at_3_std": 0.1765860533004504,
        "nauc_precision_at_5_diff1": 0.1799712230215827,
        "nauc_precision_at_5_max": -0.15397601918465234,
        "nauc_precision_at_5_std": 0.12828776978417264,
        "nauc_recall_at_1000_diff1": 0.2963060177993199,
        "nauc_recall_at_1000_max": -0.07233149839180199,
        "nauc_recall_at_1000_std": -0.05280234787954693,
        "nauc_recall_at_100_diff1": 0.2684720929086637,
        "nauc_recall_at_100_max": -0.23248214142828713,
        "nauc_recall_at_100_std": -0.07150519268099233,
        "nauc_recall_at_10_diff1": 0.24675109420811878,
        "nauc_recall_at_10_max": -0.18379566162589572,
        "nauc_recall_at_10_std": -0.21539324066475535,
        "nauc_recall_at_1_diff1": -0.06337367148272154,
        "nauc_recall_at_1_max": -0.2025855585477339,
        "nauc_recall_at_1_std": -0.1980649493263932,
        "nauc_recall_at_20_diff1": 0.2747339821901954,
        "nauc_recall_at_20_max": -0.22026868077454673,
        "nauc_recall_at_20_std": -0.14712960281415105,
        "nauc_recall_at_3_diff1": -0.044540315557565484,
        "nauc_recall_at_3_max": -0.21079217021133223,
        "nauc_recall_at_3_std": -0.15835033768400114,
        "nauc_recall_at_5_diff1": -0.025540969814979424,
        "nauc_recall_at_5_max": -0.24119183186341067,
        "nauc_recall_at_5_std": -0.1683407191362187,
        "ndcg_at_1": 0.04286,