{
  "dataset_revision": "302cf2008f204285985099dcd46425b00356c610",
  "evaluation_time": 13.168665409088135,
  "kg_co2_emissions": 0.00047548298764964436,
  "mteb_version": "1.14.15",
  "scores": {
    "test": [
      {
        "cv_recall_at_1": 0.08574,
        "cv_recall_at_10": 0.46878,
        "cv_recall_at_100": 1.0,
        "cv_recall_at_1000": 1.0,
        "cv_recall_at_20": 0.82293,
        "cv_recall_at_3": 0.14259,
        "cv_recall_at_5": 0.24884,
        "hf_subset": "default",
        "languages": [
          "eng-Latn"
        ],
        "main_score": 0.23218,
        "map_at_1": 0.08574,
        "map_at_10": 0.16244,
        "map_at_100": 0.19499,
        "map_at_1000": 0.19499,
        "map_at_20": 0.18718,
        "map_at_3": 0.10966,
        "map_at_5": 0.13329,
        "mrr_at_1": 0.08574091332712022,
        "mrr_at_10": 0.1624447107205721,
        "mrr_at_100": 0.19499452541087958,
        "mrr_at_1000": 0.19499452541087958,
        "mrr_at_20": 0.18718406777283658,
        "mrr_at_3": 0.10966138552345442,
        "mrr_at_5": 0.1332867350108727,
        "nauc_cv_recall_at_1000_diff1": NaN,
        "nauc_cv_recall_at_1000_max": NaN,
        "nauc_cv_recall_at_1000_std": NaN,
        "nauc_cv_recall_at_100_diff1": NaN,
        "nauc_cv_recall_at_100_max": NaN,
        "nauc_cv_recall_at_100_std": NaN,
        "nauc_cv_recall_at_10_diff1": 0.17365958146523064,
        "nauc_cv_recall_at_10_max": 0.4562166168453914,
        "nauc_cv_recall_at_10_std": 0.24823341045423042,
        "nauc_cv_recall_at_1_diff1": 0.7178050547915759,
        "nauc_cv_recall_at_1_max": 0.7414180224128489,
        "nauc_cv_recall_at_1_std": -0.2264456330183897,
        "nauc_cv_recall_at_20_diff1": 0.3204594415948988,
        "nauc_cv_recall_at_20_max": 0.6941032518874517,
        "nauc_cv_recall_at_20_std": -0.0810247936759947,
        "nauc_cv_recall_at_3_diff1": 0.39679454943461406,
        "nauc_cv_recall_at_3_max": 0.5675001599478262,
        "nauc_cv_recall_at_3_std": -0.059039716702467854,
        "nauc_cv_recall_at_5_diff1": 0.18136078738177266,
        "nauc_cv_recall_at_5_max": 0.37202274335509955,
        "nauc_cv_recall_at_5_std": 0.09953767802233265,
        "nauc_map_at_1000_diff1": 0.47356818882961854,
        "nauc_map_at_1000_max": 0.5986544413668994,
        "nauc_map_at_1000_std": -0.07128161496673274,
        "nauc_map_at_100_diff1": 0.47356818882961854,
        "nauc_map_at_100_max": 0.5986544413668994,
        "nauc_map_at_100_std": -0.07128161496673274,
        "nauc_map_at_10_diff1": 0.4436624663503313,
        "nauc_map_at_10_max": 0.5800286340787267,
        "nauc_map_at_10_std": -0.03741527359184015,
        "nauc_map_at_1_diff1": 0.7178050547915759,
        "nauc_map_at_1_max": 0.7414180224128489,
        "nauc_map_at_1_std": -0.2264456330183897,
        "nauc_map_at_20_diff1": 0.46833631051088004,
        "nauc_map_at_20_max": 0.6021818413454852,
        "nauc_map_at_20_std": -0.07206497408439012,
        "nauc_map_at_3_diff1": 0.5484526691763915,
        "nauc_map_at_3_max": 0.645338273319619,
        "nauc_map_at_3_std": -0.13945530773073186,
        "nauc_map_at_5_diff1": 0.45776448051478,
        "nauc_map_at_5_max": 0.5675361725576497,
        "nauc_map_at_5_std": -0.07890228519764962,
        "nauc_mrr_at_1000_diff1": 0.47356818882961854,
        "nauc_mrr_at_1000_max": 0.5986544413668994,
        "nauc_mrr_at_1000_std": -0.07128161496673274,
        "nauc_mrr_at_100_diff1": 0.47356818882961854,
        "nauc_mrr_at_100_max": 0.5986544413668994,
        "nauc_mrr_at_100_std": -0.07128161496673274,
        "nauc_mrr_at_10_diff1": 0.4436624663503313,
        "nauc_mrr_at_10_max": 0.5800286340787267,
        "nauc_mrr_at_10_std": -0.03741527359184015,
        "nauc_mrr_at_1_diff1": 0.7178050547915759,
        "nauc_mrr_at_1_max": 0.7414180224128489,
        "nauc_mrr_at_1_std": -0.2264456330183897,
        "nauc_mrr_at_20_diff1": 0.46833631051088004,
        "nauc_mrr_at_20_max": 0.6021818413454852,
        "nauc_mrr_at_20_std": -0.07206497408439012,
        "nauc_mrr_at_3_diff1": 0.5484526691763915,
        "nauc_mrr_at_3_max": 0.645338273319619,
        "nauc_mrr_at_3_std": -0.13945530773073186,
        "nauc_mrr_at_5_diff1": 0.45776448051478,
        "nauc_mrr_at_5_max": 0.5675361725576497,
        "nauc_mrr_at_5_std": -0.07890228519764962,
        "nauc_ndcg_at_1000_diff1": 0.4411256170279077,
        "nauc_ndcg_at_1000_max": 0.5836299028518415,
        "nauc_ndcg_at_1000_std": -0.046144671479716785,
        "nauc_ndcg_at_100_diff1": 0.4411256170279077,
        "nauc_ndcg_at_100_max": 0.5836299028518415,
        "nauc_ndcg_at_100_std": -0.046144671479716785,
        "nauc_ndcg_at_10_diff1": 0.3481112757255367,
        "nauc_ndcg_at_10_max": 0.5341970710657511,
        "nauc_ndcg_at_10_std": 0.05865908370408254,
        "nauc_ndcg_at_1_diff1": 0.7178050547915759,
        "nauc_ndcg_at_1_max": 0.7414180224128489,
        "nauc_ndcg_at_1_std": -0.2264456330183897,
        "nauc_ndcg_at_20_diff1": 0.4195299727083017,
        "nauc_ndcg_at_20_max": 0.6040291420100654,
        "nauc_ndcg_at_20_std": -0.053258926987993775,
        "nauc_ndcg_at_3_diff1": 0.503318053253441,
        "nauc_ndcg_at_3_max": 0.6220038596113794,
        "nauc_ndcg_at_3_std": -0.11557487065249317,
        "nauc_ndcg_at_5_diff1": 0.36532295750264,
        "nauc_ndcg_at_5_max": 0.5024363112144218,
        "nauc_ndcg_at_5_std": -0.01989498758020952,
        "nauc_precision_at_1000_diff1": 1.0,
        "nauc_precision_at_1000_max": 1.0,
        "nauc_precision_at_1000_std": 1.0,
        "nauc_precision_at_100_diff1": NaN,
        "nauc_precision_at_100_max": NaN,
        "nauc_precision_at_100_std": NaN,
        "nauc_precision_at_10_diff1": 0.17365958146523036,
        "nauc_precision_at_10_max": 0.45621661684539117,
        "nauc_precision_at_10_std": 0.2482334104542303,
        "nauc_precision_at_1_diff1": 0.7178050547915759,
        "nauc_precision_at_1_max": 0.7414180224128489,
        "nauc_precision_at_1_std": -0.2264456330183897,
        "nauc_precision_at_20_diff1": 0.3204594415948999,
        "nauc_precision_at_20_max": 0.6941032518874523,
        "nauc_precision_at_20_std": -0.08102479367599306,
        "nauc_precision_at_3_diff1": 0.3967945494346137,
        "nauc_precision_at_3_max": 0.5675001599478259,
        "nauc_precision_at_3_std": -0.05903971670246803,
        "nauc_precision_at_5_diff1": 0.18136078738177275,
        "nauc_precision_at_5_max": 0.3720227433550998,
        "nauc_precision_at_5_std": 0.0995376780223328,
        "nauc_recall_at_1000_diff1": NaN,
        "nauc_recall_at_1000_max": NaN,
        "nauc_recall_at_1000_std": NaN,
        "nauc_recall_at_100_diff1": NaN,
        "nauc_recall_at_100_max": NaN,
        "nauc_recall_at_100_std": NaN,
        "nauc_recall_at_10_diff1": 0.17365958146523064,
        "nauc_recall_at_10_max": 0.4562166168453914,
        "nauc_recall_at_10_std": 0.24823341045423042,
        "nauc_recall_at_1_diff1": 0.7178050547915759,
        "nauc_recall_at_1_max": 0.7414180224128489,
        "nauc_recall_at_1_std": -0.2264456330183897,
        "nauc_recall_at_20_diff1": 0.3204594415948988,
        "nauc_recall_at_20_max": 0.6941032518874517,
        "nauc_recall_at_20_std": -0.0810247936759947,
        "nauc_recall_at_3_diff1": 0.39679454943461406,
        "nauc_recall_at_3_max": 0.5675001599478262,
        "nauc_recall_at_3_std": -0.059039716702467854,
        "nauc_recall_at_5_diff1": 0.18136078738177266,
        "nauc_recall_at_5_max": 0.37202274335509955,
        "nauc_recall_at_5_std": 0.09953767802233265,
        "ndcg_at_1": 0.08574,
        "ndcg_at_10": 0.23218,
        "ndcg_at_100": 0.36075,
        "ndcg_at_1000": 0.36075,
        "ndcg_at_20": 0.32197,
        "ndcg_at_3": 0.11807,
        "ndcg_at_5": 0.16125,
        "precision_at_1": 0.08574,
        "precision_at_10": 0.04688,
        "precision_at_100": 0.01,
        "precision_at_1000": 0.001,
        "precision_at_20": 0.04115,