{
  "dataset_revision": "f71ab9d4aabcda93d55a7e65edfb3a34767d89e6",
  "evaluation_time": 5.170795679092407,
  "kg_co2_emissions": 0.00021259290761343338,
  "mteb_version": "1.14.15",
  "scores": {
    "test": [
      {
        "cv_recall_at_1": 0.34286,
        "cv_recall_at_10": 0.68571,
        "cv_recall_at_100": 0.85714,
        "cv_recall_at_1000": 1.0,
        "cv_recall_at_20": 0.74286,
        "cv_recall_at_3": 0.5,
        "cv_recall_at_5": 0.54286,
        "hf_subset": "default",
        "languages": [
          "eng-Latn"
        ],
        "main_score": 0.34286,
        "map_at_1": 0.09748,
        "map_at_10": 0.15368,
        "map_at_100": 0.21485,
        "map_at_1000": 0.26114,
        "map_at_20": 0.17682,
        "map_at_3": 0.12327,
        "map_at_5": 0.13352,
        "mrr_at_1": 0.34285714285714286,
        "mrr_at_10": 0.435702947845805,
        "mrr_at_100": 0.44369436714079574,
        "mrr_at_1000": 0.4444874506526763,
        "mrr_at_20": 0.4393230777159349,
        "mrr_at_3": 0.40714285714285714,
        "mrr_at_5": 0.41714285714285715,
        "nauc_cv_recall_at_1000_diff1": NaN,
        "nauc_cv_recall_at_1000_max": NaN,
        "nauc_cv_recall_at_1000_std": NaN,
        "nauc_cv_recall_at_100_diff1": 0.5181243926141886,
        "nauc_cv_recall_at_100_max": -0.31924198250728686,
        "nauc_cv_recall_at_100_std": -0.7700194363459659,
        "nauc_cv_recall_at_10_diff1": 0.3620267705523922,
        "nauc_cv_recall_at_10_max": -0.6649435620817103,
        "nauc_cv_recall_at_10_std": -0.49100988912196597,
        "nauc_cv_recall_at_1_diff1": 0.34164965600665276,
        "nauc_cv_recall_at_1_max": -0.4131889317305512,
        "nauc_cv_recall_at_1_std": -0.38587737204203526,
        "nauc_cv_recall_at_20_diff1": 0.4720306289455228,
        "nauc_cv_recall_at_20_max": -0.6648059387421087,
        "nauc_cv_recall_at_20_std": -0.7108078092120647,
        "nauc_cv_recall_at_3_diff1": 0.33821262015798975,
        "nauc_cv_recall_at_3_max": -0.4878271628438183,
        "nauc_cv_recall_at_3_std": -0.46717426477586366,
        "nauc_cv_recall_at_5_diff1": 0.31982322729625395,
        "nauc_cv_recall_at_5_max": -0.5405701317832541,
        "nauc_cv_recall_at_5_std": -0.46832822391209133,
        "nauc_map_at_1000_diff1": 0.3752275097054209,
        "nauc_map_at_1000_max": -0.32605074200468454,
        "nauc_map_at_1000_std": -0.40056643961502986,
        "nauc_map_at_100_diff1": 0.4139194034498973,
        "nauc_map_at_100_max": -0.34593039723159796,
        "nauc_map_at_100_std": -0.4409677751177053,
        "nauc_map_at_10_diff1": 0.4728985766108879,
        "nauc_map_at_10_max": -0.36533447108887496,
        "nauc_map_at_10_std": -0.4275809468370556,
        "nauc_map_at_1_diff1": 0.527361590796174,
        "nauc_map_at_1_max": -0.28423408606725264,
        "nauc_map_at_1_std": -0.4168402550388699,
        "nauc_map_at_20_diff1": 0.44283009528310024,
        "nauc_map_at_20_max": -0.3734027007744674,
        "nauc_map_at_20_std": -0.4313793176360285,
        "nauc_map_at_3_diff1": 0.47542028765715866,
        "nauc_map_at_3_max": -0.33355510594587323,
        "nauc_map_at_3_std": -0.41510407142591615,
        "nauc_map_at_5_diff1": 0.4793560636139727,
        "nauc_map_at_5_max": -0.34809949556026687,
        "nauc_map_at_5_std": -0.4200288870115813,
        "nauc_mrr_at_1000_diff1": 0.34092798092786425,
        "nauc_mrr_at_1000_max": -0.45946501534137335,
        "nauc_mrr_at_1000_std": -0.4110210974970801,
        "nauc_mrr_at_100_diff1": 0.3413014277430352,
        "nauc_mrr_at_100_max": -0.459113269900654,
        "nauc_mrr_at_100_std": -0.41181966025052597,
        "nauc_mrr_at_10_diff1": 0.3390694347605991,
        "nauc_mrr_at_10_max": -0.4672665743936969,
        "nauc_mrr_at_10_std": -0.4047427606152222,
        "nauc_mrr_at_1_diff1": 0.34164965600665276,
        "nauc_mrr_at_1_max": -0.4131889317305512,
        "nauc_mrr_at_1_std": -0.38587737204203526,
        "nauc_mrr_at_20_diff1": 0.3419402751953973,
        "nauc_mrr_at_20_max": -0.46775090366167227,
        "nauc_mrr_at_20_std": -0.41421829102956625,
        "nauc_mrr_at_3_diff1": 0.33863991670519994,
        "nauc_mrr_at_3_max": -0.446646346258497,
        "nauc_mrr_at_3_std": -0.4073612723217796,
        "nauc_mrr_at_5_diff1": 0.33472488096055225,
        "nauc_mrr_at_5_max": -0.4573657008773201,
        "nauc_mrr_at_5_std": -0.4055520811883354,
        "nauc_ndcg_at_1000_diff1": 0.2774892051075132,
        "nauc_ndcg_at_1000_max": -0.17887188500518605,
        "nauc_ndcg_at_1000_std": -0.21760633915626354,
        "nauc_ndcg_at_100_diff1": 0.36374061791850887,
        "nauc_ndcg_at_100_max": -0.38222792226723923,
        "nauc_ndcg_at_100_std": -0.5031209283865667,
        "nauc_ndcg_at_10_diff1": 0.35780517090746233,
        "nauc_ndcg_at_10_max": -0.37831363037128984,
        "nauc_ndcg_at_10_std": -0.378144076019061,
        "nauc_ndcg_at_1_diff1": 0.34164965600665276,
        "nauc_ndcg_at_1_max": -0.4131889317305512,
        "nauc_ndcg_at_1_std": -0.38587737204203526,
        "nauc_ndcg_at_20_diff1": 0.35766393295037036,
        "nauc_ndcg_at_20_max": -0.4390892994097642,
        "nauc_ndcg_at_20_std": -0.4421410263739123,
        "nauc_ndcg_at_3_diff1": 0.2865747671031677,
        "nauc_ndcg_at_3_max": -0.3872620505282702,
        "nauc_ndcg_at_3_std": -0.3684607337843132,
        "nauc_ndcg_at_5_diff1": 0.329325256680452,
        "nauc_ndcg_at_5_max": -0.37467211558559416,
        "nauc_ndcg_at_5_std": -0.3839396346092061,
        "nauc_precision_at_1000_diff1": -0.3056712522429449,
        "nauc_precision_at_1000_max": 0.27436266128561293,
        "nauc_precision_at_1000_std": 0.38299168071339235,
        "nauc_precision_at_100_diff1": -0.1615393083203376,
        "nauc_precision_at_100_max": -0.05988900100908157,
        "nauc_precision_at_100_std": -0.10772681405375634,
        "nauc_precision_at_10_diff1": 0.11598972265240025,
        "nauc_precision_at_10_max": -0.2743911023511193,
        "nauc_precision_at_10_std": -0.19536463466141055,
        "nauc_precision_at_1_diff1": 0.34164965600665276,
        "nauc_precision_at_1_max": -0.4131889317305512,
        "nauc_precision_at_1_std": -0.38587737204203526,
        "nauc_precision_at_20_diff1": 0.020977688107684526,
        "nauc_precision_at_20_max": -0.25413800878157394,
        "nauc_precision_at_20_std": -0.19487284383070014,
        "nauc_precision_at_3_diff1": 0.14767752619238916,
        "nauc_precision_at_3_max": -0.3538062992900591,
        "nauc_precision_at_3_std": -0.29296945450968154,
        "nauc_precision_at_5_diff1": 0.17724134148348122,
        "nauc_precision_at_5_max": -0.32777733763186606,
        "nauc_precision_at_5_std": -0.2950690792079812,
        "nauc_recall_at_1000_diff1": NaN,
        "nauc_recall_at_1000_max": NaN,
        "nauc_recall_at_1000_std": NaN,
        "nauc_recall_at_100_diff1": 0.2707294862942728,
        "nauc_recall_at_100_max": -0.27303961713564784,
        "nauc_recall_at_100_std": -0.4716321666473829,
        "nauc_recall_at_10_diff1": 0.4378892176682724,
        "nauc_recall_at_10_max": -0.40139217505873487,
        "nauc_recall_at_10_std": -0.42810881716368265,
        "nauc_recall_at_1_diff1": 0.527361590796174,
        "nauc_recall_at_1_max": -0.28423408606725264,
        "nauc_recall_at_1_std": -0.4168402550388699,
        "nauc_recall_at_20_diff1": 0.34425077145925775,
        "nauc_recall_at_20_max": -0.4076684480826039,
        "nauc_recall_at_20_std": -0.4348212116550684,
        "nauc_recall_at_3_diff1": 0.450242872603541,
        "nauc_recall_at_3_max": -0.33881907664382604,
        "nauc_recall_at_3_std": -0.4024877393215399,
        "nauc_recall_at_5_diff1": 0.4494686193655634,
        "nauc_recall_at_5_max": -0.3580131055024219,
        "nauc_recall_at_5_std": -0.4109893666154364,
        "ndcg_at_1": 0.34286,
        "ndcg_at_10": 0.29701,
        "ndcg_at_100": 0.36685,
        "ndcg_at_1000": 0.58197,
        "ndcg_at_20": 0.3091,