{
  "dataset_revision": "f8f82d4eb1aa4dc4dbf2c768596c8110a3703765",
  "evaluation_time": 422.3632276058197,
  "kg_co2_emissions": 0.018648694827731734,
  "mteb_version": "1.14.15",
  "scores": {
    "test": [
      {
        "cv_recall_at_1": 0.61436,
        "cv_recall_at_10": 0.81949,
        "cv_recall_at_100": 0.92382,
        "cv_recall_at_1000": 0.96622,
        "cv_recall_at_20": 0.85872,
        "cv_recall_at_3": 0.72951,
        "cv_recall_at_5": 0.77246,
        "hf_subset": "default",
        "languages": [
          "eng-Latn"
        ],
        "main_score": 0.61436,
        "map_at_1": 0.06083,
        "map_at_10": 0.1388,
        "map_at_100": 0.21234,
        "map_at_1000": 0.24009,
        "map_at_20": 0.16335,
        "map_at_3": 0.09657,
        "map_at_5": 0.11412,
        "mrr_at_1": 0.9998166867438328,
        "mrr_at_10": 0.9998865203652296,
        "mrr_at_100": 0.9998865203652296,
        "mrr_at_1000": 0.9998865203652296,
        "mrr_at_20": 0.9998865203652296,
        "mrr_at_3": 0.9998865203652296,
        "mrr_at_5": 0.9998865203652296,
        "nauc_cv_recall_at_1000_diff1": -0.6667591429684658,
        "nauc_cv_recall_at_1000_max": -0.011087181593780094,
        "nauc_cv_recall_at_1000_std": 0.22513043201009975,
        "nauc_cv_recall_at_100_diff1": -0.47381313924232055,
        "nauc_cv_recall_at_100_max": -0.007187946067971792,
        "nauc_cv_recall_at_100_std": 0.3667100025821716,
        "nauc_cv_recall_at_10_diff1": -0.34646159991479225,
        "nauc_cv_recall_at_10_max": -0.012165094089193015,
        "nauc_cv_recall_at_10_std": 0.4216824668149205,
        "nauc_cv_recall_at_1_diff1": -0.266682501980393,
        "nauc_cv_recall_at_1_max": -0.010390163091902448,
        "nauc_cv_recall_at_1_std": 0.3829286340245897,
        "nauc_cv_recall_at_20_diff1": -0.3790799859319091,
        "nauc_cv_recall_at_20_max": -0.005273040027902191,
        "nauc_cv_recall_at_20_std": 0.42081180706555915,
        "nauc_cv_recall_at_3_diff1": -0.3005352278280442,
        "nauc_cv_recall_at_3_max": -0.006094734232322683,
        "nauc_cv_recall_at_3_std": 0.4124200655086197,
        "nauc_cv_recall_at_5_diff1": -0.3154346127206242,
        "nauc_cv_recall_at_5_max": -0.004694601454280885,
        "nauc_cv_recall_at_5_std": 0.41970972448442323,
        "nauc_map_at_1000_diff1": 0.06674618154630865,
        "nauc_map_at_1000_max": -0.006296946864959111,
        "nauc_map_at_1000_std": 0.47751961702532464,
        "nauc_map_at_100_diff1": 0.11512850051146765,
        "nauc_map_at_100_max": -0.004211292253930018,
        "nauc_map_at_100_std": 0.4022369848049809,
        "nauc_map_at_10_diff1": 0.2536735885053674,
        "nauc_map_at_10_max": 0.0063320706368282876,
        "nauc_map_at_10_std": 0.1409157802130704,
        "nauc_map_at_1_diff1": 0.38113336610818566,
        "nauc_map_at_1_max": 0.010400423672597236,
        "nauc_map_at_1_std": -0.010367768601485399,
        "nauc_map_at_20_diff1": 0.21192843098922534,
        "nauc_map_at_20_max": 0.0023440315901106304,
        "nauc_map_at_20_std": 0.2215479149601196,
        "nauc_map_at_3_diff1": 0.31362117844897247,
        "nauc_map_at_3_max": 0.009847347868914783,
        "nauc_map_at_3_std": 0.04124649324443946,
        "nauc_map_at_5_diff1": 0.2886237084819168,
        "nauc_map_at_5_max": 0.009320558314579945,
        "nauc_map_at_5_std": 0.07662698365728773,
        "nauc_mrr_at_1000_diff1": 0.8768215016561858,
        "nauc_mrr_at_1000_max": -0.07556001450609803,
        "nauc_mrr_at_1000_std": -1.0033687920098338,
        "nauc_mrr_at_100_diff1": 0.8768215016561858,
        "nauc_mrr_at_100_max": -0.07556001450609803,
        "nauc_mrr_at_100_std": -1.0033687920098338,
        "nauc_mrr_at_10_diff1": 0.8768215016561858,
        "nauc_mrr_at_10_max": -0.07556001450609803,
        "nauc_mrr_at_10_std": -1.0033687920098338,
        "nauc_mrr_at_1_diff1": 0.8856199658231194,
        "nauc_mrr_at_1_max": -0.09850800778091072,
        "nauc_mrr_at_1_std": -0.9120252937501067,
        "nauc_mrr_at_20_diff1": 0.8768215016561858,
        "nauc_mrr_at_20_max": -0.07556001450609803,
        "nauc_mrr_at_20_std": -1.0033687920098338,
        "nauc_mrr_at_3_diff1": 0.8768215016561858,
        "nauc_mrr_at_3_max": -0.07556001450609803,
        "nauc_mrr_at_3_std": -1.0033687920098338,
        "nauc_mrr_at_5_diff1": 0.8768215016561858,
        "nauc_mrr_at_5_max": -0.07556001450609803,
        "nauc_mrr_at_5_std": -1.0033687920098338,
        "nauc_ndcg_at_1000_diff1": 0.008306338652629133,
        "nauc_ndcg_at_1000_max": -0.0077231996006227755,
        "nauc_ndcg_at_1000_std": 0.4951420677560811,
        "nauc_ndcg_at_100_diff1": 0.009862335667706867,
        "nauc_ndcg_at_100_max": -0.00845536172037812,
        "nauc_ndcg_at_100_std": 0.5219153624091409,
        "nauc_ndcg_at_10_diff1": -0.15850519000395477,
        "nauc_ndcg_at_10_max": -0.012539640003090529,
        "nauc_ndcg_at_10_std": 0.5020825404189144,
        "nauc_ndcg_at_1_diff1": 0.8856199658231194,
        "nauc_ndcg_at_1_max": -0.09850800778091072,
        "nauc_ndcg_at_1_std": -0.9120252937501067,
        "nauc_ndcg_at_20_diff1": -0.11940920922841036,
        "nauc_ndcg_at_20_max": -0.0126147033760526,
        "nauc_ndcg_at_20_std": 0.5302685987224662,
        "nauc_ndcg_at_3_diff1": -0.20918044126092428,
        "nauc_ndcg_at_3_max": -0.0053462174801935285,
        "nauc_ndcg_at_3_std": 0.4271898125346368,
        "nauc_ndcg_at_5_diff1": -0.18858136269785003,
        "nauc_ndcg_at_5_max": -0.0075302888770401736,
        "nauc_ndcg_at_5_std": 0.4583107476181929,
        "nauc_precision_at_1000_diff1": -0.25711504321906614,
        "nauc_precision_at_1000_max": -0.011492051227916753,
        "nauc_precision_at_1000_std": 0.45679543614024853,
        "nauc_precision_at_100_diff1": -0.2667093442355036,
        "nauc_precision_at_100_max": -0.016833713721046632,
        "nauc_precision_at_100_std": 0.5557139092439314,
        "nauc_precision_at_10_diff1": -0.24873568606876262,
        "nauc_precision_at_10_max": -0.01544350237657177,
        "nauc_precision_at_10_std": 0.4792598873322844,
        "nauc_precision_at_1_diff1": 0.8856199658231194,
        "nauc_precision_at_1_max": -0.09850800778091072,
        "nauc_precision_at_1_std": -0.9120252937501067,
        "nauc_precision_at_20_diff1": -0.25495466687804297,
        "nauc_precision_at_20_max": -0.01693614249338449,
        "nauc_precision_at_20_std": 0.5099963902999088,
        "nauc_precision_at_3_diff1": -0.2555396627860058,
        "nauc_precision_at_3_max": -0.00707519604940046,
        "nauc_precision_at_3_std": 0.410711033663079,
        "nauc_precision_at_5_diff1": -0.2510100895791117,
        "nauc_precision_at_5_max": -0.00971599219652534,
        "nauc_precision_at_5_std": 0.4396544524503142,
        "nauc_recall_at_1000_diff1": 0.03862858630551674,
        "nauc_recall_at_1000_max": -0.005857037359719903,
        "nauc_recall_at_1000_std": 0.4327537331653416,
        "nauc_recall_at_100_diff1": 0.12745027822098842,
        "nauc_recall_at_100_max": -0.003405170919851518,
        "nauc_recall_at_100_std": 0.37682699904069344,
        "nauc_recall_at_10_diff1": 0.2596427747806368,
        "nauc_recall_at_10_max": 0.005885531739688056,
        "nauc_recall_at_10_std": 0.1336443630932645,
        "nauc_recall_at_1_diff1": 0.38113336610818566,
        "nauc_recall_at_1_max": 0.010400423672597236,
        "nauc_recall_at_1_std": -0.010367768601485399,
        "nauc_recall_at_20_diff1": 0.22211287304744762,
        "nauc_recall_at_20_max": 0.0022658241216401867,
        "nauc_recall_at_20_std": 0.20781872967932455,
        "nauc_recall_at_3_diff1": 0.31461545332041113,
        "nauc_recall_at_3_max": 0.010148231550474927,
        "nauc_recall_at_3_std": 0.04073400438511987,
        "nauc_recall_at_5_diff1": 0.29097374797930414,
        "nauc_recall_at_5_max": 0.009614239114313201,
        "nauc_recall_at_5_std": 0.07437097709862645,