{
  "dataset_revision": "c8b8c1b7a2f0a92f1bfaaa1c9afc22aa42c61d5b",
  "evaluation_time": 2433.344910621643,
  "kg_co2_emissions": 0.11029293697172393,
  "mteb_version": "1.14.15",
  "scores": {
    "test": [
      {
        "cv_recall_at_1": 0.70911,
        "cv_recall_at_10": 0.86821,
        "cv_recall_at_100": 0.95988,
        "cv_recall_at_1000": 0.98115,
        "cv_recall_at_20": 0.90122,
        "cv_recall_at_3": 0.79596,
        "cv_recall_at_5": 0.82956,
        "hf_subset": "default",
        "languages": [
          "eng-Latn"
        ],
        "main_score": 0.70911,
        "map_at_1": 0.00709,
        "map_at_10": 0.06424,
        "map_at_100": 0.43667,
        "map_at_1000": 0.49421,
        "map_at_20": 0.12232,
        "map_at_3": 0.02042,
        "map_at_5": 0.03327,
        "mrr_at_1": 0.709105602734463,
        "mrr_at_10": 0.7606054282976121,
        "mrr_at_100": 0.7644472792769179,
        "mrr_at_1000": 0.764585124065086,
        "mrr_at_20": 0.7629178957357846,
        "mrr_at_3": 0.7477135526379913,
        "mrr_at_5": 0.7553850196296716,
        "nauc_cv_recall_at_1000_diff1": -0.08511017100193055,
        "nauc_cv_recall_at_1000_max": 0.7735189535550013,
        "nauc_cv_recall_at_1000_std": 0.6958305546018129,
        "nauc_cv_recall_at_100_diff1": -0.06926300231209674,
        "nauc_cv_recall_at_100_max": 0.7748955874125186,
        "nauc_cv_recall_at_100_std": 0.7092448746387378,
        "nauc_cv_recall_at_10_diff1": -0.06475397100790993,
        "nauc_cv_recall_at_10_max": 0.725897222866882,
        "nauc_cv_recall_at_10_std": 0.6971150084682651,
        "nauc_cv_recall_at_1_diff1": -0.03668407195274956,
        "nauc_cv_recall_at_1_max": 0.752905154191504,
        "nauc_cv_recall_at_1_std": 0.7502739006867322,
        "nauc_cv_recall_at_20_diff1": -0.05761674796059113,
        "nauc_cv_recall_at_20_max": 0.7177164527053521,
        "nauc_cv_recall_at_20_std": 0.6788166171492115,
        "nauc_cv_recall_at_3_diff1": -0.057666337873502053,
        "nauc_cv_recall_at_3_max": 0.7338708590370479,
        "nauc_cv_recall_at_3_std": 0.722803521800993,
        "nauc_cv_recall_at_5_diff1": -0.054239749748759024,
        "nauc_cv_recall_at_5_max": 0.7308227664130607,
        "nauc_cv_recall_at_5_std": 0.7126626236601973,
        "nauc_map_at_1000_diff1": -0.10346224467624583,
        "nauc_map_at_1000_max": 0.707697567854056,
        "nauc_map_at_1000_std": 0.6468276308552825,
        "nauc_map_at_100_diff1": -0.1034484435290315,
        "nauc_map_at_100_max": 0.7187043326152885,
        "nauc_map_at_100_std": 0.6432080065486161,
        "nauc_map_at_10_diff1": -0.06244452101581358,
        "nauc_map_at_10_max": 0.7803456779695735,
        "nauc_map_at_10_std": 0.774116965939417,
        "nauc_map_at_1_diff1": -0.036684071952750315,
        "nauc_map_at_1_max": 0.7529051541915026,
        "nauc_map_at_1_std": 0.750273900686732,
        "nauc_map_at_20_diff1": -0.07420633445348537,
        "nauc_map_at_20_max": 0.7766062658168426,
        "nauc_map_at_20_std": 0.7670258209386884,
        "nauc_map_at_3_diff1": -0.04550652748384144,
        "nauc_map_at_3_max": 0.7689017811147779,
        "nauc_map_at_3_std": 0.7644599665282871,
        "nauc_map_at_5_diff1": -0.05256832214253512,
        "nauc_map_at_5_max": 0.7760085934976754,
        "nauc_map_at_5_std": 0.7712310935991398,
        "nauc_mrr_at_1000_diff1": -0.044790049081311886,
        "nauc_mrr_at_1000_max": 0.7468282178785921,
        "nauc_mrr_at_1000_std": 0.7393460207490805,
        "nauc_mrr_at_100_diff1": -0.04479638377817544,
        "nauc_mrr_at_100_max": 0.746840437170827,
        "nauc_mrr_at_100_std": 0.7393280233650787,
        "nauc_mrr_at_10_diff1": -0.0451720060901644,
        "nauc_mrr_at_10_max": 0.746423769791781,
        "nauc_mrr_at_10_std": 0.7390126223409929,
        "nauc_mrr_at_1_diff1": -0.03668407195274956,
        "nauc_mrr_at_1_max": 0.752905154191504,
        "nauc_mrr_at_1_std": 0.7502739006867322,
        "nauc_mrr_at_20_diff1": -0.04478452017765791,
        "nauc_mrr_at_20_max": 0.7463461878700025,
        "nauc_mrr_at_20_std": 0.7388035637112893,
        "nauc_mrr_at_3_diff1": -0.045589851594083124,
        "nauc_mrr_at_3_max": 0.7466227704709767,
        "nauc_mrr_at_3_std": 0.7408509277301834,
        "nauc_mrr_at_5_diff1": -0.04464848619564624,
        "nauc_mrr_at_5_max": 0.7464825575228854,
        "nauc_mrr_at_5_std": 0.7396606186946596,
        "nauc_ndcg_at_1000_diff1": -0.0966899313428719,
        "nauc_ndcg_at_1000_max": 0.7033847912554377,
        "nauc_ndcg_at_1000_std": 0.65501154885177,
        "nauc_ndcg_at_100_diff1": -0.09833933898471076,
        "nauc_ndcg_at_100_max": 0.7296109760240993,
        "nauc_ndcg_at_100_std": 0.6643457990253991,
        "nauc_ndcg_at_10_diff1": -0.060652838560253254,
        "nauc_ndcg_at_10_max": 0.7746118667364261,
        "nauc_ndcg_at_10_std": 0.7671417231571142,
        "nauc_ndcg_at_1_diff1": -0.03668407195274956,
        "nauc_ndcg_at_1_max": 0.752905154191504,
        "nauc_ndcg_at_1_std": 0.7502739006867322,
        "nauc_ndcg_at_20_diff1": -0.07031260483749607,
        "nauc_ndcg_at_20_max": 0.7736559365697387,
        "nauc_ndcg_at_20_std": 0.7635883828554605,
        "nauc_ndcg_at_3_diff1": -0.047201399595112055,
        "nauc_ndcg_at_3_max": 0.7638108480590118,
        "nauc_ndcg_at_3_std": 0.7586635292986205,
        "nauc_ndcg_at_5_diff1": -0.05256121483797285,
        "nauc_ndcg_at_5_max": 0.770127906753452,
        "nauc_ndcg_at_5_std": 0.7641792206398247,
        "nauc_precision_at_1000_diff1": -0.10090635848934945,
        "nauc_precision_at_1000_max": 0.6472134522340749,
        "nauc_precision_at_1000_std": 0.593363185993014,
        "nauc_precision_at_100_diff1": -0.10542419000925146,
        "nauc_precision_at_100_max": 0.7119783819340663,
        "nauc_precision_at_100_std": 0.6309185707887386,
        "nauc_precision_at_10_diff1": -0.06602993275655067,
        "nauc_precision_at_10_max": 0.7749177863413523,
        "nauc_precision_at_10_std": 0.7664329466277188,
        "nauc_precision_at_1_diff1": -0.03668407195274956,
        "nauc_precision_at_1_max": 0.752905154191504,
        "nauc_precision_at_1_std": 0.7502739006867322,
        "nauc_precision_at_20_diff1": -0.07671991850271595,
        "nauc_precision_at_20_max": 0.7708153990334446,
        "nauc_precision_at_20_std": 0.7591449889266014,
        "nauc_precision_at_3_diff1": -0.04981897152497404,
        "nauc_precision_at_3_max": 0.7639944216642564,
        "nauc_precision_at_3_std": 0.7582088216004449,
        "nauc_precision_at_5_diff1": -0.056523297154189904,
        "nauc_precision_at_5_max": 0.7719874333702357,
        "nauc_precision_at_5_std": 0.7653411172273943,
        "nauc_recall_at_1000_diff1": -0.10090635848934996,
        "nauc_recall_at_1000_max": 0.6472134522340752,
        "nauc_recall_at_1000_std": 0.5933631859930143,
        "nauc_recall_at_100_diff1": -0.10542419000925146,
        "nauc_recall_at_100_max": 0.7119783819340663,
        "nauc_recall_at_100_std": 0.6309185707887386,
        "nauc_recall_at_10_diff1": -0.0660299327565508,
        "nauc_recall_at_10_max": 0.7749177863413519,
        "nauc_recall_at_10_std": 0.7664329466277181,
        "nauc_recall_at_1_diff1": -0.036684071952750315,
        "nauc_recall_at_1_max": 0.7529051541915026,
        "nauc_recall_at_1_std": 0.750273900686732,
        "nauc_recall_at_20_diff1": -0.07671991850271641,
        "nauc_recall_at_20_max": 0.7708153990334451,
        "nauc_recall_at_20_std": 0.7591449889266023,
        "nauc_recall_at_3_diff1": -0.049818971524974553,
        "nauc_recall_at_3_max": 0.7639944216642564,
        "nauc_recall_at_3_std": 0.7582088216004442,
        "nauc_recall_at_5_diff1": -0.05652329715419024,
        "nauc_recall_at_5_max": 0.7719874333702362,
        "nauc_recall_at_5_std": 0.7653411172273946,
        "ndcg_at_1": 0.70911,
        "ndcg_at_10": 0.69392,
        "ndcg_at_100": 0.55468,
        "ndcg_at_1000": 0.64731,