{
  "dataset_revision": "b27a0612211af3598bd11fe28af20928f20cce06",
  "evaluation_time": 148.3468816280365,
  "kg_co2_emissions": 0.005471279842869012,
  "mteb_version": "1.14.15",
  "scores": {
    "test": [
      {
        "cv_recall_at_1": 0.90648,
        "cv_recall_at_10": 0.99478,
        "cv_recall_at_100": 0.9995,
        "cv_recall_at_1000": 1.0,
        "cv_recall_at_20": 0.99801,
        "cv_recall_at_3": 0.97451,
        "cv_recall_at_5": 0.98632,
        "hf_subset": "default",
        "languages": [
          "eng-Latn"
        ],
        "main_score": 0.90648,
        "map_at_1": 0.0,
        "map_at_10": 0.13997,
        "map_at_100": 0.57629,
        "map_at_1000": 0.60414,
        "map_at_20": 0.28905,
        "map_at_3": 0.02565,
        "map_at_5": 0.05766,
        "mrr_at_1": 0.00012436264146250465,
        "mrr_at_10": 0.4776933888425018,
        "mrr_at_100": 0.4780478555895433,
        "mrr_at_1000": 0.4780513591620298,
        "mrr_at_20": 0.4779947379400935,
        "mrr_at_3": 0.47023587447664267,
        "mrr_at_5": 0.4760000829084295,
        "nauc_cv_recall_at_1000_diff1": NaN,
        "nauc_cv_recall_at_1000_max": NaN,
        "nauc_cv_recall_at_1000_std": NaN,
        "nauc_cv_recall_at_100_diff1": -1.7401334875861458,
        "nauc_cv_recall_at_100_max": -0.49947094497550765,
        "nauc_cv_recall_at_100_std": 0.7071722665780527,
        "nauc_cv_recall_at_10_diff1": -0.42001661526972767,
        "nauc_cv_recall_at_10_max": -0.06589865201123896,
        "nauc_cv_recall_at_10_std": -0.001320961499557674,
        "nauc_cv_recall_at_1_diff1": -0.30740850223157545,
        "nauc_cv_recall_at_1_max": 0.03166841964046061,
        "nauc_cv_recall_at_1_std": -0.259351475660395,
        "nauc_cv_recall_at_20_diff1": -1.0124432506683692,
        "nauc_cv_recall_at_20_max": -0.1364051007807917,
        "nauc_cv_recall_at_20_std": 0.3595966341123829,
        "nauc_cv_recall_at_3_diff1": -0.27899197772574563,
        "nauc_cv_recall_at_3_max": 0.030815848600869104,
        "nauc_cv_recall_at_3_std": -0.19107264910818356,
        "nauc_cv_recall_at_5_diff1": -0.3773775745148625,
        "nauc_cv_recall_at_5_max": -0.01918729021830849,
        "nauc_cv_recall_at_5_std": -0.06676318563472335,
        "nauc_map_at_1000_diff1": -0.20811407784393704,
        "nauc_map_at_1000_max": 0.008948683074103828,
        "nauc_map_at_1000_std": 0.08663478494098088,
        "nauc_map_at_100_diff1": -0.20574123828323249,
        "nauc_map_at_100_max": 0.009413141148820659,
        "nauc_map_at_100_std": 0.07939121722293838,
        "nauc_map_at_10_diff1": -0.21323357798574977,
        "nauc_map_at_10_max": 0.022072999824853737,
        "nauc_map_at_10_std": -0.1610550139294873,
        "nauc_map_at_1_diff1": -0.5746685568283685,
        "nauc_map_at_1_max": -0.3184642642494181,
        "nauc_map_at_1_std": 0.661917627637042,
        "nauc_map_at_20_diff1": -0.2088165978054131,
        "nauc_map_at_20_max": 0.01752738741650676,
        "nauc_map_at_20_std": -0.10631265445224464,
        "nauc_map_at_3_diff1": -0.21460510686973983,
        "nauc_map_at_3_max": 0.021200120316172487,
        "nauc_map_at_3_std": -0.16903656455271923,
        "nauc_map_at_5_diff1": -0.21949330620051596,
        "nauc_map_at_5_max": 0.017374038074901534,
        "nauc_map_at_5_std": -0.17250167392984142,
        "nauc_mrr_at_1000_diff1": -0.3075014344815032,
        "nauc_mrr_at_1000_max": 0.020068855554406507,
        "nauc_mrr_at_1000_std": -0.23703944004397065,
        "nauc_mrr_at_100_diff1": -0.30772832219964613,
        "nauc_mrr_at_100_max": 0.02000466906633545,
        "nauc_mrr_at_100_std": -0.2369012879479759,
        "nauc_mrr_at_10_diff1": -0.3075151739900856,
        "nauc_mrr_at_10_max": 0.018795091372046505,
        "nauc_mrr_at_10_std": -0.23420020219846927,
        "nauc_mrr_at_1_diff1": -0.5746685568283684,
        "nauc_mrr_at_1_max": -0.318464264249418,
        "nauc_mrr_at_1_std": 0.6619176276370419,
        "nauc_mrr_at_20_diff1": -0.30837208366518476,
        "nauc_mrr_at_20_max": 0.02006253570390692,
        "nauc_mrr_at_20_std": -0.23608385045090488,
        "nauc_mrr_at_3_diff1": -0.28688829582919045,
        "nauc_mrr_at_3_max": 0.011675669417944701,
        "nauc_mrr_at_3_std": -0.26716383522563064,
        "nauc_mrr_at_5_diff1": -0.30395405766025013,
        "nauc_mrr_at_5_max": 0.02313313258480407,
        "nauc_mrr_at_5_std": -0.23107417563094373,
        "nauc_ndcg_at_1000_diff1": -0.25238583313828267,
        "nauc_ndcg_at_1000_max": 0.010591168898359243,
        "nauc_ndcg_at_1000_std": 0.13951772800799084,
        "nauc_ndcg_at_100_diff1": -0.24801088137332492,
        "nauc_ndcg_at_100_max": 0.011765653893363667,
        "nauc_ndcg_at_100_std": 0.1622482806689622,
        "nauc_ndcg_at_10_diff1": -0.23770877611861974,
        "nauc_ndcg_at_10_max": 0.022120807211678372,
        "nauc_ndcg_at_10_std": -0.17045789210203938,
        "nauc_ndcg_at_1_diff1": -0.5746685568283684,
        "nauc_ndcg_at_1_max": -0.318464264249418,
        "nauc_ndcg_at_1_std": 0.6619176276370419,
        "nauc_ndcg_at_20_diff1": -0.2146901896972712,
        "nauc_ndcg_at_20_max": 0.015015555891951,
        "nauc_ndcg_at_20_std": -0.09046313879582941,
        "nauc_ndcg_at_3_diff1": -0.2941303559225113,
        "nauc_ndcg_at_3_max": 0.026882956009286925,
        "nauc_ndcg_at_3_std": -0.2329733789993953,
        "nauc_ndcg_at_5_diff1": -0.2758682274285563,
        "nauc_ndcg_at_5_max": 0.022299550960275045,
        "nauc_ndcg_at_5_std": -0.20996666670012176,
        "nauc_precision_at_1000_diff1": -0.014602250515032882,
        "nauc_precision_at_1000_max": -0.012683758959948294,
        "nauc_precision_at_1000_std": 0.24162884404077364,
        "nauc_precision_at_100_diff1": -0.1765332549781583,
        "nauc_precision_at_100_max": 0.0024185686914395053,
        "nauc_precision_at_100_std": 0.2936166621541585,
        "nauc_precision_at_10_diff1": -0.22723906400203794,
        "nauc_precision_at_10_max": 0.02005369659613465,
        "nauc_precision_at_10_std": -0.1591531787998811,
        "nauc_precision_at_1_diff1": -0.5746685568283684,
        "nauc_precision_at_1_max": -0.318464264249418,
        "nauc_precision_at_1_std": 0.6619176276370419,
        "nauc_precision_at_20_diff1": -0.2040931388061534,
        "nauc_precision_at_20_max": 0.012680867714506685,
        "nauc_precision_at_20_std": -0.06862786907563713,
        "nauc_precision_at_3_diff1": -0.2924387983501685,
        "nauc_precision_at_3_max": 0.02628812909216566,
        "nauc_precision_at_3_std": -0.2309324967096384,
        "nauc_precision_at_5_diff1": -0.2717458949890558,
        "nauc_precision_at_5_max": 0.020424074691351733,
        "nauc_precision_at_5_std": -0.2044540377578732,
        "nauc_recall_at_1000_diff1": -0.30092648017350593,
        "nauc_recall_at_1000_max": -0.001580815195284803,
        "nauc_recall_at_1000_std": 0.6562227975430944,
        "nauc_recall_at_100_diff1": -0.2511520493104862,
        "nauc_recall_at_100_max": 0.009966942582272915,
        "nauc_recall_at_100_std": 0.302561129822346,
        "nauc_recall_at_10_diff1": -0.20401554160624058,
        "nauc_recall_at_10_max": 0.020262522212088397,
        "nauc_recall_at_10_std": -0.14980046313039366,
        "nauc_recall_at_1_diff1": -0.5746685568283685,
        "nauc_recall_at_1_max": -0.3184642642494181,
        "nauc_recall_at_1_std": 0.661917627637042,
        "nauc_recall_at_20_diff1": -0.20938446178469608,
        "nauc_recall_at_20_max": 0.016550972098725154,
        "nauc_recall_at_20_std": -0.0884107922147312,
        "nauc_recall_at_3_diff1": -0.20423331179639567,
        "nauc_recall_at_3_max": 0.017792120207933877,
        "nauc_recall_at_3_std": -0.16454630839784745,
        "nauc_recall_at_5_diff1": -0.21017614560096473,
        "nauc_recall_at_5_max": 0.016752979936296708,
        "nauc_recall_at_5_std": -0.16244405577153376,
        "ndcg_at_1": 0.00012,
        "ndcg_at_10": 0.66706,