{
  "dataset_revision": "0821bc71310cfa51d5c8131d4d8b9c4d537bd8c8",
  "evaluation_time": 31.122987985610962,
  "kg_co2_emissions": 0.0009652725817080936,
  "mteb_version": "1.14.15",
  "scores": {
    "test": [
      {
        "cv_recall_at_1": 0.0,
        "cv_recall_at_10": 0.05,
        "cv_recall_at_100": 0.21,
        "cv_recall_at_1000": 1.0,
        "cv_recall_at_20": 0.08,
        "cv_recall_at_3": 0.03,
        "cv_recall_at_5": 0.03,
        "hf_subset": "default",
        "languages": [
          "eng-Latn"
        ],
        "main_score": 0.015,
        "map_at_1": 0.0,
        "map_at_10": 0.01268,
        "map_at_100": 0.01776,
        "map_at_1000": 0.02009,
        "map_at_20": 0.01442,
        "map_at_3": 0.01,
        "map_at_5": 0.01,
        "mrr_at_1": 0.0,
        "mrr_at_10": 0.012678571428571428,
        "mrr_at_100": 0.017735051859405052,
        "mrr_at_1000": 0.020062142849713825,
        "mrr_at_20": 0.014385442773600664,
        "mrr_at_3": 0.01,
        "mrr_at_5": 0.01,
        "nauc_cv_recall_at_1000_diff1": NaN,
        "nauc_cv_recall_at_1000_max": NaN,
        "nauc_cv_recall_at_1000_std": NaN,
        "nauc_cv_recall_at_100_diff1": -0.05001029344228536,
        "nauc_cv_recall_at_100_max": 0.2778754335122807,
        "nauc_cv_recall_at_100_std": 0.0906139642421651,
        "nauc_cv_recall_at_10_diff1": 0.08140595653340485,
        "nauc_cv_recall_at_10_max": -0.11258384759860482,
        "nauc_cv_recall_at_10_std": 0.1734370807620071,
        "nauc_cv_recall_at_1_diff1": NaN,
        "nauc_cv_recall_at_1_max": NaN,
        "nauc_cv_recall_at_1_std": NaN,
        "nauc_cv_recall_at_20_diff1": 0.1244298363294875,
        "nauc_cv_recall_at_20_max": -0.026395224040783486,
        "nauc_cv_recall_at_20_std": 0.04661926482425543,
        "nauc_cv_recall_at_3_diff1": -0.17413469278239868,
        "nauc_cv_recall_at_3_max": -0.32841427421518654,
        "nauc_cv_recall_at_3_std": 0.2599946337536893,
        "nauc_cv_recall_at_5_diff1": -0.17413469278239868,
        "nauc_cv_recall_at_5_max": -0.32841427421518654,
        "nauc_cv_recall_at_5_std": 0.2599946337536893,
        "nauc_map_at_1000_diff1": -0.031096102674749864,
        "nauc_map_at_1000_max": -0.07823162862645433,
        "nauc_map_at_1000_std": 0.14534442052027804,
        "nauc_map_at_100_diff1": -0.032088003995091416,
        "nauc_map_at_100_max": -0.06604025618626959,
        "nauc_map_at_100_std": 0.14748693931528153,
        "nauc_map_at_10_diff1": -0.046705238136627636,
        "nauc_map_at_10_max": -0.21600653019269364,
        "nauc_map_at_10_std": 0.2055688032137013,
        "nauc_map_at_1_diff1": NaN,
        "nauc_map_at_1_max": NaN,
        "nauc_map_at_1_std": NaN,
        "nauc_map_at_20_diff1": -0.013630439500552332,
        "nauc_map_at_20_max": -0.1744653158607568,
        "nauc_map_at_20_std": 0.15840013718758952,
        "nauc_map_at_3_diff1": -0.17413469278239876,
        "nauc_map_at_3_max": -0.3284142742151865,
        "nauc_map_at_3_std": 0.2599946337536891,
        "nauc_map_at_5_diff1": -0.17413469278239876,
        "nauc_map_at_5_max": -0.3284142742151865,
        "nauc_map_at_5_std": 0.2599946337536891,
        "nauc_mrr_at_1000_diff1": -0.030744771416327855,
        "nauc_mrr_at_1000_max": -0.0784138912964752,
        "nauc_mrr_at_1000_std": 0.1468795234583418,
        "nauc_mrr_at_100_diff1": -0.03169456395755331,
        "nauc_mrr_at_100_max": -0.06625776346393382,
        "nauc_mrr_at_100_std": 0.14908380399286175,
        "nauc_mrr_at_10_diff1": -0.046705238136627636,
        "nauc_mrr_at_10_max": -0.21600653019269364,
        "nauc_mrr_at_10_std": 0.2055688032137013,
        "nauc_mrr_at_1_diff1": NaN,
        "nauc_mrr_at_1_max": NaN,
        "nauc_mrr_at_1_std": NaN,
        "nauc_mrr_at_20_diff1": -0.01319389364370936,
        "nauc_mrr_at_20_max": -0.175085350653013,
        "nauc_mrr_at_20_std": 0.15989492550425566,
        "nauc_mrr_at_3_diff1": -0.17413469278239876,
        "nauc_mrr_at_3_max": -0.3284142742151865,
        "nauc_mrr_at_3_std": 0.2599946337536891,
        "nauc_mrr_at_5_diff1": -0.17413469278239876,
        "nauc_mrr_at_5_max": -0.3284142742151865,
        "nauc_mrr_at_5_std": 0.2599946337536891,
        "nauc_ndcg_at_1000_diff1": -0.0065372362641312,
        "nauc_ndcg_at_1000_max": 0.03154152049162601,
        "nauc_ndcg_at_1000_std": 0.10965562177168638,
        "nauc_ndcg_at_100_diff1": -0.029845310461648643,
        "nauc_ndcg_at_100_max": 0.14645833754358206,
        "nauc_ndcg_at_100_std": 0.10653181004546289,
        "nauc_ndcg_at_10_diff1": 0.01430603913330436,
        "nauc_ndcg_at_10_max": -0.16643425801983813,
        "nauc_ndcg_at_10_std": 0.18951594041739406,
        "nauc_ndcg_at_1_diff1": NaN,
        "nauc_ndcg_at_1_max": NaN,
        "nauc_ndcg_at_1_std": NaN,
        "nauc_ndcg_at_20_diff1": 0.062284414645272956,
        "nauc_ndcg_at_20_max": -0.09464221368381946,
        "nauc_ndcg_at_20_std": 0.0992922062171742,
        "nauc_ndcg_at_3_diff1": -0.17413469278239868,
        "nauc_ndcg_at_3_max": -0.32841427421518654,
        "nauc_ndcg_at_3_std": 0.2599946337536893,
        "nauc_ndcg_at_5_diff1": -0.17413469278239868,
        "nauc_ndcg_at_5_max": -0.32841427421518654,
        "nauc_ndcg_at_5_std": 0.2599946337536893,
        "nauc_precision_at_1000_diff1": NaN,
        "nauc_precision_at_1000_max": NaN,
        "nauc_precision_at_1000_std": NaN,
        "nauc_precision_at_100_diff1": -0.05001029344228547,
        "nauc_precision_at_100_max": 0.2778754335122806,
        "nauc_precision_at_100_std": 0.09061396424216496,
        "nauc_precision_at_10_diff1": 0.08140595653340489,
        "nauc_precision_at_10_max": -0.11258384759860476,
        "nauc_precision_at_10_std": 0.173437080762007,
        "nauc_precision_at_1_diff1": NaN,
        "nauc_precision_at_1_max": NaN,
        "nauc_precision_at_1_std": NaN,
        "nauc_precision_at_20_diff1": 0.12442983632948745,
        "nauc_precision_at_20_max": -0.026395224040783503,
        "nauc_precision_at_20_std": 0.046619264824255484,
        "nauc_precision_at_3_diff1": -0.17413469278239876,
        "nauc_precision_at_3_max": -0.3284142742151865,
        "nauc_precision_at_3_std": 0.2599946337536891,
        "nauc_precision_at_5_diff1": -0.17413469278239865,
        "nauc_precision_at_5_max": -0.32841427421518643,
        "nauc_precision_at_5_std": 0.25999463375368914,
        "nauc_recall_at_1000_diff1": NaN,
        "nauc_recall_at_1000_max": NaN,
        "nauc_recall_at_1000_std": NaN,
        "nauc_recall_at_100_diff1": -0.05001029344228536,
        "nauc_recall_at_100_max": 0.2778754335122807,
        "nauc_recall_at_100_std": 0.0906139642421651,
        "nauc_recall_at_10_diff1": 0.08140595653340485,
        "nauc_recall_at_10_max": -0.11258384759860482,
        "nauc_recall_at_10_std": 0.1734370807620071,
        "nauc_recall_at_1_diff1": NaN,
        "nauc_recall_at_1_max": NaN,
        "nauc_recall_at_1_std": NaN,
        "nauc_recall_at_20_diff1": 0.1244298363294875,
        "nauc_recall_at_20_max": -0.026395224040783486,
        "nauc_recall_at_20_std": 0.04661926482425543,
        "nauc_recall_at_3_diff1": -0.17413469278239868,
        "nauc_recall_at_3_max": -0.32841427421518654,
        "nauc_recall_at_3_std": 0.2599946337536893,
        "nauc_recall_at_5_diff1": -0.17413469278239868,
        "nauc_recall_at_5_max": -0.32841427421518654,
        "nauc_recall_at_5_std": 0.2599946337536893,
        "ndcg_at_1": 0.0,
        "ndcg_at_10": 0.02149,
        "ndcg_at_100": 0.05272,
        "ndcg_at_1000": 0.14439,
        "ndcg_at_20": 0.02865,
        "ndcg_at_3": 0.015,
        "ndcg_at_5": 0.015,
        "precision_at_1": 0.0,
        "precision_at_10": 0.005,
        "precision_at_100": 0.0021,
        "precision_at_1000": 0.001,
        "precision_at_20": 0.004,
        "precision_at_3": 0.01,
        "precision_at_5": 0.006,
        "recall_at_1": 0.0,
        "recall_at_10": 0.05,
        "recall_at_100": 0.21,