{
  "dataset_revision": "53db4c9f9c93cb74926a1c9d04dea7d7acac2f21",
  "evaluation_time": 2096.9958035945892,
  "kg_co2_emissions": 0.103039937393343,
  "mteb_version": "1.14.15",
  "scores": {
    "test": [
      {
        "cv_recall_at_1": 0.00398,
        "cv_recall_at_10": 0.01155,
        "cv_recall_at_100": 0.03027,
        "cv_recall_at_1000": 0.07168,
        "cv_recall_at_20": 0.01553,
        "cv_recall_at_3": 0.00757,
        "cv_recall_at_5": 0.00876,
        "hf_subset": "default",
        "languages": [
          "eng-Latn"
        ],
        "main_score": 0.00649,
        "map_at_1": 0.00319,
        "map_at_10": 0.00513,
        "map_at_100": 0.0056,
        "map_at_1000": 0.00569,
        "map_at_20": 0.00535,
        "map_at_3": 0.00458,
        "map_at_5": 0.00488,
        "mrr_at_1": 0.00398247710075667,
        "mrr_at_10": 0.006036139399341312,
        "mrr_at_100": 0.006661452988371689,
        "mrr_at_1000": 0.00679913179289282,
        "mrr_at_20": 0.006318719998528841,
        "mrr_at_3": 0.005376344086021506,
        "mrr_at_5": 0.005675029868578256,
        "nauc_cv_recall_at_1000_diff1": 0.08378181165224723,
        "nauc_cv_recall_at_1000_max": 0.0546703461975007,
        "nauc_cv_recall_at_1000_std": 0.1336047361906999,
        "nauc_cv_recall_at_100_diff1": 0.07653844579357161,
        "nauc_cv_recall_at_100_max": 0.0633123247182611,
        "nauc_cv_recall_at_100_std": 0.26585143965054214,
        "nauc_cv_recall_at_10_diff1": 0.19816405916490887,
        "nauc_cv_recall_at_10_max": 0.08817090756151137,
        "nauc_cv_recall_at_10_std": 0.32078163151526,
        "nauc_cv_recall_at_1_diff1": 0.4008665558399927,
        "nauc_cv_recall_at_1_max": -0.22654850214952074,
        "nauc_cv_recall_at_1_std": 0.23865845012185338,
        "nauc_cv_recall_at_20_diff1": 0.13443971722700893,
        "nauc_cv_recall_at_20_max": 0.024588543136928178,
        "nauc_cv_recall_at_20_std": 0.24825951693474244,
        "nauc_cv_recall_at_3_diff1": 0.2567153122954212,
        "nauc_cv_recall_at_3_max": 0.04043884505774609,
        "nauc_cv_recall_at_3_std": 0.2430701390035525,
        "nauc_cv_recall_at_5_diff1": 0.21835084342270827,
        "nauc_cv_recall_at_5_max": 0.042946195691386524,
        "nauc_cv_recall_at_5_std": 0.22605952887799374,
        "nauc_map_at_1000_diff1": 0.26143419796048534,
        "nauc_map_at_1000_max": -0.026562842540644487,
        "nauc_map_at_1000_std": 0.26267317686458563,
        "nauc_map_at_100_diff1": 0.2634893257642793,
        "nauc_map_at_100_max": -0.02743944429321045,
        "nauc_map_at_100_std": 0.26580594579363714,
        "nauc_map_at_10_diff1": 0.2869242270416426,
        "nauc_map_at_10_max": -0.027047062956278314,
        "nauc_map_at_10_std": 0.2732798358610401,
        "nauc_map_at_1_diff1": 0.3606445161721657,
        "nauc_map_at_1_max": -0.2150714676622586,
        "nauc_map_at_1_std": 0.20894372455391266,
        "nauc_map_at_20_diff1": 0.2718222406061276,
        "nauc_map_at_20_max": -0.03177006656684268,
        "nauc_map_at_20_std": 0.2628619364590232,
        "nauc_map_at_3_diff1": 0.3214160012572809,
        "nauc_map_at_3_max": -0.04269726912847113,
        "nauc_map_at_3_std": 0.2675731762256663,
        "nauc_map_at_5_diff1": 0.30022987101064313,
        "nauc_map_at_5_max": -0.036481553689721315,
        "nauc_map_at_5_std": 0.2584355734822248,
        "nauc_mrr_at_1000_diff1": 0.27132933914310564,
        "nauc_mrr_at_1000_max": -0.04405691451258693,
        "nauc_mrr_at_1000_std": 0.2567880975794902,
        "nauc_mrr_at_100_diff1": 0.2748778336529924,
        "nauc_mrr_at_100_max": -0.04560202677989483,
        "nauc_mrr_at_100_std": 0.26050638138100324,
        "nauc_mrr_at_10_diff1": 0.30253227798135734,
        "nauc_mrr_at_10_max": -0.045214392605960545,
        "nauc_mrr_at_10_std": 0.2703374768926408,
        "nauc_mrr_at_1_diff1": 0.4008665558399927,
        "nauc_mrr_at_1_max": -0.22654850214952074,
        "nauc_mrr_at_1_std": 0.23865845012185338,
        "nauc_mrr_at_20_diff1": 0.28645865365236434,
        "nauc_mrr_at_20_max": -0.05107132294470814,
        "nauc_mrr_at_20_std": 0.25841214525271644,
        "nauc_mrr_at_3_diff1": 0.33378843159099897,
        "nauc_mrr_at_3_max": -0.07117083099314135,
        "nauc_mrr_at_3_std": 0.2540399567394615,
        "nauc_mrr_at_5_diff1": 0.3149246127649216,
        "nauc_mrr_at_5_max": -0.06432888814940896,
        "nauc_mrr_at_5_std": 0.24689709926630315,
        "nauc_ndcg_at_1000_diff1": 0.15548605821874548,
        "nauc_ndcg_at_1000_max": 0.023322091176137417,
        "nauc_ndcg_at_1000_std": 0.20508585441377833,
        "nauc_ndcg_at_100_diff1": 0.17666857530964974,
        "nauc_ndcg_at_100_max": 0.01741299607077628,
        "nauc_ndcg_at_100_std": 0.26564639030853693,
        "nauc_ndcg_at_10_diff1": 0.2520444416937396,
        "nauc_ndcg_at_10_max": 0.009841766597647305,
        "nauc_ndcg_at_10_std": 0.2862028493054069,
        "nauc_ndcg_at_1_diff1": 0.4008665558399927,
        "nauc_ndcg_at_1_max": -0.22654850214952074,
        "nauc_ndcg_at_1_std": 0.23865845012185338,
        "nauc_ndcg_at_20_diff1": 0.21498432262214237,
        "nauc_ndcg_at_20_max": -0.007460410461618768,
        "nauc_ndcg_at_20_std": 0.2576796649080639,
        "nauc_ndcg_at_3_diff1": 0.3031160274454935,
        "nauc_ndcg_at_3_max": -0.015805872279521006,
        "nauc_ndcg_at_3_std": 0.2657103981160972,
        "nauc_ndcg_at_5_diff1": 0.27402718592284886,
        "nauc_ndcg_at_5_max": -0.009181852923836482,
        "nauc_ndcg_at_5_std": 0.2526291472979673,
        "nauc_precision_at_1000_diff1": 0.08728661980921258,
        "nauc_precision_at_1000_max": 0.05495768706189727,
        "nauc_precision_at_1000_std": 0.1351498849541941,
        "nauc_precision_at_100_diff1": 0.08853145299105761,
        "nauc_precision_at_100_max": 0.06669617880108435,
        "nauc_precision_at_100_std": 0.27538583653819737,
        "nauc_precision_at_10_diff1": 0.22489192385941156,
        "nauc_precision_at_10_max": 0.09602751361264912,
        "nauc_precision_at_10_std": 0.34342224379808456,
        "nauc_precision_at_1_diff1": 0.4008665558399927,
        "nauc_precision_at_1_max": -0.22654850214952074,
        "nauc_precision_at_1_std": 0.23865845012185338,
        "nauc_precision_at_20_diff1": 0.15607872429633354,
        "nauc_precision_at_20_max": 0.03207055678589617,
        "nauc_precision_at_20_std": 0.2670530290113738,
        "nauc_precision_at_3_diff1": 0.29387954668065025,
        "nauc_precision_at_3_max": 0.054610357259641536,
        "nauc_precision_at_3_std": 0.2809166320533749,
        "nauc_precision_at_5_diff1": 0.2523355893608513,
        "nauc_precision_at_5_max": 0.05516023453505029,
        "nauc_precision_at_5_std": 0.25970911457895024,
        "nauc_recall_at_1000_diff1": 0.09315411582780225,
        "nauc_recall_at_1000_max": 0.052354967856564454,
        "nauc_recall_at_1000_std": 0.15062753625628258,
        "nauc_recall_at_100_diff1": 0.08287440525247164,
        "nauc_recall_at_100_max": 0.06830360977579188,
        "nauc_recall_at_100_std": 0.26395227280104266,
        "nauc_recall_at_10_diff1": 0.17904933227118838,
        "nauc_recall_at_10_max": 0.07184005646266015,
        "nauc_recall_at_10_std": 0.30667177595128503,
        "nauc_recall_at_1_diff1": 0.3606445161721657,
        "nauc_recall_at_1_max": -0.2150714676622586,
        "nauc_recall_at_1_std": 0.20894372455391266,
        "nauc_recall_at_20_diff1": 0.11683143127686729,
        "nauc_recall_at_20_max": 0.0242210946879126,
        "nauc_recall_at_20_std": 0.24541722945390618,
        "nauc_recall_at_3_diff1": 0.2542442639756934,
        "nauc_recall_at_3_max": 0.05611756493606297,
        "nauc_recall_at_3_std": 0.27218535651389486,
        "nauc_recall_at_5_diff1": 0.21134143473259087,
        "nauc_recall_at_5_max": 0.056534260028634195,
        "nauc_recall_at_5_std": 0.24851463470398083,
        "ndcg_at_1": 0.00398,
        "ndcg_at_10": 0.00649,