{
  "dataset_revision": "359b66f11c25d19bc8f7108d98e660a5857f3d26",
  "evaluation_time": 27.49181056022644,
  "kg_co2_emissions": null,
  "mteb_version": "1.14.15",
  "scores": {
    "test": [
      {
        "cv_recall_at_1": 0.33333,
        "cv_recall_at_10": 0.6393,
        "cv_recall_at_100": 0.8806,
        "cv_recall_at_1000": 1.0,
        "cv_recall_at_20": 0.70647,
        "cv_recall_at_3": 0.50249,
        "cv_recall_at_5": 0.55721,
        "hf_subset": "default",
        "languages": [
          "eng-Latn"
        ],
        "main_score": 0.48267,
        "map_at_1": 0.33333,
        "map_at_10": 0.43309,
        "map_at_100": 0.44154,
        "map_at_1000": 0.4422,
        "map_at_20": 0.43764,
        "map_at_3": 0.40962,
        "map_at_5": 0.42193,
        "mrr_at_1": 0.3333333333333333,
        "mrr_at_10": 0.43308753849798637,
        "mrr_at_100": 0.44154030053788884,
        "mrr_at_1000": 0.4421964192061976,
        "mrr_at_20": 0.43764482014476247,
        "mrr_at_3": 0.4096185737976783,
        "mrr_at_5": 0.4219320066334993,
        "nauc_cv_recall_at_1000_diff1": NaN,
        "nauc_cv_recall_at_1000_max": NaN,
        "nauc_cv_recall_at_1000_std": NaN,
        "nauc_cv_recall_at_100_diff1": 0.4384512764216657,
        "nauc_cv_recall_at_100_max": 0.16735609165332954,
        "nauc_cv_recall_at_100_std": -0.4487480310773148,
        "nauc_cv_recall_at_10_diff1": 0.3399173532416196,
        "nauc_cv_recall_at_10_max": 0.25103831985686137,
        "nauc_cv_recall_at_10_std": -0.4385291929394912,
        "nauc_cv_recall_at_1_diff1": 0.5300749697202298,
        "nauc_cv_recall_at_1_max": 0.41769708110044906,
        "nauc_cv_recall_at_1_std": -0.27734522421451235,
        "nauc_cv_recall_at_20_diff1": 0.2959410249772907,
        "nauc_cv_recall_at_20_max": 0.1394774754558824,
        "nauc_cv_recall_at_20_std": -0.481425513201909,
        "nauc_cv_recall_at_3_diff1": 0.3749243366538218,
        "nauc_cv_recall_at_3_max": 0.3813872487129804,
        "nauc_cv_recall_at_3_std": -0.40370439112015877,
        "nauc_cv_recall_at_5_diff1": 0.3783946941038771,
        "nauc_cv_recall_at_5_max": 0.3404140291974788,
        "nauc_cv_recall_at_5_std": -0.39938994680683315,
        "nauc_map_at_1000_diff1": 0.45753610477448625,
        "nauc_map_at_1000_max": 0.3854269436705774,
        "nauc_map_at_1000_std": -0.3323092921069796,
        "nauc_map_at_100_diff1": 0.4575126087411428,
        "nauc_map_at_100_max": 0.3850168087168234,
        "nauc_map_at_100_std": -0.3327298448308222,
        "nauc_map_at_10_diff1": 0.4570171126205315,
        "nauc_map_at_10_max": 0.3882752959091572,
        "nauc_map_at_10_std": -0.33195447606283646,
        "nauc_map_at_1_diff1": 0.5300749697202298,
        "nauc_map_at_1_max": 0.41769708110044906,
        "nauc_map_at_1_std": -0.27734522421451235,
        "nauc_map_at_20_diff1": 0.45599720013116746,
        "nauc_map_at_20_max": 0.3831648685815521,
        "nauc_map_at_20_std": -0.33374159925935226,
        "nauc_map_at_3_diff1": 0.45971638751512056,
        "nauc_map_at_3_max": 0.40544248977280667,
        "nauc_map_at_3_std": -0.33206298545124846,
        "nauc_map_at_5_diff1": 0.46125013132024145,
        "nauc_map_at_5_max": 0.3976898869188035,
        "nauc_map_at_5_std": -0.3306038245504038,
        "nauc_mrr_at_1000_diff1": 0.45753610477448625,
        "nauc_mrr_at_1000_max": 0.3854269436705774,
        "nauc_mrr_at_1000_std": -0.3323092921069796,
        "nauc_mrr_at_100_diff1": 0.4575126087411428,
        "nauc_mrr_at_100_max": 0.3850168087168234,
        "nauc_mrr_at_100_std": -0.3327298448308222,
        "nauc_mrr_at_10_diff1": 0.4570171126205315,
        "nauc_mrr_at_10_max": 0.3882752959091572,
        "nauc_mrr_at_10_std": -0.33195447606283646,
        "nauc_mrr_at_1_diff1": 0.5300749697202298,
        "nauc_mrr_at_1_max": 0.41769708110044906,
        "nauc_mrr_at_1_std": -0.27734522421451235,
        "nauc_mrr_at_20_diff1": 0.45599720013116746,
        "nauc_mrr_at_20_max": 0.3831648685815521,
        "nauc_mrr_at_20_std": -0.33374159925935226,
        "nauc_mrr_at_3_diff1": 0.45971638751512056,
        "nauc_mrr_at_3_max": 0.40544248977280667,
        "nauc_mrr_at_3_std": -0.33206298545124846,
        "nauc_mrr_at_5_diff1": 0.46125013132024145,
        "nauc_mrr_at_5_max": 0.3976898869188035,
        "nauc_mrr_at_5_std": -0.3306038245504038,
        "nauc_ndcg_at_1000_diff1": 0.44363351501487874,
        "nauc_ndcg_at_1000_max": 0.36843734226399677,
        "nauc_ndcg_at_1000_std": -0.3438597289443398,
        "nauc_ndcg_at_100_diff1": 0.4433437988090201,
        "nauc_ndcg_at_100_max": 0.35807300372170414,
        "nauc_ndcg_at_100_std": -0.35051916434616803,
        "nauc_ndcg_at_10_diff1": 0.43069184294563784,
        "nauc_ndcg_at_10_max": 0.3603726762728906,
        "nauc_ndcg_at_10_std": -0.35486427810121374,
        "nauc_ndcg_at_1_diff1": 0.5300749697202298,
        "nauc_ndcg_at_1_max": 0.41769708110044906,
        "nauc_ndcg_at_1_std": -0.27734522421451235,
        "nauc_ndcg_at_20_diff1": 0.4251255269767777,
        "nauc_ndcg_at_20_max": 0.3408507812282345,
        "nauc_ndcg_at_20_std": -0.3614414392117784,
        "nauc_ndcg_at_3_diff1": 0.4379388229202868,
        "nauc_ndcg_at_3_max": 0.39944710903182956,
        "nauc_ndcg_at_3_std": -0.35035080134454405,
        "nauc_ndcg_at_5_diff1": 0.44052126854305274,
        "nauc_ndcg_at_5_max": 0.384384128756324,
        "nauc_ndcg_at_5_std": -0.3477401310574727,
        "nauc_precision_at_1000_diff1": NaN,
        "nauc_precision_at_1000_max": NaN,
        "nauc_precision_at_1000_std": NaN,
        "nauc_precision_at_100_diff1": 0.4384512764216664,
        "nauc_precision_at_100_max": 0.1673560916533302,
        "nauc_precision_at_100_std": -0.4487480310773137,
        "nauc_precision_at_10_diff1": 0.33991735324161926,
        "nauc_precision_at_10_max": 0.25103831985686104,
        "nauc_precision_at_10_std": -0.4385291929394911,
        "nauc_precision_at_1_diff1": 0.5300749697202298,
        "nauc_precision_at_1_max": 0.41769708110044906,
        "nauc_precision_at_1_std": -0.27734522421451235,
        "nauc_precision_at_20_diff1": 0.29594102497729113,
        "nauc_precision_at_20_max": 0.13947747545588235,
        "nauc_precision_at_20_std": -0.48142551320190946,
        "nauc_precision_at_3_diff1": 0.3749243366538217,
        "nauc_precision_at_3_max": 0.38138724871297996,
        "nauc_precision_at_3_std": -0.40370439112015916,
        "nauc_precision_at_5_diff1": 0.3783946941038768,
        "nauc_precision_at_5_max": 0.34041402919747893,
        "nauc_precision_at_5_std": -0.39938994680683265,
        "nauc_recall_at_1000_diff1": NaN,
        "nauc_recall_at_1000_max": NaN,
        "nauc_recall_at_1000_std": NaN,
        "nauc_recall_at_100_diff1": 0.4384512764216657,
        "nauc_recall_at_100_max": 0.16735609165332954,
        "nauc_recall_at_100_std": -0.4487480310773148,
        "nauc_recall_at_10_diff1": 0.3399173532416196,
        "nauc_recall_at_10_max": 0.25103831985686137,
        "nauc_recall_at_10_std": -0.4385291929394912,
        "nauc_recall_at_1_diff1": 0.5300749697202298,
        "nauc_recall_at_1_max": 0.41769708110044906,
        "nauc_recall_at_1_std": -0.27734522421451235,
        "nauc_recall_at_20_diff1": 0.2959410249772907,
        "nauc_recall_at_20_max": 0.1394774754558824,
        "nauc_recall_at_20_std": -0.481425513201909,
        "nauc_recall_at_3_diff1": 0.3749243366538218,
        "nauc_recall_at_3_max": 0.3813872487129804,
        "nauc_recall_at_3_std": -0.40370439112015877,
        "nauc_recall_at_5_diff1": 0.3783946941038771,
        "nauc_recall_at_5_max": 0.3404140291974788,
        "nauc_recall_at_5_std": -0.39938994680683315,
        "ndcg_at_1": 0.33333,
        "ndcg_at_10": 0.48267,
        "ndcg_at_100": 0.53062,
        "ndcg_at_1000": 0.54628,
        "ndcg_at_20": 0.49952,
        "ndcg_at_3": 0.43354,
        "ndcg_at_5": 0.45591,
        "precision_at_1": 0.33333,