{
  "dataset_revision": "9c3a626c16c811f15514689c3e7e95a4f2b9b8c3",
  "evaluation_time": 141.45417070388794,
  "kg_co2_emissions": 0.004123394270109947,
  "mteb_version": "1.14.15",
  "scores": {
    "test": [
      {
        "cv_recall_at_1": 0.0018,
        "cv_recall_at_10": 0.02405,
        "cv_recall_at_100": 0.10764,
        "cv_recall_at_1000": 0.66627,
        "cv_recall_at_20": 0.03969,
        "cv_recall_at_3": 0.00661,
        "cv_recall_at_5": 0.01323,
        "hf_subset": "default",
        "languages": [
          "eng-Latn"
        ],
        "main_score": 0.00803,
        "map_at_1": 0.00241,
        "map_at_10": 0.00735,
        "map_at_100": 0.00985,
        "map_at_1000": 0.01136,
        "map_at_20": 0.00842,
        "map_at_3": 0.00491,
        "map_at_5": 0.00614,
        "mrr_at_1": 0.0018039687312086591,
        "mrr_at_10": 0.006551556280960968,
        "mrr_at_100": 0.009035044552079763,
        "mrr_at_1000": 0.010542297289628154,
        "mrr_at_20": 0.007604583466053,
        "mrr_at_3": 0.0037081579474844656,
        "mrr_at_5": 0.005151332932451393,
        "nauc_cv_recall_at_1000_diff1": 0.04533553260771436,
        "nauc_cv_recall_at_1000_max": 0.013800133911090603,
        "nauc_cv_recall_at_1000_std": -0.016255290365121914,
        "nauc_cv_recall_at_100_diff1": -0.023432048756131876,
        "nauc_cv_recall_at_100_max": 0.12408913499982581,
        "nauc_cv_recall_at_100_std": 0.1389686785594587,
        "nauc_cv_recall_at_10_diff1": -0.12144202460608693,
        "nauc_cv_recall_at_10_max": 0.280723358954246,
        "nauc_cv_recall_at_10_std": 0.34796724403469637,
        "nauc_cv_recall_at_1_diff1": -0.18969768649216073,
        "nauc_cv_recall_at_1_max": 0.6431771998513856,
        "nauc_cv_recall_at_1_std": 0.5303148726025604,
        "nauc_cv_recall_at_20_diff1": -0.07063863086036003,
        "nauc_cv_recall_at_20_max": 0.22611067679403798,
        "nauc_cv_recall_at_20_std": 0.30047727115046896,
        "nauc_cv_recall_at_3_diff1": -0.297836484658849,
        "nauc_cv_recall_at_3_max": 0.5998553328454485,
        "nauc_cv_recall_at_3_std": 0.5574055040875043,
        "nauc_cv_recall_at_5_diff1": -0.20913938319437117,
        "nauc_cv_recall_at_5_max": 0.45854717448561333,
        "nauc_cv_recall_at_5_std": 0.41358601609348955,
        "nauc_map_at_1000_diff1": -0.13678801143693567,
        "nauc_map_at_1000_max": 0.28999006815155587,
        "nauc_map_at_1000_std": 0.37653146507949964,
        "nauc_map_at_100_diff1": -0.14943946463616,
        "nauc_map_at_100_max": 0.30682318966843136,
        "nauc_map_at_100_std": 0.39836830217012364,
        "nauc_map_at_10_diff1": -0.19949264078728426,
        "nauc_map_at_10_max": 0.3744350612241371,
        "nauc_map_at_10_std": 0.5026215867000315,
        "nauc_map_at_1_diff1": -0.28591314197203027,
        "nauc_map_at_1_max": 0.43094784612490306,
        "nauc_map_at_1_std": 0.732382899888539,
        "nauc_map_at_20_diff1": -0.17597326902408136,
        "nauc_map_at_20_max": 0.34741704081208136,
        "nauc_map_at_20_std": 0.4598806641317957,
        "nauc_map_at_3_diff1": -0.26523790617105314,
        "nauc_map_at_3_max": 0.4029355421366345,
        "nauc_map_at_3_std": 0.6147446190035826,
        "nauc_map_at_5_diff1": -0.24547933671733854,
        "nauc_map_at_5_max": 0.4340030454218707,
        "nauc_map_at_5_std": 0.53427439630098,
        "nauc_mrr_at_1000_diff1": -0.11854730138629817,
        "nauc_mrr_at_1000_max": 0.32933448422816114,
        "nauc_mrr_at_1000_std": 0.34275980870691924,
        "nauc_mrr_at_100_diff1": -0.13194322765846914,
        "nauc_mrr_at_100_max": 0.35017631242619995,
        "nauc_mrr_at_100_std": 0.3644870150140983,
        "nauc_mrr_at_10_diff1": -0.18141790006300132,
        "nauc_mrr_at_10_max": 0.4346466956208446,
        "nauc_mrr_at_10_std": 0.4598404932457325,
        "nauc_mrr_at_1_diff1": -0.18969768649216073,
        "nauc_mrr_at_1_max": 0.6431771998513856,
        "nauc_mrr_at_1_std": 0.5303148726025604,
        "nauc_mrr_at_20_diff1": -0.15464257925068808,
        "nauc_mrr_at_20_max": 0.40293707436009574,
        "nauc_mrr_at_20_std": 0.43128646675753496,
        "nauc_mrr_at_3_diff1": -0.2646534912041335,
        "nauc_mrr_at_3_max": 0.621986871204483,
        "nauc_mrr_at_3_std": 0.5845053935447518,
        "nauc_mrr_at_5_diff1": -0.22517287415105497,
        "nauc_mrr_at_5_max": 0.535665145628681,
        "nauc_mrr_at_5_std": 0.5002412981286848,
        "nauc_ndcg_at_1000_diff1": -0.011733960246753862,
        "nauc_ndcg_at_1000_max": 0.10618104204458544,
        "nauc_ndcg_at_1000_std": 0.11796480431284913,
        "nauc_ndcg_at_100_diff1": -0.06388930085366808,
        "nauc_ndcg_at_100_max": 0.1867346535858138,
        "nauc_ndcg_at_100_std": 0.22972318405526335,
        "nauc_ndcg_at_10_diff1": -0.16392935432462633,
        "nauc_ndcg_at_10_max": 0.3429792202525377,
        "nauc_ndcg_at_10_std": 0.44712902284979456,
        "nauc_ndcg_at_1_diff1": -0.28591314197203027,
        "nauc_ndcg_at_1_max": 0.43094784612490306,
        "nauc_ndcg_at_1_std": 0.732382899888539,
        "nauc_ndcg_at_20_diff1": -0.12441706612291645,
        "nauc_ndcg_at_20_max": 0.2881477619721403,
        "nauc_ndcg_at_20_std": 0.3694438624794288,
        "nauc_ndcg_at_3_diff1": -0.266427627207196,
        "nauc_ndcg_at_3_max": 0.4019683792657705,
        "nauc_ndcg_at_3_std": 0.5992895576010862,
        "nauc_ndcg_at_5_diff1": -0.23730547779430974,
        "nauc_ndcg_at_5_max": 0.44396025702622943,
        "nauc_ndcg_at_5_std": 0.4948012194839781,
        "nauc_precision_at_1000_diff1": 0.04533553260771401,
        "nauc_precision_at_1000_max": 0.013800133911090175,
        "nauc_precision_at_1000_std": -0.016255290365122514,
        "nauc_precision_at_100_diff1": -0.01871658915927935,
        "nauc_precision_at_100_max": 0.1193736754029736,
        "nauc_precision_at_100_std": 0.14284132175036426,
        "nauc_precision_at_10_diff1": -0.12144769810991149,
        "nauc_precision_at_10_max": 0.3027313084664215,
        "nauc_precision_at_10_std": 0.3848665700421791,
        "nauc_precision_at_1_diff1": -0.28591314197203027,
        "nauc_precision_at_1_max": 0.43094784612490306,
        "nauc_precision_at_1_std": 0.732382899888539,
        "nauc_precision_at_20_diff1": -0.07795968479877667,
        "nauc_precision_at_20_max": 0.22953593560043797,
        "nauc_precision_at_20_std": 0.2882296457959796,
        "nauc_precision_at_3_diff1": -0.2692715165794227,
        "nauc_precision_at_3_max": 0.4009319467003394,
        "nauc_precision_at_3_std": 0.5733368493981544,
        "nauc_precision_at_5_diff1": -0.22502721472555676,
        "nauc_precision_at_5_max": 0.45906325258256253,
        "nauc_precision_at_5_std": 0.43908227626333773,
        "nauc_recall_at_1000_diff1": 0.04533553260771436,
        "nauc_recall_at_1000_max": 0.013800133911090603,
        "nauc_recall_at_1000_std": -0.016255290365121914,
        "nauc_recall_at_100_diff1": -0.018716589159279484,
        "nauc_recall_at_100_max": 0.11937367540297342,
        "nauc_recall_at_100_std": 0.1428413217503641,
        "nauc_recall_at_10_diff1": -0.12144769810991156,
        "nauc_recall_at_10_max": 0.3027313084664215,
        "nauc_recall_at_10_std": 0.3848665700421791,
        "nauc_recall_at_1_diff1": -0.28591314197203027,
        "nauc_recall_at_1_max": 0.43094784612490306,
        "nauc_recall_at_1_std": 0.732382899888539,
        "nauc_recall_at_20_diff1": -0.07795968479877696,
        "nauc_recall_at_20_max": 0.22953593560043759,
        "nauc_recall_at_20_std": 0.28822964579597915,
        "nauc_recall_at_3_diff1": -0.26927151657942294,
        "nauc_recall_at_3_max": 0.4009319467003394,
        "nauc_recall_at_3_std": 0.5733368493981545,
        "nauc_recall_at_5_diff1": -0.2250272147255567,
        "nauc_recall_at_5_max": 0.4590632525825626,
        "nauc_recall_at_5_std": 0.4390822762633379,
        "ndcg_at_1": 0.00241,
        "ndcg_at_10": 0.01106,