{
  "dataset_revision": "a4cf34ac79215f9e2cd6a10342d84f606fc41cc3",
  "evaluation_time": 1113.2959687709808,
  "kg_co2_emissions": 0.05253680259949497,
  "mteb_version": "1.14.15",
  "scores": {
    "test": [
      {
        "cv_recall_at_1": 0.64265,
        "cv_recall_at_10": 0.91749,
        "cv_recall_at_100": 0.99381,
        "cv_recall_at_1000": 0.99977,
        "cv_recall_at_20": 0.95547,
        "cv_recall_at_3": 0.8048,
        "cv_recall_at_5": 0.86148,
        "hf_subset": "default",
        "languages": [
          "eng-Latn"
        ],
        "main_score": 0.55617,
        "map_at_1": 0.12868,
        "map_at_10": 0.43607,
        "map_at_100": 0.47767,
        "map_at_1000": 0.48015,
        "map_at_20": 0.46031,
        "map_at_3": 0.29584,
        "map_at_5": 0.38219,
        "mrr_at_1": 0.6426452569807184,
        "mrr_at_10": 0.7357083360202962,
        "mrr_at_100": 0.7395144141158189,
        "mrr_at_1000": 0.739551857341853,
        "mrr_at_20": 0.7384081970466634,
        "mrr_at_3": 0.7150211732335862,
        "mrr_at_5": 0.7280491605941425,
        "nauc_cv_recall_at_1000_diff1": 0.1591996996144697,
        "nauc_cv_recall_at_1000_max": 0.7306919791350581,
        "nauc_cv_recall_at_1000_std": 1.0,
        "nauc_cv_recall_at_100_diff1": 0.21160051420661474,
        "nauc_cv_recall_at_100_max": 0.6361348606952888,
        "nauc_cv_recall_at_100_std": 0.5563172600967832,
        "nauc_cv_recall_at_10_diff1": 0.37164581304807354,
        "nauc_cv_recall_at_10_max": 0.5765133540314421,
        "nauc_cv_recall_at_10_std": 0.013378167857760923,
        "nauc_cv_recall_at_1_diff1": 0.4111730553347439,
        "nauc_cv_recall_at_1_max": 0.5077035057103139,
        "nauc_cv_recall_at_1_std": -0.10635495173542983,
        "nauc_cv_recall_at_20_diff1": 0.36030197402165803,
        "nauc_cv_recall_at_20_max": 0.5991409878890581,
        "nauc_cv_recall_at_20_std": 0.10129016294962388,
        "nauc_cv_recall_at_3_diff1": 0.3725369310857591,
        "nauc_cv_recall_at_3_max": 0.5285843762816278,
        "nauc_cv_recall_at_3_std": -0.08243445114865175,
        "nauc_cv_recall_at_5_diff1": 0.3679984537960348,
        "nauc_cv_recall_at_5_max": 0.5485763637524799,
        "nauc_cv_recall_at_5_std": -0.060927234605740545,
        "nauc_map_at_1000_diff1": 0.20627639117685492,
        "nauc_map_at_1000_max": 0.5093493071661566,
        "nauc_map_at_1000_std": -0.0024067885766047496,
        "nauc_map_at_100_diff1": 0.20613792896946878,
        "nauc_map_at_100_max": 0.5094272533958849,
        "nauc_map_at_100_std": -0.0017010346146980237,
        "nauc_map_at_10_diff1": 0.20260463822395053,
        "nauc_map_at_10_max": 0.5026411219349336,
        "nauc_map_at_10_std": -0.023332076055386623,
        "nauc_map_at_1_diff1": 0.4091162117877606,
        "nauc_map_at_1_max": 0.5079856842328069,
        "nauc_map_at_1_std": -0.1071633535570054,
        "nauc_map_at_20_diff1": 0.20526380164507282,
        "nauc_map_at_20_max": 0.5068224500662255,
        "nauc_map_at_20_std": -0.010442061713494828,
        "nauc_map_at_3_diff1": 0.24181070212000647,
        "nauc_map_at_3_max": 0.4966479291527915,
        "nauc_map_at_3_std": -0.06866303732638171,
        "nauc_map_at_5_diff1": 0.20398588289616487,
        "nauc_map_at_5_max": 0.4990536490017511,
        "nauc_map_at_5_std": -0.04616982133249912,
        "nauc_mrr_at_1000_diff1": 0.39975235056645503,
        "nauc_mrr_at_1000_max": 0.5171011145674329,
        "nauc_mrr_at_1000_std": -0.09362525334631623,
        "nauc_mrr_at_100_diff1": 0.39972833426904464,
        "nauc_mrr_at_100_max": 0.5171212745610837,
        "nauc_mrr_at_100_std": -0.09352115001690112,
        "nauc_mrr_at_10_diff1": 0.3994358828004325,
        "nauc_mrr_at_10_max": 0.5178086529731707,
        "nauc_mrr_at_10_std": -0.0931062756336991,
        "nauc_mrr_at_1_diff1": 0.4111730553347439,
        "nauc_mrr_at_1_max": 0.5077035057103139,
        "nauc_mrr_at_1_std": -0.10635495173542983,
        "nauc_mrr_at_20_diff1": 0.39968470785729693,
        "nauc_mrr_at_20_max": 0.5174334371760757,
        "nauc_mrr_at_20_std": -0.0930527623156248,
        "nauc_mrr_at_3_diff1": 0.39776295223888575,
        "nauc_mrr_at_3_max": 0.5152195563283158,
        "nauc_mrr_at_3_std": -0.0979129684327109,
        "nauc_mrr_at_5_diff1": 0.3984224286619856,
        "nauc_mrr_at_5_max": 0.5172557091287855,
        "nauc_mrr_at_5_std": -0.09574903230512186,
        "nauc_ndcg_at_1000_diff1": 0.24844537519909646,
        "nauc_ndcg_at_1000_max": 0.5218849452751828,
        "nauc_ndcg_at_1000_std": 0.013795368474012705,
        "nauc_ndcg_at_100_diff1": 0.24175159194819862,
        "nauc_ndcg_at_100_max": 0.5217346834587259,
        "nauc_ndcg_at_100_std": 0.03391874312334525,
        "nauc_ndcg_at_10_diff1": 0.23450304935660438,
        "nauc_ndcg_at_10_max": 0.5106290098189662,
        "nauc_ndcg_at_10_std": -0.02078138643610342,
        "nauc_ndcg_at_1_diff1": 0.40911621178776053,
        "nauc_ndcg_at_1_max": 0.5079856842328072,
        "nauc_ndcg_at_1_std": -0.10716335355700443,
        "nauc_ndcg_at_20_diff1": 0.23822739806660448,
        "nauc_ndcg_at_20_max": 0.5150053169451532,
        "nauc_ndcg_at_20_std": 0.003978960422777356,
        "nauc_ndcg_at_3_diff1": 0.2681939987050578,
        "nauc_ndcg_at_3_max": 0.5021695448668516,
        "nauc_ndcg_at_3_std": -0.07273423142784971,
        "nauc_ndcg_at_5_diff1": 0.23649787659690646,
        "nauc_ndcg_at_5_max": 0.5053609895885429,
        "nauc_ndcg_at_5_std": -0.05030741962784403,
        "nauc_precision_at_1000_diff1": 0.02602413854418454,
        "nauc_precision_at_1000_max": 0.40294360936907153,
        "nauc_precision_at_1000_std": 0.6151246635446902,
        "nauc_precision_at_100_diff1": 0.12076159110004406,
        "nauc_precision_at_100_max": 0.43761377677235697,
        "nauc_precision_at_100_std": 0.3062889386188298,
        "nauc_precision_at_10_diff1": 0.17380084836345283,
        "nauc_precision_at_10_max": 0.47863139475499483,
        "nauc_precision_at_10_std": 0.026302413222799432,
        "nauc_precision_at_1_diff1": 0.40911621178776053,
        "nauc_precision_at_1_max": 0.5079856842328072,
        "nauc_precision_at_1_std": -0.10716335355700443,
        "nauc_precision_at_20_diff1": 0.16634200173981487,
        "nauc_precision_at_20_max": 0.463905692947726,
        "nauc_precision_at_20_std": 0.09282026016529778,
        "nauc_precision_at_3_diff1": 0.22849810953039096,
        "nauc_precision_at_3_max": 0.49788255631946654,
        "nauc_precision_at_3_std": -0.06239247870636701,
        "nauc_precision_at_5_diff1": 0.18635504691931495,
        "nauc_precision_at_5_max": 0.49297623196956253,
        "nauc_precision_at_5_std": -0.029584285938984562,
        "nauc_recall_at_1000_diff1": 0.026024138544185768,
        "nauc_recall_at_1000_max": 0.40294360936907836,
        "nauc_recall_at_1000_std": 0.6151246635446986,
        "nauc_recall_at_100_diff1": 0.12076159110004529,
        "nauc_recall_at_100_max": 0.4376137767723583,
        "nauc_recall_at_100_std": 0.3062889386188325,
        "nauc_recall_at_10_diff1": 0.17380084836345283,
        "nauc_recall_at_10_max": 0.47863139475499483,
        "nauc_recall_at_10_std": 0.026302413222799432,
        "nauc_recall_at_1_diff1": 0.4091162117877606,
        "nauc_recall_at_1_max": 0.5079856842328069,
        "nauc_recall_at_1_std": -0.1071633535570054,
        "nauc_recall_at_20_diff1": 0.16634200173981487,
        "nauc_recall_at_20_max": 0.463905692947726,
        "nauc_recall_at_20_std": 0.09282026016529778,
        "nauc_recall_at_3_diff1": 0.22849810953039063,
        "nauc_recall_at_3_max": 0.4978825563194668,
        "nauc_recall_at_3_std": -0.06239247870636749,
        "nauc_recall_at_5_diff1": 0.18635504691931495,
        "nauc_recall_at_5_max": 0.49297623196956253,
        "nauc_recall_at_5_std": -0.029584285938984562,
        "ndcg_at_1": 0.64342,
        "ndcg_at_10": 0.55617,
        "ndcg_at_100": 0.65839,