{
  "dataset_revision": "b71b5f67a93aa63761b79a67bcf28bd2ae590902",
  "evaluation_time": 21.159568786621094,
  "kg_co2_emissions": null,
  "mteb_version": "1.14.15",
  "scores": {
    "test": [
      {
        "cv_recall_at_1": 0.91176,
        "cv_recall_at_10": 0.98529,
        "cv_recall_at_100": 1.0,
        "cv_recall_at_1000": 1.0,
        "cv_recall_at_20": 1.0,
        "cv_recall_at_3": 0.97059,
        "cv_recall_at_5": 0.98529,
        "hf_subset": "default",
        "languages": [
          "eng-Latn"
        ],
        "main_score": 0.91176,
        "map_at_1": 0.21522,
        "map_at_10": 0.50146,
        "map_at_100": 0.76807,
        "map_at_1000": 0.83745,
        "map_at_20": 0.61242,
        "map_at_3": 0.34078,
        "map_at_5": 0.401,
        "mrr_at_1": 0.9117647058823529,
        "mrr_at_10": 0.9392156862745098,
        "mrr_at_100": 0.9403469079939669,
        "mrr_at_1000": 0.9403469079939669,
        "mrr_at_20": 0.9403469079939669,
        "mrr_at_3": 0.9362745098039216,
        "mrr_at_5": 0.9392156862745098,
        "nauc_cv_recall_at_1000_diff1": NaN,
        "nauc_cv_recall_at_1000_max": NaN,
        "nauc_cv_recall_at_1000_std": NaN,
        "nauc_cv_recall_at_100_diff1": NaN,
        "nauc_cv_recall_at_100_max": NaN,
        "nauc_cv_recall_at_100_std": NaN,
        "nauc_cv_recall_at_10_diff1": 0.12362157533500495,
        "nauc_cv_recall_at_10_max": 1.0,
        "nauc_cv_recall_at_10_std": 1.0,
        "nauc_cv_recall_at_1_diff1": 0.4412612442314275,
        "nauc_cv_recall_at_1_max": 0.887876947986237,
        "nauc_cv_recall_at_1_std": 0.4773166985928937,
        "nauc_cv_recall_at_20_diff1": NaN,
        "nauc_cv_recall_at_20_max": NaN,
        "nauc_cv_recall_at_20_std": NaN,
        "nauc_cv_recall_at_3_diff1": 0.496237017175702,
        "nauc_cv_recall_at_3_max": 1.0,
        "nauc_cv_recall_at_3_std": 1.0,
        "nauc_cv_recall_at_5_diff1": 0.12362157533500495,
        "nauc_cv_recall_at_5_max": 1.0,
        "nauc_cv_recall_at_5_std": 1.0,
        "nauc_map_at_1000_diff1": 0.28733978632834073,
        "nauc_map_at_1000_max": 0.17589731070520503,
        "nauc_map_at_1000_std": 0.04950597203784703,
        "nauc_map_at_100_diff1": 0.4942776865272568,
        "nauc_map_at_100_max": -0.09022112182250742,
        "nauc_map_at_100_std": -0.5408847737283174,
        "nauc_map_at_10_diff1": 0.6449820522917642,
        "nauc_map_at_10_max": -0.4573034307428447,
        "nauc_map_at_10_std": -0.7794743709219688,
        "nauc_map_at_1_diff1": 0.8641517516892842,
        "nauc_map_at_1_max": -0.41132010651147344,
        "nauc_map_at_1_std": -0.5981664779872163,
        "nauc_map_at_20_diff1": 0.6226295035089465,
        "nauc_map_at_20_max": -0.3801072469840069,
        "nauc_map_at_20_std": -0.8098753185173075,
        "nauc_map_at_3_diff1": 0.7231761591385705,
        "nauc_map_at_3_max": -0.4601502797819253,
        "nauc_map_at_3_std": -0.6947782541635664,
        "nauc_map_at_5_diff1": 0.6766663880691576,
        "nauc_map_at_5_max": -0.4585254753363804,
        "nauc_map_at_5_std": -0.7266310336341055,
        "nauc_mrr_at_1000_diff1": 0.4802808869924356,
        "nauc_mrr_at_1000_max": 0.9063001572794118,
        "nauc_mrr_at_1000_std": 0.5469337088269954,
        "nauc_mrr_at_100_diff1": 0.4802808869924356,
        "nauc_mrr_at_100_max": 0.9063001572794118,
        "nauc_mrr_at_100_std": 0.5469337088269954,
        "nauc_mrr_at_10_diff1": 0.47364330675066985,
        "nauc_mrr_at_10_max": 0.9080439508784303,
        "nauc_mrr_at_10_std": 0.5553654636255004,
        "nauc_mrr_at_1_diff1": 0.4412612442314275,
        "nauc_mrr_at_1_max": 0.887876947986237,
        "nauc_mrr_at_1_std": 0.4773166985928937,
        "nauc_mrr_at_20_diff1": 0.4802808869924356,
        "nauc_mrr_at_20_max": 0.9063001572794118,
        "nauc_mrr_at_20_std": 0.5469337088269954,
        "nauc_mrr_at_3_diff1": 0.4918837291629359,
        "nauc_mrr_at_3_max": 0.9122880762225027,
        "nauc_mrr_at_3_std": 0.5758870576120142,
        "nauc_mrr_at_5_diff1": 0.47364330675066985,
        "nauc_mrr_at_5_max": 0.9080439508784303,
        "nauc_mrr_at_5_std": 0.5553654636255004,
        "nauc_ndcg_at_1000_diff1": 0.3036087172162783,
        "nauc_ndcg_at_1000_max": 0.40325678588297054,
        "nauc_ndcg_at_1000_std": 0.25277094867863675,
        "nauc_ndcg_at_100_diff1": 0.32775149431747164,
        "nauc_ndcg_at_100_max": 0.21484751709757693,
        "nauc_ndcg_at_100_std": 0.040825674636834446,
        "nauc_ndcg_at_10_diff1": 0.32131187862808125,
        "nauc_ndcg_at_10_max": 0.6089810930313578,
        "nauc_ndcg_at_10_std": 0.3313477426476219,
        "nauc_ndcg_at_1_diff1": 0.4412612442314275,
        "nauc_ndcg_at_1_max": 0.887876947986237,
        "nauc_ndcg_at_1_std": 0.4773166985928937,
        "nauc_ndcg_at_20_diff1": 0.2945102065140817,
        "nauc_ndcg_at_20_max": 0.3918841649440035,
        "nauc_ndcg_at_20_std": 0.2596944090996293,
        "nauc_ndcg_at_3_diff1": 0.46943286198912454,
        "nauc_ndcg_at_3_max": 0.822973437617091,
        "nauc_ndcg_at_3_std": 0.42127212479571463,
        "nauc_ndcg_at_5_diff1": 0.42523034880955035,
        "nauc_ndcg_at_5_max": 0.774167990471881,
        "nauc_ndcg_at_5_std": 0.38500460020049815,
        "nauc_precision_at_1000_diff1": -0.49949719399127357,
        "nauc_precision_at_1000_max": 0.442917113813618,
        "nauc_precision_at_1000_std": 0.9374362862153509,
        "nauc_precision_at_100_diff1": -0.5451908601606135,
        "nauc_precision_at_100_max": 0.516141941812042,
        "nauc_precision_at_100_std": 0.9150390676955534,
        "nauc_precision_at_10_diff1": -0.7080709423888644,
        "nauc_precision_at_10_max": 0.6934936566989723,
        "nauc_precision_at_10_std": 0.8278465852019495,
        "nauc_precision_at_1_diff1": 0.4412612442314275,
        "nauc_precision_at_1_max": 0.887876947986237,
        "nauc_precision_at_1_std": 0.4773166985928937,
        "nauc_precision_at_20_diff1": -0.6428694697806264,
        "nauc_precision_at_20_max": 0.6652205436126282,
        "nauc_precision_at_20_std": 0.8456185791629881,
        "nauc_precision_at_3_diff1": -0.7086533533767844,
        "nauc_precision_at_3_max": 0.758477444306715,
        "nauc_precision_at_3_std": 0.7168547364363687,
        "nauc_precision_at_5_diff1": -0.7556664369290126,
        "nauc_precision_at_5_max": 0.7608292066235206,
        "nauc_precision_at_5_std": 0.7887704154354133,
        "nauc_recall_at_1000_diff1": NaN,
        "nauc_recall_at_1000_max": NaN,
        "nauc_recall_at_1000_std": NaN,
        "nauc_recall_at_100_diff1": 0.5875748407607118,
        "nauc_recall_at_100_max": -0.43625686582882217,
        "nauc_recall_at_100_std": -1.0758634441463337,
        "nauc_recall_at_10_diff1": 0.648463764942286,
        "nauc_recall_at_10_max": -0.5150535079995107,
        "nauc_recall_at_10_std": -0.818363592633777,
        "nauc_recall_at_1_diff1": 0.8641517516892842,
        "nauc_recall_at_1_max": -0.41132010651147344,
        "nauc_recall_at_1_std": -0.5981664779872163,
        "nauc_recall_at_20_diff1": 0.6572786779774675,
        "nauc_recall_at_20_max": -0.5018111489099164,
        "nauc_recall_at_20_std": -0.9257491779991561,
        "nauc_recall_at_3_diff1": 0.7263154704422994,
        "nauc_recall_at_3_max": -0.47630269215348836,
        "nauc_recall_at_3_std": -0.7059107902321562,
        "nauc_recall_at_5_diff1": 0.6830857586591943,
        "nauc_recall_at_5_max": -0.48661163768714233,
        "nauc_recall_at_5_std": -0.7442659732175846,
        "ndcg_at_1": 0.91176,
        "ndcg_at_10": 0.90314,
        "ndcg_at_100": 0.90289,
        "ndcg_at_1000": 0.93152,
        "ndcg_at_20": 0.89374,
        "ndcg_at_3": 0.91839,
        "ndcg_at_5": 0.91215,
        "precision_at_1": 0.91176,
        "precision_at_10": 0.66029,
        "precision_at_100": 0.27,
        "precision_at_1000": 0.04454,
        "precision_at_20": 0.56103,
        "precision_at_3": 0.81863,