{
  "dataset_revision": "d3e0adf4e942446c04427511ccce281c86861248",
  "evaluation_time": 31.795705556869507,
  "kg_co2_emissions": null,
  "mteb_version": "1.14.15",
  "scores": {
    "test": [
      {
        "cv_recall_at_1": 0.44286,
        "cv_recall_at_10": 0.68571,
        "cv_recall_at_100": 1.0,
        "cv_recall_at_1000": 1.0,
        "cv_recall_at_20": 0.74286,
        "cv_recall_at_3": 0.55714,
        "cv_recall_at_5": 0.61429,
        "hf_subset": "default",
        "languages": [
          "eng-Latn"
        ],
        "main_score": 0.44286,
        "map_at_1": 0.00608,
        "map_at_10": 0.06234,
        "map_at_100": 0.38524,
        "map_at_1000": 0.59012,
        "map_at_20": 0.12562,
        "map_at_3": 0.01829,
        "map_at_5": 0.03086,
        "mrr_at_1": 0.44285714285714284,
        "mrr_at_10": 0.5202721088435374,
        "mrr_at_100": 0.5330382509102211,
        "mrr_at_1000": 0.5330382509102211,
        "mrr_at_20": 0.5242961800104657,
        "mrr_at_3": 0.4976190476190476,
        "mrr_at_5": 0.5111904761904762,
        "nauc_cv_recall_at_1000_diff1": NaN,
        "nauc_cv_recall_at_1000_max": NaN,
        "nauc_cv_recall_at_1000_std": NaN,
        "nauc_cv_recall_at_100_diff1": NaN,
        "nauc_cv_recall_at_100_max": NaN,
        "nauc_cv_recall_at_100_std": NaN,
        "nauc_cv_recall_at_10_diff1": 0.21309060033962607,
        "nauc_cv_recall_at_10_max": -0.7987214064529021,
        "nauc_cv_recall_at_10_std": -0.6253621016881435,
        "nauc_cv_recall_at_1_diff1": -0.2032955754194115,
        "nauc_cv_recall_at_1_max": -0.4568458767984772,
        "nauc_cv_recall_at_1_std": -0.4311493459234515,
        "nauc_cv_recall_at_20_diff1": 0.4555471124620063,
        "nauc_cv_recall_at_20_max": -1.0215396305821838,
        "nauc_cv_recall_at_20_std": -0.7515782090250174,
        "nauc_cv_recall_at_3_diff1": -0.012291022297693518,
        "nauc_cv_recall_at_3_max": -0.6075969838478178,
        "nauc_cv_recall_at_3_std": -0.4389593062041362,
        "nauc_cv_recall_at_5_diff1": 0.05158876878574975,
        "nauc_cv_recall_at_5_max": -0.7065399421475026,
        "nauc_cv_recall_at_5_std": -0.5271754496618025,
        "nauc_map_at_1000_diff1": 0.03720516322821152,
        "nauc_map_at_1000_max": -0.4529828301729235,
        "nauc_map_at_1000_std": -0.35633799773865116,
        "nauc_map_at_100_diff1": -0.02619405187290235,
        "nauc_map_at_100_max": -0.4370013696619716,
        "nauc_map_at_100_std": -0.46454343187672664,
        "nauc_map_at_10_diff1": -0.09986204764269688,
        "nauc_map_at_10_max": -0.39107546927315706,
        "nauc_map_at_10_std": -0.5164540240658615,
        "nauc_map_at_1_diff1": -0.15866572518489683,
        "nauc_map_at_1_max": -0.36020428687162853,
        "nauc_map_at_1_std": -0.4884621228254552,
        "nauc_map_at_20_diff1": -0.08699282510648582,
        "nauc_map_at_20_max": -0.39184754298828034,
        "nauc_map_at_20_std": -0.517283621726561,
        "nauc_map_at_3_diff1": -0.12982015741868602,
        "nauc_map_at_3_max": -0.36966117595353853,
        "nauc_map_at_3_std": -0.4990427681251167,
        "nauc_map_at_5_diff1": -0.11438388029225739,
        "nauc_map_at_5_max": -0.3759431067217589,
        "nauc_map_at_5_std": -0.5094987613832602,
        "nauc_mrr_at_1000_diff1": -0.09760356918014945,
        "nauc_mrr_at_1000_max": -0.5457893307939984,
        "nauc_mrr_at_1000_std": -0.4589395899167241,
        "nauc_mrr_at_100_diff1": -0.09760356918014945,
        "nauc_mrr_at_100_max": -0.5457893307939984,
        "nauc_mrr_at_100_std": -0.4589395899167241,
        "nauc_mrr_at_10_diff1": -0.09460845448459133,
        "nauc_mrr_at_10_max": -0.5495061318296307,
        "nauc_mrr_at_10_std": -0.4613441462641539,
        "nauc_mrr_at_1_diff1": -0.2032955754194115,
        "nauc_mrr_at_1_max": -0.4568458767984772,
        "nauc_mrr_at_1_std": -0.4311493459234515,
        "nauc_mrr_at_20_diff1": -0.08511495134318046,
        "nauc_mrr_at_20_max": -0.5579333450563374,
        "nauc_mrr_at_20_std": -0.46635673111755416,
        "nauc_mrr_at_3_diff1": -0.11929506435344853,
        "nauc_mrr_at_3_max": -0.5218904975010407,
        "nauc_mrr_at_3_std": -0.43134717951530854,
        "nauc_mrr_at_5_diff1": -0.10773566962604225,
        "nauc_mrr_at_5_max": -0.540349860401353,
        "nauc_mrr_at_5_std": -0.4499033119152042,
        "nauc_ndcg_at_1000_diff1": 0.07274671563353413,
        "nauc_ndcg_at_1000_max": -0.4865500239287259,
        "nauc_ndcg_at_1000_std": -0.40428842608998034,
        "nauc_ndcg_at_100_diff1": 0.062226534479409595,
        "nauc_ndcg_at_100_max": -0.5231237198719187,
        "nauc_ndcg_at_100_std": -0.4259154317766661,
        "nauc_ndcg_at_10_diff1": 0.011975236028130125,
        "nauc_ndcg_at_10_max": -0.5916698874815911,
        "nauc_ndcg_at_10_std": -0.5037628616026535,
        "nauc_ndcg_at_1_diff1": -0.2032955754194115,
        "nauc_ndcg_at_1_max": -0.4568458767984772,
        "nauc_ndcg_at_1_std": -0.4311493459234515,
        "nauc_ndcg_at_20_diff1": 0.07267463609703029,
        "nauc_ndcg_at_20_max": -0.6104265860295885,
        "nauc_ndcg_at_20_std": -0.5204998388240426,
        "nauc_ndcg_at_3_diff1": -0.1068772557829285,
        "nauc_ndcg_at_3_max": -0.5177539304990759,
        "nauc_ndcg_at_3_std": -0.445097890727703,
        "nauc_ndcg_at_5_diff1": -0.03881051645516781,
        "nauc_ndcg_at_5_max": -0.5526279543134514,
        "nauc_ndcg_at_5_std": -0.4841106635047365,
        "nauc_precision_at_1000_diff1": 0.2789471389484191,
        "nauc_precision_at_1000_max": 0.004796615699005281,
        "nauc_precision_at_1000_std": 0.008828600895159208,
        "nauc_precision_at_100_diff1": 0.1064740168318726,
        "nauc_precision_at_100_max": -0.34071633982448457,
        "nauc_precision_at_100_std": -0.11517410164806158,
        "nauc_precision_at_10_diff1": 0.059537840137752714,
        "nauc_precision_at_10_max": -0.6152922657738824,
        "nauc_precision_at_10_std": -0.5175567212538407,
        "nauc_precision_at_1_diff1": -0.2032955754194115,
        "nauc_precision_at_1_max": -0.4568458767984772,
        "nauc_precision_at_1_std": -0.4311493459234515,
        "nauc_precision_at_20_diff1": 0.121756353763297,
        "nauc_precision_at_20_max": -0.629614343461319,
        "nauc_precision_at_20_std": -0.5337697309589419,
        "nauc_precision_at_3_diff1": -0.08367994676017733,
        "nauc_precision_at_3_max": -0.5305489076877788,
        "nauc_precision_at_3_std": -0.448942242471556,
        "nauc_precision_at_5_diff1": 0.007500294360061359,
        "nauc_precision_at_5_max": -0.5736802857254991,
        "nauc_precision_at_5_std": -0.5017151379567485,
        "nauc_recall_at_1000_diff1": -0.10492782437660965,
        "nauc_recall_at_1000_max": 0.03860170283108612,
        "nauc_recall_at_1000_std": 0.30870290856711907,
        "nauc_recall_at_100_diff1": -0.05524293444079879,
        "nauc_recall_at_100_max": -0.4009179849451807,
        "nauc_recall_at_100_std": -0.45101142161978114,
        "nauc_recall_at_10_diff1": -0.07623832221922863,
        "nauc_recall_at_10_max": -0.4128935560314484,
        "nauc_recall_at_10_std": -0.5314447196298827,
        "nauc_recall_at_1_diff1": -0.15866572518489683,
        "nauc_recall_at_1_max": -0.36020428687162853,
        "nauc_recall_at_1_std": -0.4884621228254552,
        "nauc_recall_at_20_diff1": -0.060777883695243326,
        "nauc_recall_at_20_max": -0.4096888399591994,
        "nauc_recall_at_20_std": -0.5268841482899995,
        "nauc_recall_at_3_diff1": -0.11398916921733683,
        "nauc_recall_at_3_max": -0.38079837008334455,
        "nauc_recall_at_3_std": -0.504253682608669,
        "nauc_recall_at_5_diff1": -0.09564568557472779,
        "nauc_recall_at_5_max": -0.3920353315156408,
        "nauc_recall_at_5_std": -0.5225445434238595,
        "ndcg_at_1": 0.44286,
        "ndcg_at_10": 0.50412,
        "ndcg_at_100": 0.58903,
        "ndcg_at_1000": 0.81309,