{
  "dataset_revision": "9c3a626c16c811f15514689c3e7e95a4f2b9b8c3",
  "evaluation_time": 94.63442134857178,
  "kg_co2_emissions": 0.0034128575782361456,
  "mteb_version": "1.14.15",
  "scores": {
    "test": [
      {
        "cv_recall_at_1": 0.00661,
        "cv_recall_at_10": 0.05773,
        "cv_recall_at_100": 0.2267,
        "cv_recall_at_1000": 0.78773,
        "cv_recall_at_20": 0.08479,
        "cv_recall_at_3": 0.02165,
        "cv_recall_at_5": 0.03307,
        "hf_subset": "default",
        "languages": [
          "eng-Latn"
        ],
        "main_score": 0.01718,
        "map_at_1": 0.00481,
        "map_at_10": 0.01636,
        "map_at_100": 0.02127,
        "map_at_1000": 0.02306,
        "map_at_20": 0.01821,
        "map_at_3": 0.01002,
        "map_at_5": 0.01282,
        "mrr_at_1": 0.00661455201443175,
        "mrr_at_10": 0.018251582051942848,
        "mrr_at_100": 0.02305203202151222,
        "mrr_at_1000": 0.02485529359643614,
        "mrr_at_20": 0.020060115277294326,
        "mrr_at_3": 0.012527560633393466,
        "mrr_at_5": 0.01502305071156544,
        "nauc_cv_recall_at_1000_diff1": 0.12680147200429773,
        "nauc_cv_recall_at_1000_max": -0.0033238525653480765,
        "nauc_cv_recall_at_1000_std": 0.08515867101528461,
        "nauc_cv_recall_at_100_diff1": 0.092011557735018,
        "nauc_cv_recall_at_100_max": 0.04148210431875264,
        "nauc_cv_recall_at_100_std": 0.07964200887536987,
        "nauc_cv_recall_at_10_diff1": 0.06457671106701908,
        "nauc_cv_recall_at_10_max": 0.1110772717799472,
        "nauc_cv_recall_at_10_std": 0.11718968954868252,
        "nauc_cv_recall_at_1_diff1": 0.02950082154265168,
        "nauc_cv_recall_at_1_max": 0.06137722552821106,
        "nauc_cv_recall_at_1_std": 0.1529895137129821,
        "nauc_cv_recall_at_20_diff1": 0.1105831754151637,
        "nauc_cv_recall_at_20_max": 0.09254976874128716,
        "nauc_cv_recall_at_20_std": 0.07763962739980056,
        "nauc_cv_recall_at_3_diff1": 0.06757720433879102,
        "nauc_cv_recall_at_3_max": 0.12416491465733441,
        "nauc_cv_recall_at_3_std": 0.14800379032441072,
        "nauc_cv_recall_at_5_diff1": 0.04460854739888385,
        "nauc_cv_recall_at_5_max": 0.15748672294854815,
        "nauc_cv_recall_at_5_std": 0.18102407832189293,
        "nauc_map_at_1000_diff1": 0.09924358229008445,
        "nauc_map_at_1000_max": 0.14074227853107255,
        "nauc_map_at_1000_std": 0.1653909860462452,
        "nauc_map_at_100_diff1": 0.1014819708907919,
        "nauc_map_at_100_max": 0.14455859328089635,
        "nauc_map_at_100_std": 0.16658614803487942,
        "nauc_map_at_10_diff1": 0.09862752884698558,
        "nauc_map_at_10_max": 0.17118921127826675,
        "nauc_map_at_10_std": 0.2018190787977287,
        "nauc_map_at_1_diff1": 0.10344220351306162,
        "nauc_map_at_1_max": 0.2801666750735841,
        "nauc_map_at_1_std": 0.3127715250368515,
        "nauc_map_at_20_diff1": 0.09910432484711855,
        "nauc_map_at_20_max": 0.16081197203170408,
        "nauc_map_at_20_std": 0.1804239615408922,
        "nauc_map_at_3_diff1": 0.10962705756713793,
        "nauc_map_at_3_max": 0.21044525060770242,
        "nauc_map_at_3_std": 0.29537124183124247,
        "nauc_map_at_5_diff1": 0.08338741024559321,
        "nauc_map_at_5_max": 0.22059238557257504,
        "nauc_map_at_5_std": 0.24921673050413393,
        "nauc_mrr_at_1000_diff1": 0.07829153444976937,
        "nauc_mrr_at_1000_max": 0.09660475411656452,
        "nauc_mrr_at_1000_std": 0.11883324596486944,
        "nauc_mrr_at_100_diff1": 0.07996567024200887,
        "nauc_mrr_at_100_max": 0.09952878232656256,
        "nauc_mrr_at_100_std": 0.11937700883228919,
        "nauc_mrr_at_10_diff1": 0.06006715152345993,
        "nauc_mrr_at_10_max": 0.11462829680710598,
        "nauc_mrr_at_10_std": 0.14026990551144344,
        "nauc_mrr_at_1_diff1": 0.02950082154265168,
        "nauc_mrr_at_1_max": 0.06137722552821106,
        "nauc_mrr_at_1_std": 0.1529895137129821,
        "nauc_mrr_at_20_diff1": 0.07599061375590102,
        "nauc_mrr_at_20_max": 0.10923523843080038,
        "nauc_mrr_at_20_std": 0.12596130035634834,
        "nauc_mrr_at_3_diff1": 0.07061519918454891,
        "nauc_mrr_at_3_max": 0.11384505832271892,
        "nauc_mrr_at_3_std": 0.1482394733236093,
        "nauc_mrr_at_5_diff1": 0.05585938380398332,
        "nauc_mrr_at_5_max": 0.12774493368136022,
        "nauc_mrr_at_5_std": 0.1646169469231649,
        "nauc_ndcg_at_1000_diff1": 0.10137994979248391,
        "nauc_ndcg_at_1000_max": 0.06698249470707808,
        "nauc_ndcg_at_1000_std": 0.11338679126394169,
        "nauc_ndcg_at_100_diff1": 0.09948242474378748,
        "nauc_ndcg_at_100_max": 0.08494442976050072,
        "nauc_ndcg_at_100_std": 0.11210021635640012,
        "nauc_ndcg_at_10_diff1": 0.10313067606064334,
        "nauc_ndcg_at_10_max": 0.14184695968701702,
        "nauc_ndcg_at_10_std": 0.1662442729037287,
        "nauc_ndcg_at_1_diff1": 0.10344220351306162,
        "nauc_ndcg_at_1_max": 0.2801666750735841,
        "nauc_ndcg_at_1_std": 0.3127715250368515,
        "nauc_ndcg_at_20_diff1": 0.10292059373911423,
        "nauc_ndcg_at_20_max": 0.12778831407744876,
        "nauc_ndcg_at_20_std": 0.13083335586200906,
        "nauc_ndcg_at_3_diff1": 0.10200801804000015,
        "nauc_ndcg_at_3_max": 0.19224829707906804,
        "nauc_ndcg_at_3_std": 0.2959440309197743,
        "nauc_ndcg_at_5_diff1": 0.07166360220641622,
        "nauc_ndcg_at_5_max": 0.21245021879178183,
        "nauc_ndcg_at_5_std": 0.23138849876117307,
        "nauc_precision_at_1000_diff1": 0.12680147200429628,
        "nauc_precision_at_1000_max": -0.0033238525653486637,
        "nauc_precision_at_1000_std": 0.08515867101528438,
        "nauc_precision_at_100_diff1": 0.09505671613275772,
        "nauc_precision_at_100_max": 0.047059347040526826,
        "nauc_precision_at_100_std": 0.08593290191700094,
        "nauc_precision_at_10_diff1": 0.11109833177076332,
        "nauc_precision_at_10_max": 0.11170629252684498,
        "nauc_precision_at_10_std": 0.12894973448960717,
        "nauc_precision_at_1_diff1": 0.10344220351306162,
        "nauc_precision_at_1_max": 0.2801666750735841,
        "nauc_precision_at_1_std": 0.3127715250368515,
        "nauc_precision_at_20_diff1": 0.10793734686106375,
        "nauc_precision_at_20_max": 0.10066967872626001,
        "nauc_precision_at_20_std": 0.08746054171037633,
        "nauc_precision_at_3_diff1": 0.08808293879306914,
        "nauc_precision_at_3_max": 0.1612344526381739,
        "nauc_precision_at_3_std": 0.2974407056879006,
        "nauc_precision_at_5_diff1": 0.05603780753577573,
        "nauc_precision_at_5_max": 0.20304576470010383,
        "nauc_precision_at_5_std": 0.20604921673683277,
        "nauc_recall_at_1000_diff1": 0.12680147200429773,
        "nauc_recall_at_1000_max": -0.0033238525653480765,
        "nauc_recall_at_1000_std": 0.08515867101528461,
        "nauc_recall_at_100_diff1": 0.09505671613275751,
        "nauc_recall_at_100_max": 0.04705934704052654,
        "nauc_recall_at_100_std": 0.08593290191700081,
        "nauc_recall_at_10_diff1": 0.11109833177076288,
        "nauc_recall_at_10_max": 0.11170629252684447,
        "nauc_recall_at_10_std": 0.12894973448960687,
        "nauc_recall_at_1_diff1": 0.10344220351306162,
        "nauc_recall_at_1_max": 0.2801666750735841,
        "nauc_recall_at_1_std": 0.3127715250368515,
        "nauc_recall_at_20_diff1": 0.10793734686106367,
        "nauc_recall_at_20_max": 0.1006696787262599,
        "nauc_recall_at_20_std": 0.08746054171037614,
        "nauc_recall_at_3_diff1": 0.08808293879306933,
        "nauc_recall_at_3_max": 0.16123445263817407,
        "nauc_recall_at_3_std": 0.2974407056879009,
        "nauc_recall_at_5_diff1": 0.056037807535775475,
        "nauc_recall_at_5_max": 0.20304576470010355,
        "nauc_recall_at_5_std": 0.2060492167368323,
        "ndcg_at_1": 0.00481,
        "ndcg_at_10": 0.02573,