{
  "dataset_revision": "24acb2d0b72e18b03388eb20a6225983c0e3f629",
  "evaluation_time": 45.292608976364136,
  "kg_co2_emissions": 0.002919696340419101,
  "mteb_version": "1.14.15",
  "scores": {
    "test": [
      {
        "cv_recall_at_1": 0.768,
        "cv_recall_at_10": 0.968,
        "cv_recall_at_100": 0.998,
        "cv_recall_at_1000": 1.0,
        "cv_recall_at_20": 0.982,
        "cv_recall_at_3": 0.906,
        "cv_recall_at_5": 0.934,
        "hf_subset": "default",
        "languages": [
          "eng-Latn"
        ],
        "main_score": 0.87297,
        "map_at_1": 0.768,
        "map_at_10": 0.842,
        "map_at_100": 0.84344,
        "map_at_1000": 0.84345,
        "map_at_20": 0.84299,
        "map_at_3": 0.83083,
        "map_at_5": 0.83733,
        "mrr_at_1": 0.768,
        "mrr_at_10": 0.8419972222222226,
        "mrr_at_100": 0.8434397915507349,
        "mrr_at_1000": 0.843449718994602,
        "mrr_at_20": 0.8429889572845458,
        "mrr_at_3": 0.8308333333333336,
        "mrr_at_5": 0.8373333333333337,
        "nauc_cv_recall_at_1000_diff1": NaN,
        "nauc_cv_recall_at_1000_max": NaN,
        "nauc_cv_recall_at_1000_std": NaN,
        "nauc_cv_recall_at_100_diff1": 0.7957516339869004,
        "nauc_cv_recall_at_100_max": 1.0,
        "nauc_cv_recall_at_100_std": 0.934640522875782,
        "nauc_cv_recall_at_10_diff1": 0.7987570028011257,
        "nauc_cv_recall_at_10_max": 0.770556139122318,
        "nauc_cv_recall_at_10_std": -0.005573062558355284,
        "nauc_cv_recall_at_1_diff1": 0.8144226323837972,
        "nauc_cv_recall_at_1_max": 0.37079910380881215,
        "nauc_cv_recall_at_1_std": -0.17560190618443097,
        "nauc_cv_recall_at_20_diff1": 0.8167600373482703,
        "nauc_cv_recall_at_20_max": 0.8526818134661249,
        "nauc_cv_recall_at_20_std": 0.18640419130615546,
        "nauc_cv_recall_at_3_diff1": 0.7511323678407527,
        "nauc_cv_recall_at_3_max": 0.48994278562488647,
        "nauc_cv_recall_at_3_std": -0.22311619683334313,
        "nauc_cv_recall_at_5_diff1": 0.7648332060096772,
        "nauc_cv_recall_at_5_max": 0.5865376453611739,
        "nauc_cv_recall_at_5_std": -0.15399088928500637,
        "nauc_map_at_1000_diff1": 0.7992295007743553,
        "nauc_map_at_1000_max": 0.4092005702993537,
        "nauc_map_at_1000_std": -0.17806193716944016,
        "nauc_map_at_100_diff1": 0.7992296232160836,
        "nauc_map_at_100_max": 0.40924104613554063,
        "nauc_map_at_100_std": -0.17798602624121662,
        "nauc_map_at_10_diff1": 0.7991922046095752,
        "nauc_map_at_10_max": 0.412511581600937,
        "nauc_map_at_10_std": -0.17719805822416587,
        "nauc_map_at_1_diff1": 0.8144226323837972,
        "nauc_map_at_1_max": 0.37079910380881215,
        "nauc_map_at_1_std": -0.17560190618443097,
        "nauc_map_at_20_diff1": 0.7992682845053903,
        "nauc_map_at_20_max": 0.4105452734403434,
        "nauc_map_at_20_std": -0.1772245520559051,
        "nauc_map_at_3_diff1": 0.793835491248956,
        "nauc_map_at_3_max": 0.4049226163718359,
        "nauc_map_at_3_std": -0.18967460838894798,
        "nauc_map_at_5_diff1": 0.797293579116155,
        "nauc_map_at_5_max": 0.4112543229774237,
        "nauc_map_at_5_std": -0.18277012683481722,
        "nauc_mrr_at_1000_diff1": 0.7992295007743553,
        "nauc_mrr_at_1000_max": 0.4092005702993537,
        "nauc_mrr_at_1000_std": -0.17806193716944016,
        "nauc_mrr_at_100_diff1": 0.7992296232160836,
        "nauc_mrr_at_100_max": 0.40924104613554063,
        "nauc_mrr_at_100_std": -0.17798602624121662,
        "nauc_mrr_at_10_diff1": 0.7991922046095752,
        "nauc_mrr_at_10_max": 0.412511581600937,
        "nauc_mrr_at_10_std": -0.17719805822416587,
        "nauc_mrr_at_1_diff1": 0.8144226323837972,
        "nauc_mrr_at_1_max": 0.37079910380881215,
        "nauc_mrr_at_1_std": -0.17560190618443097,
        "nauc_mrr_at_20_diff1": 0.7992682845053903,
        "nauc_mrr_at_20_max": 0.4105452734403434,
        "nauc_mrr_at_20_std": -0.1772245520559051,
        "nauc_mrr_at_3_diff1": 0.793835491248956,
        "nauc_mrr_at_3_max": 0.4049226163718359,
        "nauc_mrr_at_3_std": -0.18967460838894798,
        "nauc_mrr_at_5_diff1": 0.797293579116155,
        "nauc_mrr_at_5_max": 0.4112543229774237,
        "nauc_mrr_at_5_std": -0.18277012683481722,
        "nauc_ndcg_at_1000_diff1": 0.7981110082570707,
        "nauc_ndcg_at_1000_max": 0.4176338876309586,
        "nauc_ndcg_at_1000_std": -0.17450440328671407,
        "nauc_ndcg_at_100_diff1": 0.7981078059194501,
        "nauc_ndcg_at_100_max": 0.4189935507288948,
        "nauc_ndcg_at_100_std": -0.17191690789897923,
        "nauc_ndcg_at_10_diff1": 0.7980452443478993,
        "nauc_ndcg_at_10_max": 0.43747901482690676,
        "nauc_ndcg_at_10_std": -0.16678974886544032,
        "nauc_ndcg_at_1_diff1": 0.8144226323837972,
        "nauc_ndcg_at_1_max": 0.37079910380881215,
        "nauc_ndcg_at_1_std": -0.17560190618443097,
        "nauc_ndcg_at_20_diff1": 0.798606978314332,
        "nauc_ndcg_at_20_max": 0.43002542294341806,
        "nauc_ndcg_at_20_std": -0.16498898179287055,
        "nauc_ndcg_at_3_diff1": 0.7863359988988677,
        "nauc_ndcg_at_3_max": 0.4196114928331938,
        "nauc_ndcg_at_3_std": -0.1954752554257065,
        "nauc_ndcg_at_5_diff1": 0.7926270314398016,
        "nauc_ndcg_at_5_max": 0.43392476659895524,
        "nauc_ndcg_at_5_std": -0.17995847268164816,
        "nauc_precision_at_1000_diff1": NaN,
        "nauc_precision_at_1000_max": NaN,
        "nauc_precision_at_1000_std": NaN,
        "nauc_precision_at_100_diff1": 0.7957516339869937,
        "nauc_precision_at_100_max": 1.0,
        "nauc_precision_at_100_std": 0.934640522875891,
        "nauc_precision_at_10_diff1": 0.7987570028011196,
        "nauc_precision_at_10_max": 0.7705561391223179,
        "nauc_precision_at_10_std": -0.0055730625583604145,
        "nauc_precision_at_1_diff1": 0.8144226323837972,
        "nauc_precision_at_1_max": 0.37079910380881215,
        "nauc_precision_at_1_std": -0.17560190618443097,
        "nauc_precision_at_20_diff1": 0.816760037348264,
        "nauc_precision_at_20_max": 0.8526818134661264,
        "nauc_precision_at_20_std": 0.1864041913061491,
        "nauc_precision_at_3_diff1": 0.7511323678407538,
        "nauc_precision_at_3_max": 0.48994278562488996,
        "nauc_precision_at_3_std": -0.22311619683334005,
        "nauc_precision_at_5_diff1": 0.7648332060096781,
        "nauc_precision_at_5_max": 0.5865376453611709,
        "nauc_precision_at_5_std": -0.1539908892850092,
        "nauc_recall_at_1000_diff1": NaN,
        "nauc_recall_at_1000_max": NaN,
        "nauc_recall_at_1000_std": NaN,
        "nauc_recall_at_100_diff1": 0.7957516339869004,
        "nauc_recall_at_100_max": 1.0,
        "nauc_recall_at_100_std": 0.934640522875782,
        "nauc_recall_at_10_diff1": 0.7987570028011257,
        "nauc_recall_at_10_max": 0.770556139122318,
        "nauc_recall_at_10_std": -0.005573062558355284,
        "nauc_recall_at_1_diff1": 0.8144226323837972,
        "nauc_recall_at_1_max": 0.37079910380881215,
        "nauc_recall_at_1_std": -0.17560190618443097,
        "nauc_recall_at_20_diff1": 0.8167600373482703,
        "nauc_recall_at_20_max": 0.8526818134661249,
        "nauc_recall_at_20_std": 0.18640419130615546,
        "nauc_recall_at_3_diff1": 0.7511323678407527,
        "nauc_recall_at_3_max": 0.48994278562488647,
        "nauc_recall_at_3_std": -0.22311619683334313,
        "nauc_recall_at_5_diff1": 0.7648332060096772,
        "nauc_recall_at_5_max": 0.5865376453611739,
        "nauc_recall_at_5_std": -0.15399088928500637,
        "ndcg_at_1": 0.768,
        "ndcg_at_10": 0.87297,
        "ndcg_at_100": 0.87959,
        "ndcg_at_1000": 0.87985,
        "ndcg_at_20": 0.87653,
        "ndcg_at_3": 0.85022,
        "ndcg_at_5": 0.86184,
        "precision_at_1": 0.768,
        "precision_at_10": 0.0968,
        "precision_at_100": 0.00998,