{
  "dataset_revision": "3f018eb7ad32218a5a4ebd704493e0834a265cf5",
  "evaluation_time": 220.43067502975464,
  "kg_co2_emissions": 0.018251912408260542,
  "mteb_version": "1.14.15",
  "scores": {
    "test": [
      {
        "cv_recall_at_1": 0.5,
        "cv_recall_at_10": 0.72059,
        "cv_recall_at_100": 0.89706,
        "cv_recall_at_1000": 1.0,
        "cv_recall_at_20": 0.77941,
        "cv_recall_at_3": 0.61765,
        "cv_recall_at_5": 0.67647,
        "hf_subset": "default",
        "languages": [
          "eng-Latn"
        ],
        "main_score": 0.5,
        "map_at_1": 0.04835,
        "map_at_10": 0.1161,
        "map_at_100": 0.20348,
        "map_at_1000": 0.25462,
        "map_at_20": 0.1423,
        "map_at_3": 0.07694,
        "map_at_5": 0.0922,
        "mrr_at_1": 0.5,
        "mrr_at_10": 0.5655637254901962,
        "mrr_at_100": 0.5738879450619983,
        "mrr_at_1000": 0.5744902006923613,
        "mrr_at_20": 0.5704828259975321,
        "mrr_at_3": 0.5490196078431373,
        "mrr_at_5": 0.5607843137254903,
        "nauc_cv_recall_at_1000_diff1": NaN,
        "nauc_cv_recall_at_1000_max": NaN,
        "nauc_cv_recall_at_1000_std": NaN,
        "nauc_cv_recall_at_100_diff1": 0.2295954109574882,
        "nauc_cv_recall_at_100_max": 0.694489400007193,
        "nauc_cv_recall_at_100_std": 0.4123986135393334,
        "nauc_cv_recall_at_10_diff1": 0.0850271374586415,
        "nauc_cv_recall_at_10_max": 0.6852631506406119,
        "nauc_cv_recall_at_10_std": 0.29482525104322405,
        "nauc_cv_recall_at_1_diff1": -0.011897449132497047,
        "nauc_cv_recall_at_1_max": 0.7476964484975843,
        "nauc_cv_recall_at_1_std": 0.4570876111673991,
        "nauc_cv_recall_at_20_diff1": 0.08331293725704875,
        "nauc_cv_recall_at_20_max": 0.589900877260136,
        "nauc_cv_recall_at_20_std": 0.23031952857082702,
        "nauc_cv_recall_at_3_diff1": -0.10404789971734159,
        "nauc_cv_recall_at_3_max": 0.5994803116898051,
        "nauc_cv_recall_at_3_std": 0.26376199947105283,
        "nauc_cv_recall_at_5_diff1": 0.10068844134505696,
        "nauc_cv_recall_at_5_max": 0.6905668685820642,
        "nauc_cv_recall_at_5_std": 0.317984527369309,
        "nauc_map_at_1000_diff1": -0.08590345729689308,
        "nauc_map_at_1000_max": 0.6274128407924232,
        "nauc_map_at_1000_std": 0.4951884970376111,
        "nauc_map_at_100_diff1": 0.009261192700724643,
        "nauc_map_at_100_max": 0.5194294320963181,
        "nauc_map_at_100_std": 0.3689140125149341,
        "nauc_map_at_10_diff1": 0.09615588882061155,
        "nauc_map_at_10_max": 0.2661476054330208,
        "nauc_map_at_10_std": 0.14783855711482852,
        "nauc_map_at_1_diff1": 0.23859864331903083,
        "nauc_map_at_1_max": 0.1774764521352226,
        "nauc_map_at_1_std": 0.1836648635200198,
        "nauc_map_at_20_diff1": 0.07092968813760016,
        "nauc_map_at_20_max": 0.33421866258795757,
        "nauc_map_at_20_std": 0.18816786145533068,
        "nauc_map_at_3_diff1": 0.12304812351625513,
        "nauc_map_at_3_max": 0.10470649195287828,
        "nauc_map_at_3_std": 0.06395356810481659,
        "nauc_map_at_5_diff1": 0.12938570242257635,
        "nauc_map_at_5_max": 0.18451795558480766,
        "nauc_map_at_5_std": 0.11497799767879618,
        "nauc_mrr_at_1000_diff1": -0.022740265492173655,
        "nauc_mrr_at_1000_max": 0.7098842389015186,
        "nauc_mrr_at_1000_std": 0.4017994134194061,
        "nauc_mrr_at_100_diff1": -0.021916666301015516,
        "nauc_mrr_at_100_max": 0.7098560345079612,
        "nauc_mrr_at_100_std": 0.40162899870344776,
        "nauc_mrr_at_10_diff1": -0.019390382092174422,
        "nauc_mrr_at_10_max": 0.71311597635739,
        "nauc_mrr_at_10_std": 0.40097365752341185,
        "nauc_mrr_at_1_diff1": -0.011897449132497047,
        "nauc_mrr_at_1_max": 0.7476964484975843,
        "nauc_mrr_at_1_std": 0.4570876111673991,
        "nauc_mrr_at_20_diff1": -0.020659917466611815,
        "nauc_mrr_at_20_max": 0.7083793153545072,
        "nauc_mrr_at_20_std": 0.398910918233113,
        "nauc_mrr_at_3_diff1": -0.05175069389894102,
        "nauc_mrr_at_3_max": 0.6960838884393562,
        "nauc_mrr_at_3_std": 0.3902974849908792,
        "nauc_mrr_at_5_diff1": -0.01638581152219012,
        "nauc_mrr_at_5_max": 0.7132889487632973,
        "nauc_mrr_at_5_std": 0.4019243174402622,
        "nauc_ndcg_at_1000_diff1": -0.1016353508535868,
        "nauc_ndcg_at_1000_max": 0.6711296324393692,
        "nauc_ndcg_at_1000_std": 0.40914248268249953,
        "nauc_ndcg_at_100_diff1": 0.013258856596709008,
        "nauc_ndcg_at_100_max": 0.6134229579047027,
        "nauc_ndcg_at_100_std": 0.43506872363493837,
        "nauc_ndcg_at_10_diff1": -0.12752586291217585,
        "nauc_ndcg_at_10_max": 0.7591882460604328,
        "nauc_ndcg_at_10_std": 0.49758493341535937,
        "nauc_ndcg_at_1_diff1": -0.011897449132497047,
        "nauc_ndcg_at_1_max": 0.7476964484975843,
        "nauc_ndcg_at_1_std": 0.4570876111673991,
        "nauc_ndcg_at_20_diff1": -0.10889370096505403,
        "nauc_ndcg_at_20_max": 0.6893568573582697,
        "nauc_ndcg_at_20_std": 0.47291821275557283,
        "nauc_ndcg_at_3_diff1": -0.18006590834749048,
        "nauc_ndcg_at_3_max": 0.7097679981275307,
        "nauc_ndcg_at_3_std": 0.4666008390160868,
        "nauc_ndcg_at_5_diff1": -0.16142592916648696,
        "nauc_ndcg_at_5_max": 0.7545325954458185,
        "nauc_ndcg_at_5_std": 0.49843980261903303,
        "nauc_precision_at_1000_diff1": -0.2540013344742556,
        "nauc_precision_at_1000_max": 0.466002124456052,
        "nauc_precision_at_1000_std": 0.4165124262377759,
        "nauc_precision_at_100_diff1": -0.2455309366902031,
        "nauc_precision_at_100_max": 0.6895340589503405,
        "nauc_precision_at_100_std": 0.6159333431236549,
        "nauc_precision_at_10_diff1": -0.22128111545089954,
        "nauc_precision_at_10_max": 0.7460782387431821,
        "nauc_precision_at_10_std": 0.48502490361590556,
        "nauc_precision_at_1_diff1": -0.011897449132497047,
        "nauc_precision_at_1_max": 0.7476964484975843,
        "nauc_precision_at_1_std": 0.4570876111673991,
        "nauc_precision_at_20_diff1": -0.23081606665331378,
        "nauc_precision_at_20_max": 0.7023951429349915,
        "nauc_precision_at_20_std": 0.5090107831974667,
        "nauc_precision_at_3_diff1": -0.2266675997549161,
        "nauc_precision_at_3_max": 0.6853988291238758,
        "nauc_precision_at_3_std": 0.4387209037610402,
        "nauc_precision_at_5_diff1": -0.23102537701316483,
        "nauc_precision_at_5_max": 0.7392202721438649,
        "nauc_precision_at_5_std": 0.47882416671347394,
        "nauc_recall_at_1000_diff1": 0.1779168757557436,
        "nauc_recall_at_1000_max": 0.11379446269373404,
        "nauc_recall_at_1000_std": -0.0022248284936773714,
        "nauc_recall_at_100_diff1": 0.3059009069334052,
        "nauc_recall_at_100_max": 0.24806674318832816,
        "nauc_recall_at_100_std": 0.1490961629474455,
        "nauc_recall_at_10_diff1": 0.17396105247592236,
        "nauc_recall_at_10_max": 0.14531345792946967,
        "nauc_recall_at_10_std": 0.06949966473004786,
        "nauc_recall_at_1_diff1": 0.23859864331903083,
        "nauc_recall_at_1_max": 0.1774764521352226,
        "nauc_recall_at_1_std": 0.1836648635200198,
        "nauc_recall_at_20_diff1": 0.18471989418129348,
        "nauc_recall_at_20_max": 0.14219170813634793,
        "nauc_recall_at_20_std": 0.03901664608232535,
        "nauc_recall_at_3_diff1": 0.0719375650184355,
        "nauc_recall_at_3_max": -0.018812708685508515,
        "nauc_recall_at_3_std": -0.0629121573406824,
        "nauc_recall_at_5_diff1": 0.15861696530300204,
        "nauc_recall_at_5_max": 0.1030614087557439,
        "nauc_recall_at_5_std": 0.05002454228226868,
        "ndcg_at_1": 0.5,
        "ndcg_at_10": 0.38657,
        "ndcg_at_100": 0.38727,
        "ndcg_at_1000": 0.52515,
        "ndcg_at_20": 0.36386,