{
  "dataset_revision": "fd121b6592fe946616fa85116703b94a4c61fd63",
  "evaluation_time": 276.2228293418884,
  "kg_co2_emissions": 0.023072531963817415,
  "mteb_version": "1.14.15",
  "scores": {
    "test": [
      {
        "cv_recall_at_1": 0.01429,
        "cv_recall_at_10": 0.52857,
        "cv_recall_at_100": 1.0,
        "cv_recall_at_1000": 1.0,
        "cv_recall_at_20": 0.67143,
        "cv_recall_at_3": 0.12857,
        "cv_recall_at_5": 0.27143,
        "hf_subset": "default",
        "languages": [
          "eng-Latn"
        ],
        "main_score": 0.01429,
        "map_at_1": 0.00016,
        "map_at_10": 0.00406,
        "map_at_100": 0.02757,
        "map_at_1000": 0.10172,
        "map_at_20": 0.00801,
        "map_at_3": 0.00066,
        "map_at_5": 0.00126,
        "mrr_at_1": 0.014285714285714285,
        "mrr_at_10": 0.12799886621315187,
        "mrr_at_100": 0.14598174239937908,
        "mrr_at_1000": 0.14598174239937908,
        "mrr_at_20": 0.1366785837141874,
        "mrr_at_3": 0.0619047619047619,
        "mrr_at_5": 0.09333333333333334,
        "nauc_cv_recall_at_1000_diff1": NaN,
        "nauc_cv_recall_at_1000_max": NaN,
        "nauc_cv_recall_at_1000_std": NaN,
        "nauc_cv_recall_at_100_diff1": NaN,
        "nauc_cv_recall_at_100_max": NaN,
        "nauc_cv_recall_at_100_std": NaN,
        "nauc_cv_recall_at_10_diff1": 0.23150526460265455,
        "nauc_cv_recall_at_10_max": 0.18380031764083063,
        "nauc_cv_recall_at_10_std": -0.13903648948059874,
        "nauc_cv_recall_at_1_diff1": -0.07056613898577946,
        "nauc_cv_recall_at_1_max": -0.4995975315266973,
        "nauc_cv_recall_at_1_std": -0.4995975315266973,
        "nauc_cv_recall_at_20_diff1": 0.30561955809948854,
        "nauc_cv_recall_at_20_max": 0.019063326138100117,
        "nauc_cv_recall_at_20_std": -0.24762921103053467,
        "nauc_cv_recall_at_3_diff1": 0.4509235083647617,
        "nauc_cv_recall_at_3_max": 0.16123521258421167,
        "nauc_cv_recall_at_3_std": -0.11481803822970056,
        "nauc_cv_recall_at_5_diff1": 0.5015285566780717,
        "nauc_cv_recall_at_5_max": 0.05450165003138094,
        "nauc_cv_recall_at_5_std": -0.20417872977952337,
        "nauc_map_at_1000_diff1": -0.046754093499024686,
        "nauc_map_at_1000_max": 0.13476860742534738,
        "nauc_map_at_1000_std": 0.5051849265235986,
        "nauc_map_at_100_diff1": 0.12720589756297157,
        "nauc_map_at_100_max": -0.009373028130029234,
        "nauc_map_at_100_std": -0.0008346058280092288,
        "nauc_map_at_10_diff1": 0.1266976261842938,
        "nauc_map_at_10_max": 0.0795255013035783,
        "nauc_map_at_10_std": -0.24065778925185316,
        "nauc_map_at_1_diff1": -0.07056613898577943,
        "nauc_map_at_1_max": -0.4995975315266973,
        "nauc_map_at_1_std": -0.4995975315266973,
        "nauc_map_at_20_diff1": 0.12121232102744824,
        "nauc_map_at_20_max": 0.03098080220273785,
        "nauc_map_at_20_std": -0.24688423263502313,
        "nauc_map_at_3_diff1": 0.4010896224920392,
        "nauc_map_at_3_max": 0.0865109687557255,
        "nauc_map_at_3_std": -0.21667146956677874,
        "nauc_map_at_5_diff1": 0.3890159845504075,
        "nauc_map_at_5_max": 0.11110823109994293,
        "nauc_map_at_5_std": -0.24015773730906617,
        "nauc_mrr_at_1000_diff1": 0.34378585025541086,
        "nauc_mrr_at_1000_max": 0.0734331016868974,
        "nauc_mrr_at_1000_std": -0.210303394795868,
        "nauc_mrr_at_100_diff1": 0.34378585025541086,
        "nauc_mrr_at_100_max": 0.0734331016868974,
        "nauc_mrr_at_100_std": -0.210303394795868,
        "nauc_mrr_at_10_diff1": 0.3251531405498865,
        "nauc_mrr_at_10_max": 0.09229206456844508,
        "nauc_mrr_at_10_std": -0.19540141449022716,
        "nauc_mrr_at_1_diff1": -0.07056613898577946,
        "nauc_mrr_at_1_max": -0.4995975315266973,
        "nauc_mrr_at_1_std": -0.4995975315266973,
        "nauc_mrr_at_20_diff1": 0.3443437591186241,
        "nauc_mrr_at_20_max": 0.06721506381781554,
        "nauc_mrr_at_20_std": -0.21521275515976623,
        "nauc_mrr_at_3_diff1": 0.38427206026430966,
        "nauc_mrr_at_3_max": 0.08964533757157479,
        "nauc_mrr_at_3_std": -0.18165291415383933,
        "nauc_mrr_at_5_diff1": 0.41168462449429416,
        "nauc_mrr_at_5_max": 0.05000325157615867,
        "nauc_mrr_at_5_std": -0.22268847162229702,
        "nauc_ndcg_at_1000_diff1": -0.0019143715244643506,
        "nauc_ndcg_at_1000_max": 0.18452130148584542,
        "nauc_ndcg_at_1000_std": 0.46336264101556945,
        "nauc_ndcg_at_100_diff1": 0.12203870838499045,
        "nauc_ndcg_at_100_max": 0.1069290800348168,
        "nauc_ndcg_at_100_std": 0.19421499465944392,
        "nauc_ndcg_at_10_diff1": 0.2601232247629322,
        "nauc_ndcg_at_10_max": 0.13795729579581406,
        "nauc_ndcg_at_10_std": -0.11276248390595792,
        "nauc_ndcg_at_1_diff1": -0.07056613898577946,
        "nauc_ndcg_at_1_max": -0.4995975315266973,
        "nauc_ndcg_at_1_std": -0.4995975315266973,
        "nauc_ndcg_at_20_diff1": 0.303606989983974,
        "nauc_ndcg_at_20_max": 0.07091775755379202,
        "nauc_ndcg_at_20_std": -0.15678890369127174,
        "nauc_ndcg_at_3_diff1": 0.41183042499547723,
        "nauc_ndcg_at_3_max": 0.11970621148804138,
        "nauc_ndcg_at_3_std": -0.15465058081242525,
        "nauc_ndcg_at_5_diff1": 0.44539633859322436,
        "nauc_ndcg_at_5_max": 0.11618482619171853,
        "nauc_ndcg_at_5_std": -0.14424937476027166,
        "nauc_precision_at_1000_diff1": 0.011038633050347508,
        "nauc_precision_at_1000_max": 0.18689203123227452,
        "nauc_precision_at_1000_std": 0.46484267146179503,
        "nauc_precision_at_100_diff1": 0.09099200274915706,
        "nauc_precision_at_100_max": 0.11903039948361827,
        "nauc_precision_at_100_std": 0.3637974953140854,
        "nauc_precision_at_10_diff1": 0.20223050659583708,
        "nauc_precision_at_10_max": 0.14245753096618696,
        "nauc_precision_at_10_std": -0.08551843854081151,
        "nauc_precision_at_1_diff1": -0.07056613898577946,
        "nauc_precision_at_1_max": -0.4995975315266973,
        "nauc_precision_at_1_std": -0.4995975315266973,
        "nauc_precision_at_20_diff1": 0.2788195963161324,
        "nauc_precision_at_20_max": 0.049266071040775176,
        "nauc_precision_at_20_std": -0.14922049678992105,
        "nauc_precision_at_3_diff1": 0.4509235083647615,
        "nauc_precision_at_3_max": 0.16123521258421158,
        "nauc_precision_at_3_std": -0.11481803822970074,
        "nauc_precision_at_5_diff1": 0.4747543725175949,
        "nauc_precision_at_5_max": 0.12689011218730414,
        "nauc_precision_at_5_std": -0.12291826353564189,
        "nauc_recall_at_1000_diff1": -0.0902633450091867,
        "nauc_recall_at_1000_max": 0.15137005528292585,
        "nauc_recall_at_1000_std": 0.36521567191531423,
        "nauc_recall_at_100_diff1": 0.032079661857733845,
        "nauc_recall_at_100_max": 0.0034282348792243934,
        "nauc_recall_at_100_std": -0.028070288996457315,
        "nauc_recall_at_10_diff1": 0.031304102455959465,
        "nauc_recall_at_10_max": 0.10678795075657402,
        "nauc_recall_at_10_std": -0.2373293166694003,
        "nauc_recall_at_1_diff1": -0.07056613898577943,
        "nauc_recall_at_1_max": -0.4995975315266973,
        "nauc_recall_at_1_std": -0.4995975315266973,
        "nauc_recall_at_20_diff1": 0.056500957690439765,
        "nauc_recall_at_20_max": 0.05121530724937313,
        "nauc_recall_at_20_std": -0.2685527533491469,
        "nauc_recall_at_3_diff1": 0.47051396201051077,
        "nauc_recall_at_3_max": 0.11813490728151171,
        "nauc_recall_at_3_std": -0.18141685114883122,
        "nauc_recall_at_5_diff1": 0.38471604092691253,
        "nauc_recall_at_5_max": 0.11335986418314645,
        "nauc_recall_at_5_std": -0.25385091316877334,
        "ndcg_at_1": 0.01429,
        "ndcg_at_10": 0.09827,
        "ndcg_at_100": 0.15212,
        "ndcg_at_1000": 0.39966,