{
  "dataset_revision": "86f09ebc1703516c76e5f931465e2ed7626a5e52",
  "evaluation_time": 71.3835346698761,
  "kg_co2_emissions": 0.004469537465345289,
  "mteb_version": "1.14.15",
  "scores": {
    "test": [
      {
        "cv_recall_at_1": 0.08,
        "cv_recall_at_10": 0.48,
        "cv_recall_at_100": 0.76,
        "cv_recall_at_1000": 1.0,
        "cv_recall_at_20": 0.54,
        "cv_recall_at_3": 0.22,
        "cv_recall_at_5": 0.32,
        "hf_subset": "default",
        "languages": [
          "eng-Latn"
        ],
        "main_score": 0.19428,
        "map_at_1": 0.05,
        "map_at_10": 0.17224,
        "map_at_100": 0.18217,
        "map_at_1000": 0.18333,
        "map_at_20": 0.17824,
        "map_at_3": 0.135,
        "map_at_5": 0.1525,
        "mrr_at_1": 0.08,
        "mrr_at_10": 0.18893650793650787,
        "mrr_at_100": 0.19780822766698136,
        "mrr_at_1000": 0.19896014922794564,
        "mrr_at_20": 0.1934336219336219,
        "mrr_at_3": 0.145,
        "mrr_at_5": 0.1675,
        "nauc_cv_recall_at_1000_diff1": NaN,
        "nauc_cv_recall_at_1000_max": NaN,
        "nauc_cv_recall_at_1000_std": NaN,
        "nauc_cv_recall_at_100_diff1": 0.014817859306047749,
        "nauc_cv_recall_at_100_max": 0.1933892878774767,
        "nauc_cv_recall_at_100_std": -0.06007181794583412,
        "nauc_cv_recall_at_10_diff1": -0.10423944109241011,
        "nauc_cv_recall_at_10_max": 0.23438657774955027,
        "nauc_cv_recall_at_10_std": 0.07407113369323584,
        "nauc_cv_recall_at_1_diff1": -0.18104373490743234,
        "nauc_cv_recall_at_1_max": 0.20552723370002673,
        "nauc_cv_recall_at_1_std": 0.09424470083176814,
        "nauc_cv_recall_at_20_diff1": -0.1194465282987415,
        "nauc_cv_recall_at_20_max": 0.25428579367063997,
        "nauc_cv_recall_at_20_std": 0.011711261148620393,
        "nauc_cv_recall_at_3_diff1": -0.22533175870963737,
        "nauc_cv_recall_at_3_max": 0.3351928396059295,
        "nauc_cv_recall_at_3_std": 0.05409143176803303,
        "nauc_cv_recall_at_5_diff1": -0.18865728352777494,
        "nauc_cv_recall_at_5_max": 0.18568714545649145,
        "nauc_cv_recall_at_5_std": -0.10530611152734685,
        "nauc_map_at_1000_diff1": -0.11465952814876859,
        "nauc_map_at_1000_max": 0.30930423742525376,
        "nauc_map_at_1000_std": 0.06623422568692311,
        "nauc_map_at_100_diff1": -0.1145458399289245,
        "nauc_map_at_100_max": 0.3086840928365896,
        "nauc_map_at_100_std": 0.0660820234075474,
        "nauc_map_at_10_diff1": -0.10773643041384105,
        "nauc_map_at_10_max": 0.3088461857871025,
        "nauc_map_at_10_std": 0.06957794268187482,
        "nauc_map_at_1_diff1": 0.0551650120740542,
        "nauc_map_at_1_max": 0.504158840890797,
        "nauc_map_at_1_std": 0.3599141400590288,
        "nauc_map_at_20_diff1": -0.11536864539354359,
        "nauc_map_at_20_max": 0.31152155451124086,
        "nauc_map_at_20_std": 0.06734240963697408,
        "nauc_map_at_3_diff1": -0.11486039594720172,
        "nauc_map_at_3_max": 0.33959025672862714,
        "nauc_map_at_3_std": 0.06360799685124982,
        "nauc_map_at_5_diff1": -0.1298153085613049,
        "nauc_map_at_5_max": 0.29749304271220434,
        "nauc_map_at_5_std": 0.035213308207363056,
        "nauc_mrr_at_1000_diff1": -0.18464166022106634,
        "nauc_mrr_at_1000_max": 0.23695822493045168,
        "nauc_mrr_at_1000_std": 0.03129507679960628,
        "nauc_mrr_at_100_diff1": -0.18423519744385713,
        "nauc_mrr_at_100_max": 0.23672750715762783,
        "nauc_mrr_at_100_std": 0.03131128043497208,
        "nauc_mrr_at_10_diff1": -0.18015761515775783,
        "nauc_mrr_at_10_max": 0.23733283504143013,
        "nauc_mrr_at_10_std": 0.03933411605721032,
        "nauc_mrr_at_1_diff1": -0.18104373490743234,
        "nauc_mrr_at_1_max": 0.20552723370002673,
        "nauc_mrr_at_1_std": 0.09424470083176814,
        "nauc_mrr_at_20_diff1": -0.18461037458177346,
        "nauc_mrr_at_20_max": 0.239226161259993,
        "nauc_mrr_at_20_std": 0.03225823078728504,
        "nauc_mrr_at_3_diff1": -0.21163134975092668,
        "nauc_mrr_at_3_max": 0.28127465070291646,
        "nauc_mrr_at_3_std": 0.06402429141047938,
        "nauc_mrr_at_5_diff1": -0.1960720433699032,
        "nauc_mrr_at_5_max": 0.2310845045091338,
        "nauc_mrr_at_5_std": 0.006336938927571076,
        "nauc_ndcg_at_1000_diff1": -0.1143894362396925,
        "nauc_ndcg_at_1000_max": 0.2912369907544118,
        "nauc_ndcg_at_1000_std": 0.04691631495023253,
        "nauc_ndcg_at_100_diff1": -0.10147715606661727,
        "nauc_ndcg_at_100_max": 0.2780470652319703,
        "nauc_ndcg_at_100_std": 0.03526776543138062,
        "nauc_ndcg_at_10_diff1": -0.10405164170031879,
        "nauc_ndcg_at_10_max": 0.2817062049190595,
        "nauc_ndcg_at_10_std": 0.054341976133766935,
        "nauc_ndcg_at_1_diff1": 0.0551650120740542,
        "nauc_ndcg_at_1_max": 0.504158840890797,
        "nauc_ndcg_at_1_std": 0.3599141400590288,
        "nauc_ndcg_at_20_diff1": -0.11999691106199234,
        "nauc_ndcg_at_20_max": 0.2909366204822193,
        "nauc_ndcg_at_20_std": 0.04634164957945794,
        "nauc_ndcg_at_3_diff1": -0.1332407388513066,
        "nauc_ndcg_at_3_max": 0.32341224948685543,
        "nauc_ndcg_at_3_std": 0.03077536736949504,
        "nauc_ndcg_at_5_diff1": -0.15200564387047372,
        "nauc_ndcg_at_5_max": 0.25786515950816996,
        "nauc_ndcg_at_5_std": -0.01543284363948442,
        "nauc_precision_at_1000_diff1": NaN,
        "nauc_precision_at_1000_max": NaN,
        "nauc_precision_at_1000_std": NaN,
        "nauc_precision_at_100_diff1": 0.014817859306048762,
        "nauc_precision_at_100_max": 0.1933892878774772,
        "nauc_precision_at_100_std": -0.06007181794583262,
        "nauc_precision_at_10_diff1": -0.08347947625891657,
        "nauc_precision_at_10_max": 0.237041627658593,
        "nauc_precision_at_10_std": 0.04128482706786809,
        "nauc_precision_at_1_diff1": 0.0551650120740542,
        "nauc_precision_at_1_max": 0.504158840890797,
        "nauc_precision_at_1_std": 0.3599141400590288,
        "nauc_precision_at_20_diff1": -0.11557958295302877,
        "nauc_precision_at_20_max": 0.26217791195675155,
        "nauc_precision_at_20_std": 0.016990802499474274,
        "nauc_precision_at_3_diff1": -0.16530373831775694,
        "nauc_precision_at_3_max": 0.2956056793673618,
        "nauc_precision_at_3_std": -0.026704409297867163,
        "nauc_precision_at_5_diff1": -0.18865728352777497,
        "nauc_precision_at_5_max": 0.18568714545649154,
        "nauc_precision_at_5_std": -0.10530611152734692,
        "nauc_recall_at_1000_diff1": NaN,
        "nauc_recall_at_1000_max": NaN,
        "nauc_recall_at_1000_std": NaN,
        "nauc_recall_at_100_diff1": 0.014817859306047749,
        "nauc_recall_at_100_max": 0.1933892878774767,
        "nauc_recall_at_100_std": -0.06007181794583412,
        "nauc_recall_at_10_diff1": -0.08347947625891666,
        "nauc_recall_at_10_max": 0.23704162765859244,
        "nauc_recall_at_10_std": 0.041284827067867534,
        "nauc_recall_at_1_diff1": 0.0551650120740542,
        "nauc_recall_at_1_max": 0.504158840890797,
        "nauc_recall_at_1_std": 0.3599141400590288,
        "nauc_recall_at_20_diff1": -0.11557958295302977,
        "nauc_recall_at_20_max": 0.26217791195675066,
        "nauc_recall_at_20_std": 0.016990802499473247,
        "nauc_recall_at_3_diff1": -0.16530373831775694,
        "nauc_recall_at_3_max": 0.2956056793673616,
        "nauc_recall_at_3_std": -0.026704409297867215,
        "nauc_recall_at_5_diff1": -0.18865728352777494,
        "nauc_recall_at_5_max": 0.18568714545649145,
        "nauc_recall_at_5_std": -0.10530611152734685,
        "ndcg_at_1": 0.05,
        "ndcg_at_10": 0.24253,
        "ndcg_at_100": 0.29938,
        "ndcg_at_1000": 0.32985,
        "ndcg_at_20": 0.26328,
        "ndcg_at_3": 0.16202,
        "ndcg_at_5": 0.19428,
        "precision_at_1": 0.05,