{
  "dataset_revision": "302cf2008f204285985099dcd46425b00356c610",
  "evaluation_time": 24.72980046272278,
  "kg_co2_emissions": 0.0014998183161932788,
  "mteb_version": "1.14.15",
  "scores": {
    "test": [
      {
        "cv_recall_at_1": 0.22926,
        "cv_recall_at_10": 0.77819,
        "cv_recall_at_100": 1.0,
        "cv_recall_at_1000": 1.0,
        "cv_recall_at_20": 0.92265,
        "cv_recall_at_3": 0.54427,
        "cv_recall_at_5": 0.66729,
        "hf_subset": "default",
        "languages": [
          "eng-Latn"
        ],
        "main_score": 0.50187,
        "map_at_1": 0.22926,
        "map_at_10": 0.41329,
        "map_at_100": 0.42662,
        "map_at_1000": 0.42662,
        "map_at_20": 0.4232,
        "map_at_3": 0.36875,
        "map_at_5": 0.39801,
        "mrr_at_1": 0.22926374650512582,
        "mrr_at_10": 0.41328976760011227,
        "mrr_at_100": 0.42662269151420434,
        "mrr_at_1000": 0.42662269151420434,
        "mrr_at_20": 0.42319864632104337,
        "mrr_at_3": 0.36874805840323016,
        "mrr_at_5": 0.39801180490835575,
        "nauc_cv_recall_at_1000_diff1": NaN,
        "nauc_cv_recall_at_1000_max": NaN,
        "nauc_cv_recall_at_1000_std": NaN,
        "nauc_cv_recall_at_100_diff1": NaN,
        "nauc_cv_recall_at_100_max": NaN,
        "nauc_cv_recall_at_100_std": NaN,
        "nauc_cv_recall_at_10_diff1": 0.5001012449500828,
        "nauc_cv_recall_at_10_max": 0.7921151147761816,
        "nauc_cv_recall_at_10_std": 0.848350674945506,
        "nauc_cv_recall_at_1_diff1": 0.10362817716065004,
        "nauc_cv_recall_at_1_max": 0.2289233686719603,
        "nauc_cv_recall_at_1_std": 0.11962310248271714,
        "nauc_cv_recall_at_20_diff1": 0.6133503432805147,
        "nauc_cv_recall_at_20_max": 0.7804255527906527,
        "nauc_cv_recall_at_20_std": 0.8690360546204694,
        "nauc_cv_recall_at_3_diff1": 0.1792072788451586,
        "nauc_cv_recall_at_3_max": 0.4561820157232768,
        "nauc_cv_recall_at_3_std": 0.3612167708840888,
        "nauc_cv_recall_at_5_diff1": 0.3340893975586733,
        "nauc_cv_recall_at_5_max": 0.6638599489444682,
        "nauc_cv_recall_at_5_std": 0.5647081377535943,
        "nauc_map_at_1000_diff1": 0.1666135922662067,
        "nauc_map_at_1000_max": 0.35257330206758153,
        "nauc_map_at_1000_std": 0.2539087998544896,
        "nauc_map_at_100_diff1": 0.1666135922662067,
        "nauc_map_at_100_max": 0.35257330206758153,
        "nauc_map_at_100_std": 0.2539087998544896,
        "nauc_map_at_10_diff1": 0.17794064995137368,
        "nauc_map_at_10_max": 0.3697114881798283,
        "nauc_map_at_10_std": 0.27651689820430053,
        "nauc_map_at_1_diff1": 0.10362817716065004,
        "nauc_map_at_1_max": 0.2289233686719603,
        "nauc_map_at_1_std": 0.11962310248271714,
        "nauc_map_at_20_diff1": 0.17183463035127403,
        "nauc_map_at_20_max": 0.3575896543785396,
        "nauc_map_at_20_std": 0.2611310303536247,
        "nauc_map_at_3_diff1": 0.1368280311152339,
        "nauc_map_at_3_max": 0.32716654701414427,
        "nauc_map_at_3_std": 0.22367015765593812,
        "nauc_map_at_5_diff1": 0.16648367948114162,
        "nauc_map_at_5_max": 0.3663667546672137,
        "nauc_map_at_5_std": 0.2590996182810702,
        "nauc_mrr_at_1000_diff1": 0.1666135922662067,
        "nauc_mrr_at_1000_max": 0.35257330206758153,
        "nauc_mrr_at_1000_std": 0.2539087998544896,
        "nauc_mrr_at_100_diff1": 0.1666135922662067,
        "nauc_mrr_at_100_max": 0.35257330206758153,
        "nauc_mrr_at_100_std": 0.2539087998544896,
        "nauc_mrr_at_10_diff1": 0.17794064995137368,
        "nauc_mrr_at_10_max": 0.3697114881798283,
        "nauc_mrr_at_10_std": 0.27651689820430053,
        "nauc_mrr_at_1_diff1": 0.10362817716065004,
        "nauc_mrr_at_1_max": 0.2289233686719603,
        "nauc_mrr_at_1_std": 0.11962310248271714,
        "nauc_mrr_at_20_diff1": 0.17183463035127403,
        "nauc_mrr_at_20_max": 0.3575896543785396,
        "nauc_mrr_at_20_std": 0.2611310303536247,
        "nauc_mrr_at_3_diff1": 0.1368280311152339,
        "nauc_mrr_at_3_max": 0.32716654701414427,
        "nauc_mrr_at_3_std": 0.22367015765593812,
        "nauc_mrr_at_5_diff1": 0.16648367948114162,
        "nauc_mrr_at_5_max": 0.3663667546672137,
        "nauc_mrr_at_5_std": 0.2590996182810702,
        "nauc_ndcg_at_1000_diff1": 0.1809378397303471,
        "nauc_ndcg_at_1000_max": 0.37348848428358833,
        "nauc_ndcg_at_1000_std": 0.2789842895271929,
        "nauc_ndcg_at_100_diff1": 0.1809378397303471,
        "nauc_ndcg_at_100_max": 0.37348848428358833,
        "nauc_ndcg_at_100_std": 0.2789842895271929,
        "nauc_ndcg_at_10_diff1": 0.23368779650294308,
        "nauc_ndcg_at_10_max": 0.44576544395278594,
        "nauc_ndcg_at_10_std": 0.37650130193894665,
        "nauc_ndcg_at_1_diff1": 0.10362817716065004,
        "nauc_ndcg_at_1_max": 0.2289233686719603,
        "nauc_ndcg_at_1_std": 0.11962310248271714,
        "nauc_ndcg_at_20_diff1": 0.2105535900277858,
        "nauc_ndcg_at_20_max": 0.4013877537081193,
        "nauc_ndcg_at_20_std": 0.3194556452491106,
        "nauc_ndcg_at_3_diff1": 0.14789030606840214,
        "nauc_ndcg_at_3_max": 0.3607808272731015,
        "nauc_ndcg_at_3_std": 0.25949182848913444,
        "nauc_ndcg_at_5_diff1": 0.20369228801143816,
        "nauc_ndcg_at_5_max": 0.43369650499773865,
        "nauc_ndcg_at_5_std": 0.32804371532848153,
        "nauc_precision_at_1000_diff1": 1.0,
        "nauc_precision_at_1000_max": 1.0,
        "nauc_precision_at_1000_std": 1.0,
        "nauc_precision_at_100_diff1": NaN,
        "nauc_precision_at_100_max": NaN,
        "nauc_precision_at_100_std": NaN,
        "nauc_precision_at_10_diff1": 0.5001012449500822,
        "nauc_precision_at_10_max": 0.7921151147761818,
        "nauc_precision_at_10_std": 0.8483506749455054,
        "nauc_precision_at_1_diff1": 0.10362817716065004,
        "nauc_precision_at_1_max": 0.2289233686719603,
        "nauc_precision_at_1_std": 0.11962310248271714,
        "nauc_precision_at_20_diff1": 0.6133503432805155,
        "nauc_precision_at_20_max": 0.7804255527906533,
        "nauc_precision_at_20_std": 0.8690360546204688,
        "nauc_precision_at_3_diff1": 0.17920727884515864,
        "nauc_precision_at_3_max": 0.4561820157232767,
        "nauc_precision_at_3_std": 0.3612167708840887,
        "nauc_precision_at_5_diff1": 0.3340893975586725,
        "nauc_precision_at_5_max": 0.6638599489444693,
        "nauc_precision_at_5_std": 0.5647081377535946,
        "nauc_recall_at_1000_diff1": NaN,
        "nauc_recall_at_1000_max": NaN,
        "nauc_recall_at_1000_std": NaN,
        "nauc_recall_at_100_diff1": NaN,
        "nauc_recall_at_100_max": NaN,
        "nauc_recall_at_100_std": NaN,
        "nauc_recall_at_10_diff1": 0.5001012449500828,
        "nauc_recall_at_10_max": 0.7921151147761816,
        "nauc_recall_at_10_std": 0.848350674945506,
        "nauc_recall_at_1_diff1": 0.10362817716065004,
        "nauc_recall_at_1_max": 0.2289233686719603,
        "nauc_recall_at_1_std": 0.11962310248271714,
        "nauc_recall_at_20_diff1": 0.6133503432805147,
        "nauc_recall_at_20_max": 0.7804255527906527,
        "nauc_recall_at_20_std": 0.8690360546204694,
        "nauc_recall_at_3_diff1": 0.1792072788451586,
        "nauc_recall_at_3_max": 0.4561820157232768,
        "nauc_recall_at_3_std": 0.3612167708840888,
        "nauc_recall_at_5_diff1": 0.3340893975586733,
        "nauc_recall_at_5_max": 0.6638599489444682,
        "nauc_recall_at_5_std": 0.5647081377535943,
        "ndcg_at_1": 0.22926,
        "ndcg_at_10": 0.50187,
        "ndcg_at_100": 0.5552,
        "ndcg_at_1000": 0.5552,
        "ndcg_at_20": 0.53824,
        "ndcg_at_3": 0.41385,
        "ndcg_at_5": 0.46553,
        "precision_at_1": 0.22926,
        "precision_at_10": 0.07782,
        "precision_at_100": 0.01,
        "precision_at_1000": 0.001,
        "precision_at_20": 0.04613,
        "precision_at_3": 0.18142,