{
  "dataset_revision": "0821bc71310cfa51d5c8131d4d8b9c4d537bd8c8",
  "evaluation_time": 45.26891255378723,
  "kg_co2_emissions": 0.002006511377616619,
  "mteb_version": "1.14.15",
  "scores": {
    "test": [
      {
        "cv_recall_at_1": 0.1,
        "cv_recall_at_10": 0.32,
        "cv_recall_at_100": 0.68,
        "cv_recall_at_1000": 1.0,
        "cv_recall_at_20": 0.43,
        "cv_recall_at_3": 0.2,
        "cv_recall_at_5": 0.23,
        "hf_subset": "default",
        "languages": [
          "eng-Latn"
        ],
        "main_score": 0.17613,
        "map_at_1": 0.1,
        "map_at_10": 0.16581,
        "map_at_100": 0.1792,
        "map_at_1000": 0.18058,
        "map_at_20": 0.17303,
        "map_at_3": 0.14333,
        "map_at_5": 0.15483,
        "mrr_at_1": 0.1,
        "mrr_at_10": 0.16655158730158728,
        "mrr_at_100": 0.18001010838483839,
        "mrr_at_1000": 0.18139390589729387,
        "mrr_at_20": 0.17390026536930564,
        "mrr_at_3": 0.14666666666666667,
        "mrr_at_5": 0.15366666666666667,
        "nauc_cv_recall_at_1000_diff1": NaN,
        "nauc_cv_recall_at_1000_max": NaN,
        "nauc_cv_recall_at_1000_std": NaN,
        "nauc_cv_recall_at_100_diff1": 0.10026950452629368,
        "nauc_cv_recall_at_100_max": 0.01235229078847288,
        "nauc_cv_recall_at_100_std": 0.18930965379033876,
        "nauc_cv_recall_at_10_diff1": 0.07928395590281487,
        "nauc_cv_recall_at_10_max": 0.2733463555603126,
        "nauc_cv_recall_at_10_std": 0.11436369474472846,
        "nauc_cv_recall_at_1_diff1": 0.3731955996780252,
        "nauc_cv_recall_at_1_max": 0.19973168768446461,
        "nauc_cv_recall_at_1_std": -0.0486718540381004,
        "nauc_cv_recall_at_20_diff1": 0.09522570912070331,
        "nauc_cv_recall_at_20_max": 0.18934595726417908,
        "nauc_cv_recall_at_20_std": 0.06497509461445432,
        "nauc_cv_recall_at_3_diff1": 0.011268969970939452,
        "nauc_cv_recall_at_3_max": 0.21381982563771387,
        "nauc_cv_recall_at_3_std": 0.062253793994188004,
        "nauc_cv_recall_at_5_diff1": -0.023855645887036536,
        "nauc_cv_recall_at_5_max": 0.20919449062704945,
        "nauc_cv_recall_at_5_std": 0.17810893671542516,
        "nauc_map_at_1000_diff1": 0.15985098820689844,
        "nauc_map_at_1000_max": 0.31073669381302066,
        "nauc_map_at_1000_std": 0.0677326872596652,
        "nauc_map_at_100_diff1": 0.16018309424511773,
        "nauc_map_at_100_max": 0.3093559497727983,
        "nauc_map_at_100_std": 0.06824991903062637,
        "nauc_map_at_10_diff1": 0.15817415671873433,
        "nauc_map_at_10_max": 0.3227530888354814,
        "nauc_map_at_10_std": 0.06738431756774788,
        "nauc_map_at_1_diff1": 0.3731955996780252,
        "nauc_map_at_1_max": 0.47308827475181126,
        "nauc_map_at_1_std": 0.03810034880601028,
        "nauc_map_at_20_diff1": 0.15990433886990624,
        "nauc_map_at_20_max": 0.31397537828124006,
        "nauc_map_at_20_std": 0.06240697694430118,
        "nauc_map_at_3_diff1": 0.16440322210715813,
        "nauc_map_at_3_max": 0.33272982534177575,
        "nauc_map_at_3_std": 0.05004830380661824,
        "nauc_map_at_5_diff1": 0.14323094513295,
        "nauc_map_at_5_max": 0.31542622112938323,
        "nauc_map_at_5_std": 0.07259036922910664,
        "nauc_mrr_at_1000_diff1": 0.1579538072865931,
        "nauc_mrr_at_1000_max": 0.21610205157744047,
        "nauc_mrr_at_1000_std": 0.03987586586110711,
        "nauc_mrr_at_100_diff1": 0.15829397395994232,
        "nauc_mrr_at_100_max": 0.21515532294849576,
        "nauc_mrr_at_100_std": 0.040514335854593034,
        "nauc_mrr_at_10_diff1": 0.15627021040712621,
        "nauc_mrr_at_10_max": 0.2288159689647815,
        "nauc_mrr_at_10_std": 0.03938357279436647,
        "nauc_mrr_at_1_diff1": 0.3731955996780252,
        "nauc_mrr_at_1_max": 0.19973168768446461,
        "nauc_mrr_at_1_std": -0.0486718540381004,
        "nauc_mrr_at_20_diff1": 0.1580013703959961,
        "nauc_mrr_at_20_max": 0.22029041499857235,
        "nauc_mrr_at_20_std": 0.034843846621273426,
        "nauc_mrr_at_3_diff1": 0.15495599529887663,
        "nauc_mrr_at_3_max": 0.2210245442370241,
        "nauc_mrr_at_3_std": 0.015121491240058037,
        "nauc_mrr_at_5_diff1": 0.14169577795136684,
        "nauc_mrr_at_5_max": 0.21926456196724,
        "nauc_mrr_at_5_std": 0.05050754721670139,
        "nauc_ndcg_at_1000_diff1": 0.13693336263686606,
        "nauc_ndcg_at_1000_max": 0.28028395427634184,
        "nauc_ndcg_at_1000_std": 0.08159678345256186,
        "nauc_ndcg_at_100_diff1": 0.1352680167822026,
        "nauc_ndcg_at_100_max": 0.24429367392227844,
        "nauc_ndcg_at_100_std": 0.09544721132653536,
        "nauc_ndcg_at_10_diff1": 0.1277337217191343,
        "nauc_ndcg_at_10_max": 0.3032133544782107,
        "nauc_ndcg_at_10_std": 0.08270050523857306,
        "nauc_ndcg_at_1_diff1": 0.3731955996780252,
        "nauc_ndcg_at_1_max": 0.47308827475181126,
        "nauc_ndcg_at_1_std": 0.03810034880601028,
        "nauc_ndcg_at_20_diff1": 0.1330477505589881,
        "nauc_ndcg_at_20_max": 0.2745322275702373,
        "nauc_ndcg_at_20_std": 0.06623163666594575,
        "nauc_ndcg_at_3_diff1": 0.12193227723877666,
        "nauc_ndcg_at_3_max": 0.30841142970542607,
        "nauc_ndcg_at_3_std": 0.0579503899057341,
        "nauc_ndcg_at_5_diff1": 0.08965249706328109,
        "nauc_ndcg_at_5_max": 0.2823052031286216,
        "nauc_ndcg_at_5_std": 0.09459325780689454,
        "nauc_precision_at_1000_diff1": NaN,
        "nauc_precision_at_1000_max": NaN,
        "nauc_precision_at_1000_std": NaN,
        "nauc_precision_at_100_diff1": 0.10026950452629432,
        "nauc_precision_at_100_max": 0.012352290788473724,
        "nauc_precision_at_100_std": 0.1893096537903398,
        "nauc_precision_at_10_diff1": 0.07928395590281487,
        "nauc_precision_at_10_max": 0.27334635556031256,
        "nauc_precision_at_10_std": 0.11436369474472854,
        "nauc_precision_at_1_diff1": 0.3731955996780252,
        "nauc_precision_at_1_max": 0.47308827475181126,
        "nauc_precision_at_1_std": 0.03810034880601028,
        "nauc_precision_at_20_diff1": 0.09522570912070381,
        "nauc_precision_at_20_max": 0.18934595726417952,
        "nauc_precision_at_20_std": 0.06497509461445446,
        "nauc_precision_at_3_diff1": 0.02463302675163522,
        "nauc_precision_at_3_max": 0.25399761236191204,
        "nauc_precision_at_3_std": 0.07773275267768567,
        "nauc_precision_at_5_diff1": -0.02736340762041709,
        "nauc_precision_at_5_max": 0.21090941768511848,
        "nauc_precision_at_5_std": 0.14700155763239872,
        "nauc_recall_at_1000_diff1": NaN,
        "nauc_recall_at_1000_max": NaN,
        "nauc_recall_at_1000_std": NaN,
        "nauc_recall_at_100_diff1": 0.10026950452629368,
        "nauc_recall_at_100_max": 0.01235229078847288,
        "nauc_recall_at_100_std": 0.18930965379033876,
        "nauc_recall_at_10_diff1": 0.07928395590281487,
        "nauc_recall_at_10_max": 0.2733463555603126,
        "nauc_recall_at_10_std": 0.11436369474472846,
        "nauc_recall_at_1_diff1": 0.3731955996780252,
        "nauc_recall_at_1_max": 0.47308827475181126,
        "nauc_recall_at_1_std": 0.03810034880601028,
        "nauc_recall_at_20_diff1": 0.09522570912070331,
        "nauc_recall_at_20_max": 0.18934595726417908,
        "nauc_recall_at_20_std": 0.06497509461445432,
        "nauc_recall_at_3_diff1": 0.024633026751635135,
        "nauc_recall_at_3_max": 0.25399761236191215,
        "nauc_recall_at_3_std": 0.07773275267768563,
        "nauc_recall_at_5_diff1": -0.02736340762041699,
        "nauc_recall_at_5_max": 0.21090941768511867,
        "nauc_recall_at_5_std": 0.14700155763239867,
        "ndcg_at_1": 0.1,
        "ndcg_at_10": 0.20231,
        "ndcg_at_100": 0.27546,
        "ndcg_at_1000": 0.3154,
        "ndcg_at_20": 0.22963,
        "ndcg_at_3": 0.15547,
        "ndcg_at_5": 0.17613,
        "precision_at_1": 0.1,