{
  "dataset_revision": "86f09ebc1703516c76e5f931465e2ed7626a5e52",
  "evaluation_time": 43.83284091949463,
  "kg_co2_emissions": 0.0019713976821250784,
  "mteb_version": "1.14.15",
  "scores": {
    "test": [
      {
        "cv_recall_at_1": 0.09,
        "cv_recall_at_10": 0.41,
        "cv_recall_at_100": 0.73,
        "cv_recall_at_1000": 1.0,
        "cv_recall_at_20": 0.52,
        "cv_recall_at_3": 0.24,
        "cv_recall_at_5": 0.3,
        "hf_subset": "default",
        "languages": [
          "eng-Latn"
        ],
        "main_score": 0.19944,
        "map_at_1": 0.1,
        "map_at_10": 0.1905,
        "map_at_100": 0.20318,
        "map_at_1000": 0.20433,
        "map_at_20": 0.198,
        "map_at_3": 0.16333,
        "map_at_5": 0.17233,
        "mrr_at_1": 0.09,
        "mrr_at_10": 0.18437301587301583,
        "mrr_at_100": 0.19705516845115686,
        "mrr_at_1000": 0.19821042121110813,
        "mrr_at_20": 0.19190451215451212,
        "mrr_at_3": 0.15666666666666668,
        "mrr_at_5": 0.16916666666666663,
        "nauc_cv_recall_at_1000_diff1": NaN,
        "nauc_cv_recall_at_1000_max": NaN,
        "nauc_cv_recall_at_1000_std": NaN,
        "nauc_cv_recall_at_100_diff1": 0.20039709842929862,
        "nauc_cv_recall_at_100_max": 0.04189191845721356,
        "nauc_cv_recall_at_100_std": -0.10568322554011278,
        "nauc_cv_recall_at_10_diff1": -0.00029709236989290206,
        "nauc_cv_recall_at_10_max": 0.36472609375201837,
        "nauc_cv_recall_at_10_std": 0.11830734851518401,
        "nauc_cv_recall_at_1_diff1": 0.007870494589034863,
        "nauc_cv_recall_at_1_max": 0.6117520794204453,
        "nauc_cv_recall_at_1_std": -0.10857705035327787,
        "nauc_cv_recall_at_20_diff1": 0.1002638881331955,
        "nauc_cv_recall_at_20_max": 0.2900048968931935,
        "nauc_cv_recall_at_20_std": 0.1277681049023341,
        "nauc_cv_recall_at_3_diff1": -0.07603942008147622,
        "nauc_cv_recall_at_3_max": 0.4288132039300265,
        "nauc_cv_recall_at_3_std": 0.09034267912772581,
        "nauc_cv_recall_at_5_diff1": -0.002283475206053372,
        "nauc_cv_recall_at_5_max": 0.5092555060127009,
        "nauc_cv_recall_at_5_std": 0.22017294960140515,
        "nauc_map_at_1000_diff1": -0.04590509353131705,
        "nauc_map_at_1000_max": 0.44981062738075817,
        "nauc_map_at_1000_std": 0.06196938527311771,
        "nauc_map_at_100_diff1": -0.04464804532208509,
        "nauc_map_at_100_max": 0.44788354069666864,
        "nauc_map_at_100_std": 0.06006808415453154,
        "nauc_map_at_10_diff1": -0.05894191716652373,
        "nauc_map_at_10_max": 0.46003384687369314,
        "nauc_map_at_10_std": 0.0668759174416231,
        "nauc_map_at_1_diff1": -0.05038905285752632,
        "nauc_map_at_1_max": 0.488677220284411,
        "nauc_map_at_1_std": -0.03340488328414275,
        "nauc_map_at_20_diff1": -0.046139006248459326,
        "nauc_map_at_20_max": 0.452762923137853,
        "nauc_map_at_20_std": 0.06711579441517711,
        "nauc_map_at_3_diff1": -0.08641786479045577,
        "nauc_map_at_3_max": 0.49763087156590274,
        "nauc_map_at_3_std": 0.06191300612458766,
        "nauc_map_at_5_diff1": -0.07380471492059695,
        "nauc_map_at_5_max": 0.4650198627295143,
        "nauc_map_at_5_std": 0.06905907449176832,
        "nauc_mrr_at_1000_diff1": -0.028277061735986587,
        "nauc_mrr_at_1000_max": 0.4805989352491028,
        "nauc_mrr_at_1000_std": 0.029021380986375578,
        "nauc_mrr_at_100_diff1": -0.027035999258652296,
        "nauc_mrr_at_100_max": 0.4784565124365781,
        "nauc_mrr_at_100_std": 0.027166992354399053,
        "nauc_mrr_at_10_diff1": -0.04198594031914939,
        "nauc_mrr_at_10_max": 0.4906342924607233,
        "nauc_mrr_at_10_std": 0.03496762838537091,
        "nauc_mrr_at_1_diff1": 0.007870494589034863,
        "nauc_mrr_at_1_max": 0.6117520794204453,
        "nauc_mrr_at_1_std": -0.10857705035327787,
        "nauc_mrr_at_20_diff1": -0.02877297462375578,
        "nauc_mrr_at_20_max": 0.48324792186798277,
        "nauc_mrr_at_20_std": 0.034903831660972245,
        "nauc_mrr_at_3_diff1": -0.06447053855427429,
        "nauc_mrr_at_3_max": 0.5042603477751516,
        "nauc_mrr_at_3_std": 0.011265571894645764,
        "nauc_mrr_at_5_diff1": -0.04461818259905738,
        "nauc_mrr_at_5_max": 0.5229704929622832,
        "nauc_mrr_at_5_std": 0.05406083111296866,
        "nauc_ndcg_at_1000_diff1": -0.0232572518799128,
        "nauc_ndcg_at_1000_max": 0.4201438179525104,
        "nauc_ndcg_at_1000_std": 0.06965280034087223,
        "nauc_ndcg_at_100_diff1": 0.004456175500889211,
        "nauc_ndcg_at_100_max": 0.37473771784138216,
        "nauc_ndcg_at_100_std": 0.043103726655439094,
        "nauc_ndcg_at_10_diff1": -0.04176177293885908,
        "nauc_ndcg_at_10_max": 0.43267964974845957,
        "nauc_ndcg_at_10_std": 0.0860723643798993,
        "nauc_ndcg_at_1_diff1": -0.05038905285752632,
        "nauc_ndcg_at_1_max": 0.488677220284411,
        "nauc_ndcg_at_1_std": -0.03340488328414275,
        "nauc_ndcg_at_20_diff1": -0.0065135755702387535,
        "nauc_ndcg_at_20_max": 0.4093341292341711,
        "nauc_ndcg_at_20_std": 0.08800761019794631,
        "nauc_ndcg_at_3_diff1": -0.08943851091293188,
        "nauc_ndcg_at_3_max": 0.5020593664902194,
        "nauc_ndcg_at_3_std": 0.08736980422837162,
        "nauc_ndcg_at_5_diff1": -0.0692433981105785,
        "nauc_ndcg_at_5_max": 0.4490650447981539,
        "nauc_ndcg_at_5_std": 0.09808037575648818,
        "nauc_precision_at_1000_diff1": NaN,
        "nauc_precision_at_1000_max": NaN,
        "nauc_precision_at_1000_std": NaN,
        "nauc_precision_at_100_diff1": 0.20039709842929862,
        "nauc_precision_at_100_max": 0.04189191845721384,
        "nauc_precision_at_100_std": -0.10568322554011247,
        "nauc_precision_at_10_diff1": -0.0002970923698925406,
        "nauc_precision_at_10_max": 0.36472609375201864,
        "nauc_precision_at_10_std": 0.11830734851518421,
        "nauc_precision_at_1_diff1": -0.05038905285752632,
        "nauc_precision_at_1_max": 0.488677220284411,
        "nauc_precision_at_1_std": -0.03340488328414275,
        "nauc_precision_at_20_diff1": 0.10026388813319606,
        "nauc_precision_at_20_max": 0.29000489689319364,
        "nauc_precision_at_20_std": 0.12776810490233467,
        "nauc_precision_at_3_diff1": -0.0949107356817637,
        "nauc_precision_at_3_max": 0.5125209681284447,
        "nauc_precision_at_3_std": 0.14506949436855984,
        "nauc_precision_at_5_diff1": -0.05660930778255779,
        "nauc_precision_at_5_max": 0.4105815967372478,
        "nauc_precision_at_5_std": 0.1616151740320686,
        "nauc_recall_at_1000_diff1": NaN,
        "nauc_recall_at_1000_max": NaN,
        "nauc_recall_at_1000_std": NaN,
        "nauc_recall_at_100_diff1": 0.20039709842929862,
        "nauc_recall_at_100_max": 0.04189191845721356,
        "nauc_recall_at_100_std": -0.10568322554011278,
        "nauc_recall_at_10_diff1": -0.00029709236989290206,
        "nauc_recall_at_10_max": 0.36472609375201837,
        "nauc_recall_at_10_std": 0.11830734851518401,
        "nauc_recall_at_1_diff1": -0.05038905285752632,
        "nauc_recall_at_1_max": 0.488677220284411,
        "nauc_recall_at_1_std": -0.03340488328414275,
        "nauc_recall_at_20_diff1": 0.1002638881331955,
        "nauc_recall_at_20_max": 0.2900048968931935,
        "nauc_recall_at_20_std": 0.1277681049023341,
        "nauc_recall_at_3_diff1": -0.09491073568176381,
        "nauc_recall_at_3_max": 0.5125209681284447,
        "nauc_recall_at_3_std": 0.14506949436855968,
        "nauc_recall_at_5_diff1": -0.05660930778255791,
        "nauc_recall_at_5_max": 0.41058159673724787,
        "nauc_recall_at_5_std": 0.16161517403206865,
        "ndcg_at_1": 0.1,
        "ndcg_at_10": 0.2423,
        "ndcg_at_100": 0.3084,
        "ndcg_at_1000": 0.34205,
        "ndcg_at_20": 0.26993,
        "ndcg_at_3": 0.18309,
        "ndcg_at_5": 0.19944,