{
  "dataset_revision": "501f02a80aff50c90045b0feaa81565c4e8f889e",
  "evaluation_time": 8.07243800163269,
  "kg_co2_emissions": 0.0004329387816350201,
  "mteb_version": "1.14.15",
  "scores": {
    "test": [
      {
        "cv_recall_at_1": 0.03929,
        "cv_recall_at_10": 0.24643,
        "cv_recall_at_100": 0.59643,
        "cv_recall_at_1000": 1.0,
        "cv_recall_at_20": 0.31786,
        "cv_recall_at_3": 0.13214,
        "cv_recall_at_5": 0.18571,
        "hf_subset": "default",
        "languages": [
          "eng-Latn"
        ],
        "main_score": 0.11304,
        "map_at_1": 0.04643,
        "map_at_10": 0.09983,
        "map_at_100": 0.11111,
        "map_at_1000": 0.11348,
        "map_at_20": 0.10445,
        "map_at_3": 0.07619,
        "map_at_5": 0.09048,
        "mrr_at_1": 0.039285714285714285,
        "mrr_at_10": 0.09791808390022674,
        "mrr_at_100": 0.10975630005189059,
        "mrr_at_1000": 0.11211965865436976,
        "mrr_at_20": 0.1031050210692791,
        "mrr_at_3": 0.07738095238095236,
        "mrr_at_5": 0.08970238095238092,
        "nauc_cv_recall_at_1000_diff1": NaN,
        "nauc_cv_recall_at_1000_max": NaN,
        "nauc_cv_recall_at_1000_std": NaN,
        "nauc_cv_recall_at_100_diff1": 0.09659981734774145,
        "nauc_cv_recall_at_100_max": 0.09448295157603542,
        "nauc_cv_recall_at_100_std": 0.1871235436649752,
        "nauc_cv_recall_at_10_diff1": -0.007333851514622696,
        "nauc_cv_recall_at_10_max": 0.04714392220935573,
        "nauc_cv_recall_at_10_std": 0.09498580289018249,
        "nauc_cv_recall_at_1_diff1": 0.0430763226577554,
        "nauc_cv_recall_at_1_max": 0.1150815913359514,
        "nauc_cv_recall_at_1_std": -0.1789155304046638,
        "nauc_cv_recall_at_20_diff1": -0.0015115061010316502,
        "nauc_cv_recall_at_20_max": 0.02811592677805245,
        "nauc_cv_recall_at_20_std": 0.11265982024557189,
        "nauc_cv_recall_at_3_diff1": 0.01089610379348765,
        "nauc_cv_recall_at_3_max": 0.12293870842848,
        "nauc_cv_recall_at_3_std": -0.10983019777337065,
        "nauc_cv_recall_at_5_diff1": -0.01437357853806458,
        "nauc_cv_recall_at_5_max": 0.10718740065050987,
        "nauc_cv_recall_at_5_std": 0.04636105744540367,
        "nauc_map_at_1000_diff1": 0.042049331096058004,
        "nauc_map_at_1000_max": 0.08834675188093088,
        "nauc_map_at_1000_std": 0.036909988735805824,
        "nauc_map_at_100_diff1": 0.042639249781548004,
        "nauc_map_at_100_max": 0.08821779072187909,
        "nauc_map_at_100_std": 0.038279260784341386,
        "nauc_map_at_10_diff1": 0.04559885259327125,
        "nauc_map_at_10_max": 0.09631696416754017,
        "nauc_map_at_10_std": 0.036566929242140764,
        "nauc_map_at_1_diff1": 0.031764050277600035,
        "nauc_map_at_1_max": 0.09908980206806871,
        "nauc_map_at_1_std": 0.022166725144991847,
        "nauc_map_at_20_diff1": 0.03924725721004785,
        "nauc_map_at_20_max": 0.0900994213361743,
        "nauc_map_at_20_std": 0.036021848854413,
        "nauc_map_at_3_diff1": 0.09230499463129098,
        "nauc_map_at_3_max": 0.11492068165286959,
        "nauc_map_at_3_std": 0.009018565342385274,
        "nauc_map_at_5_diff1": 0.03905254593739911,
        "nauc_map_at_5_max": 0.10919074190626754,
        "nauc_map_at_5_std": 0.011076017377154608,
        "nauc_mrr_at_1000_diff1": 0.0067695975834708355,
        "nauc_mrr_at_1000_max": 0.08359923032953323,
        "nauc_mrr_at_1000_std": -0.04747399160313363,
        "nauc_mrr_at_100_diff1": 0.007775183381890695,
        "nauc_mrr_at_100_max": 0.0834950254783095,
        "nauc_mrr_at_100_std": -0.045128380331589876,
        "nauc_mrr_at_10_diff1": 0.0023483315363019646,
        "nauc_mrr_at_10_max": 0.09049611113595075,
        "nauc_mrr_at_10_std": -0.05170362239955508,
        "nauc_mrr_at_1_diff1": 0.0430763226577554,
        "nauc_mrr_at_1_max": 0.1150815913359514,
        "nauc_mrr_at_1_std": -0.1789155304046638,
        "nauc_mrr_at_20_diff1": 0.0038754864239870035,
        "nauc_mrr_at_20_max": 0.08552719057109717,
        "nauc_mrr_at_20_std": -0.0471080212768064,
        "nauc_mrr_at_3_diff1": 0.01338587792044711,
        "nauc_mrr_at_3_max": 0.11039560011259573,
        "nauc_mrr_at_3_std": -0.14117965485135212,
        "nauc_mrr_at_5_diff1": 0.004331084863254197,
        "nauc_mrr_at_5_max": 0.10634632418328115,
        "nauc_mrr_at_5_std": -0.06983255309205424,
        "nauc_ndcg_at_1000_diff1": 0.03692541413918362,
        "nauc_ndcg_at_1000_max": 0.077591089278097,
        "nauc_ndcg_at_1000_std": 0.05574888182234169,
        "nauc_ndcg_at_100_diff1": 0.049682756497310694,
        "nauc_ndcg_at_100_max": 0.08074616922208255,
        "nauc_ndcg_at_100_std": 0.0826995132970025,
        "nauc_ndcg_at_10_diff1": 0.03893213713073747,
        "nauc_ndcg_at_10_max": 0.08209252657326668,
        "nauc_ndcg_at_10_std": 0.06341524793061964,
        "nauc_ndcg_at_1_diff1": 0.031764050277600035,
        "nauc_ndcg_at_1_max": 0.09908980206806871,
        "nauc_ndcg_at_1_std": 0.022166725144991847,
        "nauc_ndcg_at_20_diff1": 0.022716059301360517,
        "nauc_ndcg_at_20_max": 0.06778807890823668,
        "nauc_ndcg_at_20_std": 0.06376843206255753,
        "nauc_ndcg_at_3_diff1": 0.09596576029718287,
        "nauc_ndcg_at_3_max": 0.11888391337109935,
        "nauc_ndcg_at_3_std": 0.009211111990359044,
        "nauc_ndcg_at_5_diff1": 0.01621168611672549,
        "nauc_ndcg_at_5_max": 0.10854465487968445,
        "nauc_ndcg_at_5_std": 0.014153142010952111,
        "nauc_precision_at_1000_diff1": NaN,
        "nauc_precision_at_1000_max": NaN,
        "nauc_precision_at_1000_std": NaN,
        "nauc_precision_at_100_diff1": 0.09659981734774176,
        "nauc_precision_at_100_max": 0.09448295157603602,
        "nauc_precision_at_100_std": 0.18712354366497583,
        "nauc_precision_at_10_diff1": 0.033267723729618934,
        "nauc_precision_at_10_max": 0.055242590204503644,
        "nauc_precision_at_10_std": 0.11231250358938497,
        "nauc_precision_at_1_diff1": 0.031764050277600035,
        "nauc_precision_at_1_max": 0.09908980206806871,
        "nauc_precision_at_1_std": 0.022166725144991847,
        "nauc_precision_at_20_diff1": -0.0015115061010314162,
        "nauc_precision_at_20_max": 0.028115926778052847,
        "nauc_precision_at_20_std": 0.11265982024557228,
        "nauc_precision_at_3_diff1": 0.10116819684788267,
        "nauc_precision_at_3_max": 0.12652948186441526,
        "nauc_precision_at_3_std": 0.010146192450359996,
        "nauc_precision_at_5_diff1": -0.026555429337604085,
        "nauc_precision_at_5_max": 0.10642035543802811,
        "nauc_precision_at_5_std": 0.020614909029963387,
        "nauc_recall_at_1000_diff1": NaN,
        "nauc_recall_at_1000_max": NaN,
        "nauc_recall_at_1000_std": NaN,
        "nauc_recall_at_100_diff1": 0.09659981734774145,
        "nauc_recall_at_100_max": 0.09448295157603542,
        "nauc_recall_at_100_std": 0.1871235436649752,
        "nauc_recall_at_10_diff1": 0.03326772372961881,
        "nauc_recall_at_10_max": 0.0552425902045036,
        "nauc_recall_at_10_std": 0.11231250358938488,
        "nauc_recall_at_1_diff1": 0.031764050277600035,
        "nauc_recall_at_1_max": 0.09908980206806871,
        "nauc_recall_at_1_std": 0.022166725144991847,
        "nauc_recall_at_20_diff1": -0.0015115061010316502,
        "nauc_recall_at_20_max": 0.02811592677805245,
        "nauc_recall_at_20_std": 0.11265982024557189,
        "nauc_recall_at_3_diff1": 0.10116819684788268,
        "nauc_recall_at_3_max": 0.12652948186441532,
        "nauc_recall_at_3_std": 0.010146192450359998,
        "nauc_recall_at_5_diff1": -0.026555429337603863,
        "nauc_recall_at_5_max": 0.1064203554380281,
        "nauc_recall_at_5_std": 0.02061490902996335,
        "ndcg_at_1": 0.04643,
        "ndcg_at_10": 0.13596,
        "ndcg_at_100": 0.203,
        "ndcg_at_1000": 0.25708,
        "ndcg_at_20": 0.1524,