{
  "dataset_revision": "5fe59d7e52732b86d11ee0e9c4a8cdb0e8ba7a6e",
  "evaluation_time": 46.0920991897583,
  "kg_co2_emissions": 0.002137730893475329,
  "mteb_version": "1.14.15",
  "scores": {
    "test": [
      {
        "cv_recall_at_1": 0.08,
        "cv_recall_at_10": 0.26,
        "cv_recall_at_100": 0.64,
        "cv_recall_at_1000": 1.0,
        "cv_recall_at_20": 0.37,
        "cv_recall_at_3": 0.16,
        "cv_recall_at_5": 0.21,
        "hf_subset": "default",
        "languages": [
          "eng-Latn"
        ],
        "main_score": 0.15457,
        "map_at_1": 0.08,
        "map_at_10": 0.139,
        "map_at_100": 0.15312,
        "map_at_1000": 0.15435,
        "map_at_20": 0.14663,
        "map_at_3": 0.11833,
        "map_at_5": 0.13283,
        "mrr_at_1": 0.08,
        "mrr_at_10": 0.1351111111111111,
        "mrr_at_100": 0.15014509806558846,
        "mrr_at_1000": 0.15137712853177182,
        "mrr_at_20": 0.14362339926155715,
        "mrr_at_3": 0.11666666666666665,
        "mrr_at_5": 0.12816666666666665,
        "nauc_cv_recall_at_1000_diff1": NaN,
        "nauc_cv_recall_at_1000_max": NaN,
        "nauc_cv_recall_at_1000_std": NaN,
        "nauc_cv_recall_at_100_diff1": -0.1437124792438372,
        "nauc_cv_recall_at_100_max": 0.09798505556265145,
        "nauc_cv_recall_at_100_std": -0.02830821305403022,
        "nauc_cv_recall_at_10_diff1": -0.10885779538030131,
        "nauc_cv_recall_at_10_max": 0.22043306062270526,
        "nauc_cv_recall_at_10_std": 0.0823191003440201,
        "nauc_cv_recall_at_1_diff1": 0.025187818620874627,
        "nauc_cv_recall_at_1_max": 0.4701502548966996,
        "nauc_cv_recall_at_1_std": 0.005902870941776108,
        "nauc_cv_recall_at_20_diff1": -0.0712858616592016,
        "nauc_cv_recall_at_20_max": 0.22600190652789928,
        "nauc_cv_recall_at_20_std": 0.04546938455712391,
        "nauc_cv_recall_at_3_diff1": -0.007931325856506488,
        "nauc_cv_recall_at_3_max": 0.428829313258565,
        "nauc_cv_recall_at_3_std": 0.02125902596404978,
        "nauc_cv_recall_at_5_diff1": -0.016485343721791983,
        "nauc_cv_recall_at_5_max": 0.30742553090408087,
        "nauc_cv_recall_at_5_std": 0.13638019224982972,
        "nauc_map_at_1000_diff1": -0.031309680504187726,
        "nauc_map_at_1000_max": 0.3592758632994676,
        "nauc_map_at_1000_std": 0.030493943737506416,
        "nauc_map_at_100_diff1": -0.03177586332895792,
        "nauc_map_at_100_max": 0.3593376496453606,
        "nauc_map_at_100_std": 0.0314203681744916,
        "nauc_map_at_10_diff1": -0.03612604516418942,
        "nauc_map_at_10_max": 0.36102279886107297,
        "nauc_map_at_10_std": 0.044888715275033554,
        "nauc_map_at_1_diff1": 0.025187818620874627,
        "nauc_map_at_1_max": 0.4701502548966996,
        "nauc_map_at_1_std": 0.005902870941776108,
        "nauc_map_at_20_diff1": -0.030572458152184408,
        "nauc_map_at_20_max": 0.3648734591610013,
        "nauc_map_at_20_std": 0.036777920095206924,
        "nauc_map_at_3_diff1": -0.011155565241347538,
        "nauc_map_at_3_max": 0.433052216927018,
        "nauc_map_at_3_std": 0.005682635887778187,
        "nauc_map_at_5_diff1": -0.017512963244365104,
        "nauc_map_at_5_max": 0.37781479526552114,
        "nauc_map_at_5_std": 0.04485644261857729,
        "nauc_mrr_at_1000_diff1": -0.03845599244584273,
        "nauc_mrr_at_1000_max": 0.3524367171098411,
        "nauc_mrr_at_1000_std": 0.0377159571727488,
        "nauc_mrr_at_100_diff1": -0.038900679690942894,
        "nauc_mrr_at_100_max": 0.35252721785479735,
        "nauc_mrr_at_100_std": 0.038622468731291604,
        "nauc_mrr_at_10_diff1": -0.04101621008399489,
        "nauc_mrr_at_10_max": 0.3574792640650446,
        "nauc_mrr_at_10_std": 0.04689972702512509,
        "nauc_mrr_at_1_diff1": 0.025187818620874627,
        "nauc_mrr_at_1_max": 0.4701502548966996,
        "nauc_mrr_at_1_std": 0.005902870941776108,
        "nauc_mrr_at_20_diff1": -0.03753222128464264,
        "nauc_mrr_at_20_max": 0.35812920135841797,
        "nauc_mrr_at_20_std": 0.04409371050454778,
        "nauc_mrr_at_3_diff1": -0.016283803431230086,
        "nauc_mrr_at_3_max": 0.42200805882108583,
        "nauc_mrr_at_3_std": 0.01463880696215672,
        "nauc_mrr_at_5_diff1": -0.020817178250259583,
        "nauc_mrr_at_5_max": 0.37887287830993005,
        "nauc_mrr_at_5_std": 0.05584328460433429,
        "nauc_ndcg_at_1000_diff1": -0.043300967304447005,
        "nauc_ndcg_at_1000_max": 0.3164342860731545,
        "nauc_ndcg_at_1000_std": 0.0239698562590384,
        "nauc_ndcg_at_100_diff1": -0.05828496639724338,
        "nauc_ndcg_at_100_max": 0.2896380001419731,
        "nauc_ndcg_at_100_std": 0.021697313718621835,
        "nauc_ndcg_at_10_diff1": -0.061358067323744006,
        "nauc_ndcg_at_10_max": 0.30801330676449573,
        "nauc_ndcg_at_10_std": 0.06843334061965346,
        "nauc_ndcg_at_1_diff1": 0.025187818620874627,
        "nauc_ndcg_at_1_max": 0.4701502548966996,
        "nauc_ndcg_at_1_std": 0.005902870941776108,
        "nauc_ndcg_at_20_diff1": -0.045011041562786895,
        "nauc_ndcg_at_20_max": 0.3181554748286798,
        "nauc_ndcg_at_20_std": 0.04326077132592619,
        "nauc_ndcg_at_3_diff1": -0.010827558551194667,
        "nauc_ndcg_at_3_max": 0.43124672871789577,
        "nauc_ndcg_at_3_std": 0.010115819758418293,
        "nauc_ndcg_at_5_diff1": -0.021294308332878376,
        "nauc_ndcg_at_5_max": 0.34441549230635876,
        "nauc_ndcg_at_5_std": 0.06921856940363039,
        "nauc_precision_at_1000_diff1": NaN,
        "nauc_precision_at_1000_max": NaN,
        "nauc_precision_at_1000_std": NaN,
        "nauc_precision_at_100_diff1": -0.14371247924383723,
        "nauc_precision_at_100_max": 0.09798505556265165,
        "nauc_precision_at_100_std": -0.02830821305403024,
        "nauc_precision_at_10_diff1": -0.1178877381409028,
        "nauc_precision_at_10_max": 0.19467530437994565,
        "nauc_precision_at_10_std": 0.11595561806532267,
        "nauc_precision_at_1_diff1": 0.025187818620874627,
        "nauc_precision_at_1_max": 0.4701502548966996,
        "nauc_precision_at_1_std": 0.005902870941776108,
        "nauc_precision_at_20_diff1": -0.07128586165920169,
        "nauc_precision_at_20_max": 0.2260019065278992,
        "nauc_precision_at_20_std": 0.045469384557124036,
        "nauc_precision_at_3_diff1": -0.007931325856506353,
        "nauc_precision_at_3_max": 0.4288293132585651,
        "nauc_precision_at_3_std": 0.021259025964049813,
        "nauc_precision_at_5_diff1": -0.02809460173415796,
        "nauc_precision_at_5_max": 0.272725860086397,
        "nauc_precision_at_5_std": 0.12190384436087899,
        "nauc_recall_at_1000_diff1": NaN,
        "nauc_recall_at_1000_max": NaN,
        "nauc_recall_at_1000_std": NaN,
        "nauc_recall_at_100_diff1": -0.1437124792438372,
        "nauc_recall_at_100_max": 0.09798505556265145,
        "nauc_recall_at_100_std": -0.02830821305403022,
        "nauc_recall_at_10_diff1": -0.11788773814090264,
        "nauc_recall_at_10_max": 0.19467530437994554,
        "nauc_recall_at_10_std": 0.11595561806532267,
        "nauc_recall_at_1_diff1": 0.025187818620874627,
        "nauc_recall_at_1_max": 0.4701502548966996,
        "nauc_recall_at_1_std": 0.005902870941776108,
        "nauc_recall_at_20_diff1": -0.0712858616592016,
        "nauc_recall_at_20_max": 0.22600190652789928,
        "nauc_recall_at_20_std": 0.04546938455712391,
        "nauc_recall_at_3_diff1": -0.007931325856506488,
        "nauc_recall_at_3_max": 0.428829313258565,
        "nauc_recall_at_3_std": 0.02125902596404978,
        "nauc_recall_at_5_diff1": -0.028094601734158012,
        "nauc_recall_at_5_max": 0.272725860086397,
        "nauc_recall_at_5_std": 0.12190384436087894,
        "ndcg_at_1": 0.08,
        "ndcg_at_10": 0.17022,
        "ndcg_at_100": 0.24559,
        "ndcg_at_1000": 0.28857,
        "ndcg_at_20": 0.19636,
        "ndcg_at_3": 0.12917,