{
  "dataset_revision": "b7b46b72d1ed1fa44d25e2b9c4726afab4a7ce53",
  "evaluation_time": 26.019009113311768,
  "kg_co2_emissions": 0.0010441764051039761,
  "mteb_version": "1.14.15",
  "scores": {
    "test": [
      {
        "accuracy": 0.65918,
        "hf_subset": "default",
        "languages": [
          "eng-Latn"
        ],
        "main_score": 0.65918,
        "mrr_at_1": 0.6591760299625468,
        "mrr_at_10": 0.798377028714107,
        "mrr_at_100": 0.798377028714107,
        "mrr_at_1000": 0.798377028714107,
        "mrr_at_20": 0.798377028714107,
        "mrr_at_3": 0.798377028714107,
        "mrr_at_5": 0.798377028714107,
        "ndcg_at_1": 0.65918,
        "ndcg_at_10": 0.83631,
        "ndcg_at_100": 0.83631,
        "ndcg_at_1000": 0.83631,
        "ndcg_at_20": 0.83631,
        "ndcg_at_3": 0.83631,
        "ndcg_at_5": 0.83631
      }
    ]
  },
  "task_name": "BLINKIT2IMultiChoice"
}