{
  "dataset_revision": "ad08c1307b15a226bf1b64e62656a17f1f85f7ec",
  "evaluation_time": 113.29415202140808,
  "kg_co2_emissions": 0.005429587915247951,
  "mteb_version": "1.14.15",
  "scores": {
    "test": [
      {
        "cv_recall_at_1": 0.73421,
        "cv_recall_at_10": 0.96099,
        "cv_recall_at_100": 0.99534,
        "cv_recall_at_1000": 1.0,
        "cv_recall_at_20": 0.98309,
        "cv_recall_at_3": 0.8873,
        "cv_recall_at_5": 0.92734,
        "hf_subset": "default",
        "languages": [
          "eng-Latn"
        ],
        "main_score": 0.73421,
        "map_at_1": 0.0,
        "map_at_10": 0.1324,
        "map_at_100": 0.37798,
        "map_at_1000": 0.4048,
        "map_at_20": 0.2382,
        "map_at_3": 0.02841,
        "map_at_5": 0.06013,
        "mrr_at_1": 0.0,
        "mrr_at_10": 0.4253271720608616,
        "mrr_at_100": 0.42741075571624887,
        "mrr_at_1000": 0.42743443100982226,
        "mrr_at_20": 0.4269965750452527,
        "mrr_at_3": 0.40179496030376094,
        "mrr_at_5": 0.4189161201242658,
        "nauc_cv_recall_at_1000_diff1": NaN,
        "nauc_cv_recall_at_1000_max": NaN,
        "nauc_cv_recall_at_1000_std": NaN,
        "nauc_cv_recall_at_100_diff1": -0.2371916186954741,
        "nauc_cv_recall_at_100_max": -0.1168301283198029,
        "nauc_cv_recall_at_100_std": 0.4411024876149788,
        "nauc_cv_recall_at_10_diff1": -0.30503874633589073,
        "nauc_cv_recall_at_10_max": 0.1177515503904346,
        "nauc_cv_recall_at_10_std": 0.011854113537124655,
        "nauc_cv_recall_at_1_diff1": -0.2584634915174545,
        "nauc_cv_recall_at_1_max": 0.03917697108052753,
        "nauc_cv_recall_at_1_std": -0.09704967206471891,
        "nauc_cv_recall_at_20_diff1": -0.40552218823077874,
        "nauc_cv_recall_at_20_max": 0.12160717596221782,
        "nauc_cv_recall_at_20_std": 0.16825520821306233,
        "nauc_cv_recall_at_3_diff1": -0.2704137370229349,
        "nauc_cv_recall_at_3_max": -0.006069825973388893,
        "nauc_cv_recall_at_3_std": -0.13762659388406775,
        "nauc_cv_recall_at_5_diff1": -0.30365321905994846,
        "nauc_cv_recall_at_5_max": 0.035559277260338314,
        "nauc_cv_recall_at_5_std": -0.10538586780420024,
        "nauc_map_at_1000_diff1": -0.25157643306705796,
        "nauc_map_at_1000_max": 0.014034266752239292,
        "nauc_map_at_1000_std": 0.00877105478286865,
        "nauc_map_at_100_diff1": -0.2420467860105973,
        "nauc_map_at_100_max": 0.013298003791450755,
        "nauc_map_at_100_std": -0.003709824710198703,
        "nauc_map_at_10_diff1": -0.22713191482494965,
        "nauc_map_at_10_max": 0.019995291123661444,
        "nauc_map_at_10_std": -0.10256937304204977,
        "nauc_map_at_1_diff1": NaN,
        "nauc_map_at_1_max": NaN,
        "nauc_map_at_1_std": NaN,
        "nauc_map_at_20_diff1": -0.22838205182399754,
        "nauc_map_at_20_max": 0.01975061840041956,
        "nauc_map_at_20_std": -0.06900540405227387,
        "nauc_map_at_3_diff1": -0.20130344525044286,
        "nauc_map_at_3_max": 0.02399232666239867,
        "nauc_map_at_3_std": -0.10876575495249638,
        "nauc_map_at_5_diff1": -0.2135114393543217,
        "nauc_map_at_5_max": 0.020075323453329203,
        "nauc_map_at_5_std": -0.11938852303708983,
        "nauc_mrr_at_1000_diff1": -0.26724408445565834,
        "nauc_mrr_at_1000_max": 0.03162355981193055,
        "nauc_mrr_at_1000_std": -0.1026592509286979,
        "nauc_mrr_at_100_diff1": -0.26724346373976454,
        "nauc_mrr_at_100_max": 0.031566056686141895,
        "nauc_mrr_at_100_std": -0.10247551201165539,
        "nauc_mrr_at_10_diff1": -0.2681802314741614,
        "nauc_mrr_at_10_max": 0.03401822424127332,
        "nauc_mrr_at_10_std": -0.10142077277151834,
        "nauc_mrr_at_1_diff1": NaN,
        "nauc_mrr_at_1_max": NaN,
        "nauc_mrr_at_1_std": NaN,
        "nauc_mrr_at_20_diff1": -0.2682030528584687,
        "nauc_mrr_at_20_max": 0.03286671709955999,
        "nauc_mrr_at_20_std": -0.10196041792930183,
        "nauc_mrr_at_3_diff1": -0.26551403025495507,
        "nauc_mrr_at_3_max": 0.022909840160946635,
        "nauc_mrr_at_3_std": -0.12025743285187303,
        "nauc_mrr_at_5_diff1": -0.2660718536810105,
        "nauc_mrr_at_5_max": 0.026084844874321972,
        "nauc_mrr_at_5_std": -0.11459996343170964,
        "nauc_ndcg_at_1000_diff1": -0.2992138145004815,
        "nauc_ndcg_at_1000_max": 0.013295805636466682,
        "nauc_ndcg_at_1000_std": 0.05864059856828655,
        "nauc_ndcg_at_100_diff1": -0.2659897897938692,
        "nauc_ndcg_at_100_max": 0.010058435182358813,
        "nauc_ndcg_at_100_std": 0.0503647455968893,
        "nauc_ndcg_at_10_diff1": -0.25340953761889035,
        "nauc_ndcg_at_10_max": 0.022185947769423068,
        "nauc_ndcg_at_10_std": -0.10281366699528498,
        "nauc_ndcg_at_1_diff1": NaN,
        "nauc_ndcg_at_1_max": NaN,
        "nauc_ndcg_at_1_std": NaN,
        "nauc_ndcg_at_20_diff1": -0.2427102693372239,
        "nauc_ndcg_at_20_max": 0.02041922078406385,
        "nauc_ndcg_at_20_std": -0.07057089160664297,
        "nauc_ndcg_at_3_diff1": -0.26017777269705666,
        "nauc_ndcg_at_3_max": 0.025911845278230455,
        "nauc_ndcg_at_3_std": -0.11693661002279752,
        "nauc_ndcg_at_5_diff1": -0.2588588469236101,
        "nauc_ndcg_at_5_max": 0.02090417959270629,
        "nauc_ndcg_at_5_std": -0.12328131430831518,
        "nauc_precision_at_1000_diff1": -0.3912169336370504,
        "nauc_precision_at_1000_max": 0.00110816295925034,
        "nauc_precision_at_1000_std": 0.3133973563154695,
        "nauc_precision_at_100_diff1": -0.27608829193914153,
        "nauc_precision_at_100_max": 0.0024542669497291778,
        "nauc_precision_at_100_std": 0.1500987729764764,
        "nauc_precision_at_10_diff1": -0.2486076742591027,
        "nauc_precision_at_10_max": 0.02233925779802501,
        "nauc_precision_at_10_std": -0.0972768126068863,
        "nauc_precision_at_1_diff1": NaN,
        "nauc_precision_at_1_max": NaN,
        "nauc_precision_at_1_std": NaN,
        "nauc_precision_at_20_diff1": -0.23888041579730748,
        "nauc_precision_at_20_max": 0.019649414554861966,
        "nauc_precision_at_20_std": -0.054012823556927395,
        "nauc_precision_at_3_diff1": -0.26040067851897464,
        "nauc_precision_at_3_max": 0.024186997683229447,
        "nauc_precision_at_3_std": -0.11952248350942334,
        "nauc_precision_at_5_diff1": -0.257604165772687,
        "nauc_precision_at_5_max": 0.01946951294722604,
        "nauc_precision_at_5_std": -0.12445329888375758,
        "nauc_recall_at_1000_diff1": -0.4443799691963003,
        "nauc_recall_at_1000_max": -0.013574722824884337,
        "nauc_recall_at_1000_std": 0.5712858344099518,
        "nauc_recall_at_100_diff1": -0.2526716740006944,
        "nauc_recall_at_100_max": 0.001667191797268145,
        "nauc_recall_at_100_std": 0.15370123974635905,
        "nauc_recall_at_10_diff1": -0.21364427390000104,
        "nauc_recall_at_10_max": 0.021217061048920908,
        "nauc_recall_at_10_std": -0.10134228240826804,
        "nauc_recall_at_1_diff1": NaN,
        "nauc_recall_at_1_max": NaN,
        "nauc_recall_at_1_std": NaN,
        "nauc_recall_at_20_diff1": -0.21498981154869187,
        "nauc_recall_at_20_max": 0.019388677663684562,
        "nauc_recall_at_20_std": -0.0583992107876834,
        "nauc_recall_at_3_diff1": -0.194918275444948,
        "nauc_recall_at_3_max": 0.020261465735397204,
        "nauc_recall_at_3_std": -0.11371385413568323,
        "nauc_recall_at_5_diff1": -0.2039077914775487,
        "nauc_recall_at_5_max": 0.017755486259578946,
        "nauc_recall_at_5_std": -0.12373696432361334,
        "ndcg_at_1": 0.0,
        "ndcg_at_10": 0.49579,
        "ndcg_at_100": 0.59409,
        "ndcg_at_1000": 0.69974,
        "ndcg_at_20": 0.47753,
        "ndcg_at_3": 0.38002,
        "ndcg_at_5": 0.45583,
        "precision_at_1": 0.0,
        "precision_at_10": 0.55713,
        "precision_at_100": 0.20117,