{
  "dataset_revision": "1b86e2dde50e671d5c83d07a79e8b1d8c696964b",
  "evaluation_time": 1815.0575251579285,
  "kg_co2_emissions": 0.08896295371182662,
  "mteb_version": "1.14.15",
  "scores": {
    "test": [
      {
        "cv_recall_at_1": 0.0,
        "cv_recall_at_10": 0.0,
        "cv_recall_at_100": 0.00233,
        "cv_recall_at_1000": 0.01571,
        "cv_recall_at_20": 0.0,
        "cv_recall_at_3": 0.0,
        "cv_recall_at_5": 0.0,
        "hf_subset": "default",
        "languages": [
          "eng-Latn"
        ],
        "main_score": 0.0,
        "map_at_1": 0.0,
        "map_at_10": 0.0,
        "map_at_100": 2e-05,
        "map_at_1000": 4e-05,
        "map_at_20": 0.0,
        "map_at_3": 0.0,
        "map_at_5": 0.0,
        "mrr_at_1": 0.0,
        "mrr_at_10": 0.0,
        "mrr_at_100": 5.134116455705975e-05,
        "mrr_at_1000": 8.865832887128252e-05,
        "mrr_at_20": 0.0,
        "mrr_at_3": 0.0,
        "mrr_at_5": 0.0,
        "nauc_cv_recall_at_1000_diff1": -0.005776103676828857,
        "nauc_cv_recall_at_1000_max": -0.07624691272509979,
        "nauc_cv_recall_at_1000_std": 0.014275951022830802,
        "nauc_cv_recall_at_100_diff1": -0.0073810783935999635,
        "nauc_cv_recall_at_100_max": 0.12638058151359977,
        "nauc_cv_recall_at_100_std": -0.0010843403585709978,
        "nauc_cv_recall_at_10_diff1": NaN,
        "nauc_cv_recall_at_10_max": NaN,
        "nauc_cv_recall_at_10_std": NaN,
        "nauc_cv_recall_at_1_diff1": NaN,
        "nauc_cv_recall_at_1_max": NaN,
        "nauc_cv_recall_at_1_std": NaN,
        "nauc_cv_recall_at_20_diff1": NaN,
        "nauc_cv_recall_at_20_max": NaN,
        "nauc_cv_recall_at_20_std": NaN,
        "nauc_cv_recall_at_3_diff1": NaN,
        "nauc_cv_recall_at_3_max": NaN,
        "nauc_cv_recall_at_3_std": NaN,
        "nauc_cv_recall_at_5_diff1": NaN,
        "nauc_cv_recall_at_5_max": NaN,
        "nauc_cv_recall_at_5_std": NaN,
        "nauc_map_at_1000_diff1": -0.08001185092195565,
        "nauc_map_at_1000_max": 0.009698528387189573,
        "nauc_map_at_1000_std": 0.03340723946803241,
        "nauc_map_at_100_diff1": -0.15275002951999891,
        "nauc_map_at_100_max": 0.042546297514871906,
        "nauc_map_at_100_std": -0.06975789721515782,
        "nauc_map_at_10_diff1": NaN,
        "nauc_map_at_10_max": NaN,
        "nauc_map_at_10_std": NaN,
        "nauc_map_at_1_diff1": NaN,
        "nauc_map_at_1_max": NaN,
        "nauc_map_at_1_std": NaN,
        "nauc_map_at_20_diff1": NaN,
        "nauc_map_at_20_max": NaN,
        "nauc_map_at_20_std": NaN,
        "nauc_map_at_3_diff1": NaN,
        "nauc_map_at_3_max": NaN,
        "nauc_map_at_3_std": NaN,
        "nauc_map_at_5_diff1": NaN,
        "nauc_map_at_5_max": NaN,
        "nauc_map_at_5_std": NaN,
        "nauc_mrr_at_1000_diff1": -0.027942815797721496,
        "nauc_mrr_at_1000_max": -0.07849476387034621,
        "nauc_mrr_at_1000_std": 0.03221159420200798,
        "nauc_mrr_at_100_diff1": -0.07375005290159908,
        "nauc_mrr_at_100_max": 0.003620073745566125,
        "nauc_mrr_at_100_std": -0.030413626110903626,
        "nauc_mrr_at_10_diff1": NaN,
        "nauc_mrr_at_10_max": NaN,
        "nauc_mrr_at_10_std": NaN,
        "nauc_mrr_at_1_diff1": NaN,
        "nauc_mrr_at_1_max": NaN,
        "nauc_mrr_at_1_std": NaN,
        "nauc_mrr_at_20_diff1": NaN,
        "nauc_mrr_at_20_max": NaN,
        "nauc_mrr_at_20_std": NaN,
        "nauc_mrr_at_3_diff1": NaN,
        "nauc_mrr_at_3_max": NaN,
        "nauc_mrr_at_3_std": NaN,
        "nauc_mrr_at_5_diff1": NaN,
        "nauc_mrr_at_5_max": NaN,
        "nauc_mrr_at_5_std": NaN,
        "nauc_ndcg_at_1000_diff1": 0.02464693508029436,
        "nauc_ndcg_at_1000_max": -0.023962343766066124,
        "nauc_ndcg_at_1000_std": 0.03927720905195315,
        "nauc_ndcg_at_100_diff1": -0.08941720445162879,
        "nauc_ndcg_at_100_max": 0.1318623956991156,
        "nauc_ndcg_at_100_std": -0.012828366976723422,
        "nauc_ndcg_at_10_diff1": NaN,
        "nauc_ndcg_at_10_max": NaN,
        "nauc_ndcg_at_10_std": NaN,
        "nauc_ndcg_at_1_diff1": NaN,
        "nauc_ndcg_at_1_max": NaN,
        "nauc_ndcg_at_1_std": NaN,
        "nauc_ndcg_at_20_diff1": NaN,
        "nauc_ndcg_at_20_max": NaN,
        "nauc_ndcg_at_20_std": NaN,
        "nauc_ndcg_at_3_diff1": NaN,
        "nauc_ndcg_at_3_max": NaN,
        "nauc_ndcg_at_3_std": NaN,
        "nauc_ndcg_at_5_diff1": NaN,
        "nauc_ndcg_at_5_max": NaN,
        "nauc_ndcg_at_5_std": NaN,
        "nauc_precision_at_1000_diff1": 0.021270715207891904,
        "nauc_precision_at_1000_max": -0.09108042880758503,
        "nauc_precision_at_1000_std": 0.02301840506672141,
        "nauc_precision_at_100_diff1": -0.007381078393600102,
        "nauc_precision_at_100_max": 0.12638058151359965,
        "nauc_precision_at_100_std": -0.0010843403585711555,
        "nauc_precision_at_10_diff1": NaN,
        "nauc_precision_at_10_max": NaN,
        "nauc_precision_at_10_std": NaN,
        "nauc_precision_at_1_diff1": NaN,
        "nauc_precision_at_1_max": NaN,
        "nauc_precision_at_1_std": NaN,
        "nauc_precision_at_20_diff1": NaN,
        "nauc_precision_at_20_max": NaN,
        "nauc_precision_at_20_std": NaN,
        "nauc_precision_at_3_diff1": NaN,
        "nauc_precision_at_3_max": NaN,
        "nauc_precision_at_3_std": NaN,
        "nauc_precision_at_5_diff1": NaN,
        "nauc_precision_at_5_max": NaN,
        "nauc_precision_at_5_std": NaN,
        "nauc_recall_at_1000_diff1": 0.05542597225217314,
        "nauc_recall_at_1000_max": -0.004041942276071877,
        "nauc_recall_at_1000_std": 0.0435341883503369,
        "nauc_recall_at_100_diff1": -0.1097404926308516,
        "nauc_recall_at_100_max": 0.18438253180505007,
        "nauc_recall_at_100_std": 0.0030783898916913527,
        "nauc_recall_at_10_diff1": NaN,
        "nauc_recall_at_10_max": NaN,
        "nauc_recall_at_10_std": NaN,
        "nauc_recall_at_1_diff1": NaN,
        "nauc_recall_at_1_max": NaN,
        "nauc_recall_at_1_std": NaN,
        "nauc_recall_at_20_diff1": NaN,
        "nauc_recall_at_20_max": NaN,
        "nauc_recall_at_20_std": NaN,
        "nauc_recall_at_3_diff1": NaN,
        "nauc_recall_at_3_max": NaN,
        "nauc_recall_at_3_std": NaN,
        "nauc_recall_at_5_diff1": NaN,
        "nauc_recall_at_5_max": NaN,
        "nauc_recall_at_5_std": NaN,
        "ndcg_at_1": 0.0,
        "ndcg_at_10": 0.0,
        "ndcg_at_100": 0.00021,
        "ndcg_at_1000": 0.0012,
        "ndcg_at_20": 0.0,
        "ndcg_at_3": 0.0,
        "ndcg_at_5": 0.0,
        "precision_at_1": 0.0,
        "precision_at_10": 0.0,
        "precision_at_100": 2e-05,
        "precision_at_1000": 2e-05,
        "precision_at_20": 0.0,
        "precision_at_3": 0.0,
        "precision_at_5": 0.0,
        "recall_at_1": 0.0,
        "recall_at_10": 0.0,
        "recall_at_100": 0.00084,
        "recall_at_1000": 0.00775,
        "recall_at_20": 0.0,
        "recall_at_3": 0.0,
        "recall_at_5": 0.0
      }
    ]
  },
  "task_name": "Fashion200kT2IRetrieval"
}