{
  "dataset_revision": "0b3a1622902e6258425e673405bdfb1e5dfa8618",
  "evaluation_time": 2549.8106966018677,
  "kg_co2_emissions": 0.12094705437305199,
  "mteb_version": "1.14.15",
  "scores": {
    "test": [
      {
        "cv_recall_at_1": 0.6092,
        "cv_recall_at_10": 0.78159,
        "cv_recall_at_100": 0.89136,
        "cv_recall_at_1000": 0.96072,
        "cv_recall_at_20": 0.81846,
        "cv_recall_at_3": 0.70291,
        "cv_recall_at_5": 0.73882,
        "hf_subset": "default",
        "languages": [
          "eng-Latn"
        ],
        "main_score": 0.6092,
        "map_at_1": 0.18847,
        "map_at_10": 0.47546,
        "map_at_100": 0.50391,
        "map_at_1000": 0.50675,
        "map_at_20": 0.49255,
        "map_at_3": 0.3612,
        "map_at_5": 0.42608,
        "mrr_at_1": 0.9996334952062839,
        "mrr_at_10": 0.9998132769138075,
        "mrr_at_100": 0.9998132769138075,
        "mrr_at_1000": 0.9998132769138075,
        "mrr_at_20": 0.9998132769138075,
        "mrr_at_3": 0.9998111945002068,
        "mrr_at_5": 0.9998132769138075,
        "nauc_cv_recall_at_1000_diff1": -0.5387406553094801,
        "nauc_cv_recall_at_1000_max": 0.024084181660132816,
        "nauc_cv_recall_at_1000_std": 0.46484201303973016,
        "nauc_cv_recall_at_100_diff1": -0.5129265669406314,
        "nauc_cv_recall_at_100_max": 0.012647843923656754,
        "nauc_cv_recall_at_100_std": 0.38160802363741025,
        "nauc_cv_recall_at_10_diff1": -0.5027108177348225,
        "nauc_cv_recall_at_10_max": 0.01165555936769068,
        "nauc_cv_recall_at_10_std": 0.2901407451482869,
        "nauc_cv_recall_at_1_diff1": -0.469026693825999,
        "nauc_cv_recall_at_1_max": 0.009795604148270931,
        "nauc_cv_recall_at_1_std": 0.16189681146514215,
        "nauc_cv_recall_at_20_diff1": -0.5044437262109241,
        "nauc_cv_recall_at_20_max": 0.012017063175335322,
        "nauc_cv_recall_at_20_std": 0.3162531724090982,
        "nauc_cv_recall_at_3_diff1": -0.4859634575932184,
        "nauc_cv_recall_at_3_max": 0.014080159666895256,
        "nauc_cv_recall_at_3_std": 0.2253343908298159,
        "nauc_cv_recall_at_5_diff1": -0.49681147106184204,
        "nauc_cv_recall_at_5_max": 0.009523136311920024,
        "nauc_cv_recall_at_5_std": 0.2561575935814538,
        "nauc_map_at_1000_diff1": -0.32721872923879564,
        "nauc_map_at_1000_max": 0.006710224765260868,
        "nauc_map_at_1000_std": 0.2511866853501817,
        "nauc_map_at_100_diff1": -0.32608903185556043,
        "nauc_map_at_100_max": 0.006696325835688212,
        "nauc_map_at_100_std": 0.24964980776671775,
        "nauc_map_at_10_diff1": -0.31100660250294304,
        "nauc_map_at_10_max": 0.004775515864149878,
        "nauc_map_at_10_std": 0.22054636090887814,
        "nauc_map_at_1_diff1": 0.012894856875161495,
        "nauc_map_at_1_max": -0.0018061729359911162,
        "nauc_map_at_1_std": 0.08111195248036474,
        "nauc_map_at_20_diff1": -0.3206658133415603,
        "nauc_map_at_20_max": 0.0060850125773865915,
        "nauc_map_at_20_std": 0.23830878219104962,
        "nauc_map_at_3_diff1": -0.21243287070277037,
        "nauc_map_at_3_max": 0.00351899007323868,
        "nauc_map_at_3_std": 0.1395958034670605,
        "nauc_map_at_5_diff1": -0.2701237672834907,
        "nauc_map_at_5_max": 0.004314491049277372,
        "nauc_map_at_5_std": 0.176200940095106,
        "nauc_mrr_at_1000_diff1": 1.0,
        "nauc_mrr_at_1000_max": -0.016251580294211043,
        "nauc_mrr_at_1000_std": -0.10483711657390364,
        "nauc_mrr_at_100_diff1": 1.0,
        "nauc_mrr_at_100_max": -0.016251580294211043,
        "nauc_mrr_at_100_std": -0.10483711657390364,
        "nauc_mrr_at_10_diff1": 1.0,
        "nauc_mrr_at_10_max": -0.016251580294211043,
        "nauc_mrr_at_10_std": -0.10483711657390364,
        "nauc_mrr_at_1_diff1": 1.0,
        "nauc_mrr_at_1_max": -0.02334113027835732,
        "nauc_mrr_at_1_std": -0.10914813205968718,
        "nauc_mrr_at_20_diff1": 1.0,
        "nauc_mrr_at_20_max": -0.016251580294211043,
        "nauc_mrr_at_20_std": -0.10483711657390364,
        "nauc_mrr_at_3_diff1": 1.0,
        "nauc_mrr_at_3_max": -0.012122960008629823,
        "nauc_mrr_at_3_std": -0.10232658402490098,
        "nauc_mrr_at_5_diff1": 1.0,
        "nauc_mrr_at_5_max": -0.016251580294211043,
        "nauc_mrr_at_5_std": -0.10483711657390364,
        "nauc_ndcg_at_1000_diff1": -0.36133011311907537,
        "nauc_ndcg_at_1000_max": 0.008709455884482487,
        "nauc_ndcg_at_1000_std": 0.31612145133289843,
        "nauc_ndcg_at_100_diff1": -0.35011785738750334,
        "nauc_ndcg_at_100_max": 0.008817263702552066,
        "nauc_ndcg_at_100_std": 0.2999417087831722,
        "nauc_ndcg_at_10_diff1": -0.3400015577473512,
        "nauc_ndcg_at_10_max": 0.006183631876383018,
        "nauc_ndcg_at_10_std": 0.2454281564185978,
        "nauc_ndcg_at_1_diff1": 1.0,
        "nauc_ndcg_at_1_max": -0.01866245638985742,
        "nauc_ndcg_at_1_std": -0.10914813205968718,
        "nauc_ndcg_at_20_diff1": -0.3388828130075662,
        "nauc_ndcg_at_20_max": 0.007186346846001057,
        "nauc_ndcg_at_20_std": 0.2664576596922868,
        "nauc_ndcg_at_3_diff1": -0.4200503236149054,
        "nauc_ndcg_at_3_max": 0.00849513317201646,
        "nauc_ndcg_at_3_std": 0.18327822063041974,
        "nauc_ndcg_at_5_diff1": -0.38318608467006854,
        "nauc_ndcg_at_5_max": 0.008813802380967564,
        "nauc_ndcg_at_5_std": 0.21886964209951795,
        "nauc_precision_at_1000_diff1": -0.17411482309380572,
        "nauc_precision_at_1000_max": 0.008283253543038436,
        "nauc_precision_at_1000_std": 0.158692789872544,
        "nauc_precision_at_100_diff1": -0.25336752196271406,
        "nauc_precision_at_100_max": 0.010816552696970105,
        "nauc_precision_at_100_std": 0.22294264190684465,
        "nauc_precision_at_10_diff1": -0.32365694780658266,
        "nauc_precision_at_10_max": 0.007359425159947327,
        "nauc_precision_at_10_std": 0.2061459061344595,
        "nauc_precision_at_1_diff1": 1.0,
        "nauc_precision_at_1_max": -0.01866245638985742,
        "nauc_precision_at_1_std": -0.10914813205968718,
        "nauc_precision_at_20_diff1": -0.30070927191783364,
        "nauc_precision_at_20_max": 0.009678938900850247,
        "nauc_precision_at_20_std": 0.21998005770286605,
        "nauc_precision_at_3_diff1": -0.4062362930662383,
        "nauc_precision_at_3_max": 0.00904534039543984,
        "nauc_precision_at_3_std": 0.16653059956025423,
        "nauc_precision_at_5_diff1": -0.35494341247869604,
        "nauc_precision_at_5_max": 0.00798404944844137,
        "nauc_precision_at_5_std": 0.17807216141722793,
        "nauc_recall_at_1000_diff1": -0.3077700984278542,
        "nauc_recall_at_1000_max": 0.008685982249502965,
        "nauc_recall_at_1000_std": 0.4262356369932984,
        "nauc_recall_at_100_diff1": -0.3053102233837674,
        "nauc_recall_at_100_max": 0.010199438083814323,
        "nauc_recall_at_100_std": 0.348832306184587,
        "nauc_recall_at_10_diff1": -0.2961470080196375,
        "nauc_recall_at_10_max": 0.004188721671645555,
        "nauc_recall_at_10_std": 0.2419430521076377,
        "nauc_recall_at_1_diff1": 0.012894856875161495,
        "nauc_recall_at_1_max": -0.0018061729359911162,
        "nauc_recall_at_1_std": 0.08111195248036474,
        "nauc_recall_at_20_diff1": -0.3031542015831007,
        "nauc_recall_at_20_max": 0.006910877957055672,
        "nauc_recall_at_20_std": 0.2801041044589922,
        "nauc_recall_at_3_diff1": -0.20769949353017964,
        "nauc_recall_at_3_max": 0.003777731832999836,
        "nauc_recall_at_3_std": 0.14190793162444212,
        "nauc_recall_at_5_diff1": -0.2586242751052176,
        "nauc_recall_at_5_max": 0.004088365275375724,
        "nauc_recall_at_5_std": 0.18314384143793896,
        "ndcg_at_1": 0.99963,
        "ndcg_at_10": 0.61382,
        "ndcg_at_100": 0.66232,
        "ndcg_at_1000": 0.69611,
        "ndcg_at_20": 0.62817,