{
  "dataset_revision": "9c3a626c16c811f15514689c3e7e95a4f2b9b8c3",
  "evaluation_time": 68.32416868209839,
  "kg_co2_emissions": 0.0022126971318206907,
  "mteb_version": "1.14.15",
  "scores": {
    "test": [
      {
        "cv_recall_at_1": 0.00241,
        "cv_recall_at_10": 0.01263,
        "cv_recall_at_100": 0.09681,
        "cv_recall_at_1000": 0.64101,
        "cv_recall_at_20": 0.02345,
        "cv_recall_at_3": 0.00421,
        "cv_recall_at_5": 0.00601,
        "hf_subset": "default",
        "languages": [
          "eng-Latn"
        ],
        "main_score": 0.00325,
        "map_at_1": 0.0012,
        "map_at_10": 0.00323,
        "map_at_100": 0.00565,
        "map_at_1000": 0.00712,
        "map_at_20": 0.00408,
        "map_at_3": 0.002,
        "map_at_5": 0.00255,
        "mrr_at_1": 0.0024052916416115455,
        "mrr_at_10": 0.00445861848447537,
        "mrr_at_100": 0.006718404400850621,
        "mrr_at_1000": 0.00819573686019168,
        "mrr_at_20": 0.005182477469356899,
        "mrr_at_3": 0.0032070555221487274,
        "mrr_at_5": 0.0036279815594307476,
        "nauc_cv_recall_at_1000_diff1": -0.017171777793370365,
        "nauc_cv_recall_at_1000_max": 0.09275312780793368,
        "nauc_cv_recall_at_1000_std": 0.051738566127542296,
        "nauc_cv_recall_at_100_diff1": -0.09120289017348121,
        "nauc_cv_recall_at_100_max": 0.1262294357973752,
        "nauc_cv_recall_at_100_std": 0.05895406015149809,
        "nauc_cv_recall_at_10_diff1": -0.04671623247242225,
        "nauc_cv_recall_at_10_max": 0.3450492597074198,
        "nauc_cv_recall_at_10_std": 0.008701917142515055,
        "nauc_cv_recall_at_1_diff1": 0.09834038927752024,
        "nauc_cv_recall_at_1_max": 0.2939988333301331,
        "nauc_cv_recall_at_1_std": -0.12400361676146307,
        "nauc_cv_recall_at_20_diff1": 0.015305041700233876,
        "nauc_cv_recall_at_20_max": 0.2439777946821378,
        "nauc_cv_recall_at_20_std": 0.037692497074781214,
        "nauc_cv_recall_at_3_diff1": 0.09830751435296756,
        "nauc_cv_recall_at_3_max": 0.4194255521890638,
        "nauc_cv_recall_at_3_std": -0.033642810946814795,
        "nauc_cv_recall_at_5_diff1": 0.08641479337913054,
        "nauc_cv_recall_at_5_max": 0.5597391883576972,
        "nauc_cv_recall_at_5_std": 0.1558760108317753,
        "nauc_map_at_1000_diff1": 0.025652482699743996,
        "nauc_map_at_1000_max": 0.3706521523107823,
        "nauc_map_at_1000_std": -0.008767302339380233,
        "nauc_map_at_100_diff1": 0.030098831150847882,
        "nauc_map_at_100_max": 0.40148487613572337,
        "nauc_map_at_100_std": -0.009931289223431622,
        "nauc_map_at_10_diff1": 0.10492743826840721,
        "nauc_map_at_10_max": 0.6263701387771127,
        "nauc_map_at_10_std": -0.06362083500255641,
        "nauc_map_at_1_diff1": 0.2502656292076175,
        "nauc_map_at_1_max": 0.8307065091267622,
        "nauc_map_at_1_std": -0.26205829017469917,
        "nauc_map_at_20_diff1": 0.08947914876923256,
        "nauc_map_at_20_max": 0.5088122657488392,
        "nauc_map_at_20_std": -0.04818780224439224,
        "nauc_map_at_3_diff1": 0.21734296334604405,
        "nauc_map_at_3_max": 0.757492909589025,
        "nauc_map_at_3_std": -0.2531592662257767,
        "nauc_map_at_5_diff1": 0.18709442205629703,
        "nauc_map_at_5_max": 0.742479989494083,
        "nauc_map_at_5_std": -0.05330912532072138,
        "nauc_mrr_at_1000_diff1": 0.015751825183108695,
        "nauc_mrr_at_1000_max": 0.2756424298365769,
        "nauc_mrr_at_1000_std": 0.015545265016165585,
        "nauc_mrr_at_100_diff1": 0.018201392619719325,
        "nauc_mrr_at_100_max": 0.29304173410544276,
        "nauc_mrr_at_100_std": 0.016659907706824108,
        "nauc_mrr_at_10_diff1": 0.05787186196302957,
        "nauc_mrr_at_10_max": 0.3860228684961379,
        "nauc_mrr_at_10_std": -0.008960345962791005,
        "nauc_mrr_at_1_diff1": 0.09834038927752024,
        "nauc_mrr_at_1_max": 0.2939988333301331,
        "nauc_mrr_at_1_std": -0.12400361676146307,
        "nauc_mrr_at_20_diff1": 0.059950097154511994,
        "nauc_mrr_at_20_max": 0.3436675355306187,
        "nauc_mrr_at_20_std": -0.0012007439048535254,
        "nauc_mrr_at_3_diff1": 0.10782133399365953,
        "nauc_mrr_at_3_max": 0.38241725256820464,
        "nauc_mrr_at_3_std": -0.07165977952406422,
        "nauc_mrr_at_5_diff1": 0.10604310699237689,
        "nauc_mrr_at_5_max": 0.4428466216598557,
        "nauc_mrr_at_5_std": 0.012707149092941666,
        "nauc_ndcg_at_1000_diff1": -0.023716244525908044,
        "nauc_ndcg_at_1000_max": 0.14730843651507844,
        "nauc_ndcg_at_1000_std": 0.04023993258192576,
        "nauc_ndcg_at_100_diff1": -0.05820043303743162,
        "nauc_ndcg_at_100_max": 0.20149338803151837,
        "nauc_ndcg_at_100_std": 0.043341606602399795,
        "nauc_ndcg_at_10_diff1": 0.04369869424674244,
        "nauc_ndcg_at_10_max": 0.5276673143759906,
        "nauc_ndcg_at_10_std": -0.02561489405969019,
        "nauc_ndcg_at_1_diff1": 0.2502656292076175,
        "nauc_ndcg_at_1_max": 0.8307065091267622,
        "nauc_ndcg_at_1_std": -0.26205829017469917,
        "nauc_ndcg_at_20_diff1": 0.04739423933788067,
        "nauc_ndcg_at_20_max": 0.36267767587490857,
        "nauc_ndcg_at_20_std": -0.009406418525455453,
        "nauc_ndcg_at_3_diff1": 0.20383192227071156,
        "nauc_ndcg_at_3_max": 0.7333961239319916,
        "nauc_ndcg_at_3_std": -0.24449840164341488,
        "nauc_ndcg_at_5_diff1": 0.1604998270585154,
        "nauc_ndcg_at_5_max": 0.7131653125394605,
        "nauc_ndcg_at_5_std": 0.03153523108272641,
        "nauc_precision_at_1000_diff1": -0.017171777793370577,
        "nauc_precision_at_1000_max": 0.09275312780793304,
        "nauc_precision_at_1000_std": 0.05173856612754167,
        "nauc_precision_at_100_diff1": -0.08721395117022103,
        "nauc_precision_at_100_max": 0.13371850545609917,
        "nauc_precision_at_100_std": 0.0575548533162148,
        "nauc_precision_at_10_diff1": -0.021469772284757268,
        "nauc_precision_at_10_max": 0.415531538621932,
        "nauc_precision_at_10_std": 0.003114868496659705,
        "nauc_precision_at_1_diff1": 0.2502656292076175,
        "nauc_precision_at_1_max": 0.8307065091267622,
        "nauc_precision_at_1_std": -0.26205829017469917,
        "nauc_precision_at_20_diff1": 0.02408613135799952,
        "nauc_precision_at_20_max": 0.25581247914889266,
        "nauc_precision_at_20_std": 0.012368615418854463,
        "nauc_precision_at_3_diff1": 0.17596835177470865,
        "nauc_precision_at_3_max": 0.6842793100512875,
        "nauc_precision_at_3_std": -0.2261510046478633,
        "nauc_precision_at_5_diff1": 0.11887646098287227,
        "nauc_precision_at_5_max": 0.6680379075626801,
        "nauc_precision_at_5_std": 0.16224328828537385,
        "nauc_recall_at_1000_diff1": -0.017171777793370365,
        "nauc_recall_at_1000_max": 0.09275312780793368,
        "nauc_recall_at_1000_std": 0.051738566127542296,
        "nauc_recall_at_100_diff1": -0.08721395117022121,
        "nauc_recall_at_100_max": 0.13371850545609906,
        "nauc_recall_at_100_std": 0.057554853316214745,
        "nauc_recall_at_10_diff1": -0.02146977228475705,
        "nauc_recall_at_10_max": 0.4155315386219322,
        "nauc_recall_at_10_std": 0.0031148684966600297,
        "nauc_recall_at_1_diff1": 0.2502656292076175,
        "nauc_recall_at_1_max": 0.8307065091267622,
        "nauc_recall_at_1_std": -0.26205829017469917,
        "nauc_recall_at_20_diff1": 0.024086131357999464,
        "nauc_recall_at_20_max": 0.2558124791488926,
        "nauc_recall_at_20_std": 0.012368615418854563,
        "nauc_recall_at_3_diff1": 0.1759683517747087,
        "nauc_recall_at_3_max": 0.6842793100512877,
        "nauc_recall_at_3_std": -0.22615100464786347,
        "nauc_recall_at_5_diff1": 0.11887646098287198,
        "nauc_recall_at_5_max": 0.6680379075626798,
        "nauc_recall_at_5_std": 0.16224328828537374,
        "ndcg_at_1": 0.0012,