{
  "dataset_revision": "d8c3e53160860f76de73ed3041a8593672fe5928",
  "evaluation_time": 29.109565496444702,
  "kg_co2_emissions": 0.0015124298540059222,
  "mteb_version": "1.14.15",
  "scores": {
    "test": [
      {
        "cv_recall_at_1": 0.00587,
        "cv_recall_at_10": 0.02758,
        "cv_recall_at_100": 0.19836,
        "cv_recall_at_1000": 1.0,
        "cv_recall_at_20": 0.04871,
        "cv_recall_at_3": 0.01115,
        "cv_recall_at_5": 0.01643,
        "hf_subset": "default",
        "languages": [
          "eng-Latn"
        ],
        "main_score": 0.01384,
        "map_at_1": 0.00548,
        "map_at_10": 0.01004,
        "map_at_100": 0.01385,
        "map_at_1000": 0.01686,
        "map_at_20": 0.01141,
        "map_at_3": 0.00763,
        "map_at_5": 0.00869,
        "mrr_at_1": 0.005868544600938967,
        "mrr_at_10": 0.010716148744317755,
        "mrr_at_100": 0.014904862577385406,
        "mrr_at_1000": 0.017750966927913052,
        "mrr_at_20": 0.012194228000258064,
        "mrr_at_3": 0.008118153364632239,
        "mrr_at_5": 0.009291862284820032,
        "nauc_cv_recall_at_1000_diff1": NaN,
        "nauc_cv_recall_at_1000_max": NaN,
        "nauc_cv_recall_at_1000_std": NaN,
        "nauc_cv_recall_at_100_diff1": -0.015515511361088198,
        "nauc_cv_recall_at_100_max": -0.026801844246651812,
        "nauc_cv_recall_at_100_std": 0.036310279501625825,
        "nauc_cv_recall_at_10_diff1": -0.013454725139969134,
        "nauc_cv_recall_at_10_max": -0.13889062754349463,
        "nauc_cv_recall_at_10_std": -0.011076542333421627,
        "nauc_cv_recall_at_1_diff1": 0.18178816053919825,
        "nauc_cv_recall_at_1_max": -0.2305781187675835,
        "nauc_cv_recall_at_1_std": -0.17296130039318552,
        "nauc_cv_recall_at_20_diff1": 0.0008993212557044735,
        "nauc_cv_recall_at_20_max": -0.045513183701491024,
        "nauc_cv_recall_at_20_std": 0.07010174708421407,
        "nauc_cv_recall_at_3_diff1": 0.12903838093559006,
        "nauc_cv_recall_at_3_max": -0.15915464240888116,
        "nauc_cv_recall_at_3_std": -0.13102789249652774,
        "nauc_cv_recall_at_5_diff1": 0.005478696538497988,
        "nauc_cv_recall_at_5_max": -0.18578851436778204,
        "nauc_cv_recall_at_5_std": -0.13276594553204965,
        "nauc_map_at_1000_diff1": 0.06951953846546129,
        "nauc_map_at_1000_max": -0.1532788689224475,
        "nauc_map_at_1000_std": -0.06051488505940208,
        "nauc_map_at_100_diff1": 0.0713207057871448,
        "nauc_map_at_100_max": -0.15777396161214335,
        "nauc_map_at_100_std": -0.06104238048862461,
        "nauc_map_at_10_diff1": 0.09776631010346168,
        "nauc_map_at_10_max": -0.21417689003256452,
        "nauc_map_at_10_std": -0.11374970878809576,
        "nauc_map_at_1_diff1": 0.21750994973991564,
        "nauc_map_at_1_max": -0.27016700593305004,
        "nauc_map_at_1_std": -0.15568464010026412,
        "nauc_map_at_20_diff1": 0.08499948432781004,
        "nauc_map_at_20_max": -0.17948624873166294,
        "nauc_map_at_20_std": -0.07773835721686431,
        "nauc_map_at_3_diff1": 0.16693463476126666,
        "nauc_map_at_3_max": -0.2384338715352017,
        "nauc_map_at_3_std": -0.15316182544981444,
        "nauc_map_at_5_diff1": 0.120544642431442,
        "nauc_map_at_5_max": -0.23620691491415585,
        "nauc_map_at_5_std": -0.15110891997601647,
        "nauc_mrr_at_1000_diff1": 0.06281144053836103,
        "nauc_mrr_at_1000_max": -0.13795286699550668,
        "nauc_mrr_at_1000_std": -0.055926217425617715,
        "nauc_mrr_at_100_diff1": 0.0633883905376478,
        "nauc_mrr_at_100_max": -0.14071468861264722,
        "nauc_mrr_at_100_std": -0.054805527578670965,
        "nauc_mrr_at_10_diff1": 0.08827929632629589,
        "nauc_mrr_at_10_max": -0.19057335538732942,
        "nauc_mrr_at_10_std": -0.10973642136828532,
        "nauc_mrr_at_1_diff1": 0.18178816053919825,
        "nauc_mrr_at_1_max": -0.2305781187675835,
        "nauc_mrr_at_1_std": -0.17296130039318552,
        "nauc_mrr_at_20_diff1": 0.07930840698350926,
        "nauc_mrr_at_20_max": -0.1607469354759958,
        "nauc_mrr_at_20_std": -0.07341696933262834,
        "nauc_mrr_at_3_diff1": 0.15358595130476402,
        "nauc_mrr_at_3_max": -0.2045724153253133,
        "nauc_mrr_at_3_std": -0.1518790429284564,
        "nauc_mrr_at_5_diff1": 0.10463703297688319,
        "nauc_mrr_at_5_max": -0.2100038849547273,
        "nauc_mrr_at_5_std": -0.15178631866590314,
        "nauc_ndcg_at_1000_diff1": 0.011094934654744957,
        "nauc_ndcg_at_1000_max": -0.07948944596685394,
        "nauc_ndcg_at_1000_std": -0.006206972798604739,
        "nauc_ndcg_at_100_diff1": 0.010484318095132677,
        "nauc_ndcg_at_100_max": -0.06934670230654769,
        "nauc_ndcg_at_100_std": 0.004761955384885008,
        "nauc_ndcg_at_10_diff1": 0.04657611067391007,
        "nauc_ndcg_at_10_max": -0.18211153994177548,
        "nauc_ndcg_at_10_std": -0.07697072927538275,
        "nauc_ndcg_at_1_diff1": 0.18178816053919825,
        "nauc_ndcg_at_1_max": -0.2305781187675835,
        "nauc_ndcg_at_1_std": -0.17296130039318552,
        "nauc_ndcg_at_20_diff1": 0.03403932025109374,
        "nauc_ndcg_at_20_max": -0.11144206417692352,
        "nauc_ndcg_at_20_std": -0.009455441987476587,
        "nauc_ndcg_at_3_diff1": 0.15143572279520787,
        "nauc_ndcg_at_3_max": -0.21641220777241474,
        "nauc_ndcg_at_3_std": -0.15076353604182344,
        "nauc_ndcg_at_5_diff1": 0.07934300184791042,
        "nauc_ndcg_at_5_max": -0.21754239953584203,
        "nauc_ndcg_at_5_std": -0.1470102666093339,
        "nauc_precision_at_1000_diff1": -0.08582912009952078,
        "nauc_precision_at_1000_max": -0.015239035163442357,
        "nauc_precision_at_1000_std": 0.027612794357011458,
        "nauc_precision_at_100_diff1": -0.01829398994128233,
        "nauc_precision_at_100_max": -0.02954311214379498,
        "nauc_precision_at_100_std": 0.03527672163236286,
        "nauc_precision_at_10_diff1": -0.013454725139969159,
        "nauc_precision_at_10_max": -0.13889062754349468,
        "nauc_precision_at_10_std": -0.011076542333421523,
        "nauc_precision_at_1_diff1": 0.18178816053919825,
        "nauc_precision_at_1_max": -0.2305781187675835,
        "nauc_precision_at_1_std": -0.17296130039318552,
        "nauc_precision_at_20_diff1": 0.0008993212557047382,
        "nauc_precision_at_20_max": -0.045513183701490864,
        "nauc_precision_at_20_std": 0.07010174708421435,
        "nauc_precision_at_3_diff1": 0.12903838093559,
        "nauc_precision_at_3_max": -0.15915464240888114,
        "nauc_precision_at_3_std": -0.13102789249652783,
        "nauc_precision_at_5_diff1": 0.005478696538497934,
        "nauc_precision_at_5_max": -0.18578851436778202,
        "nauc_precision_at_5_std": -0.13276594553204965,
        "nauc_recall_at_1000_diff1": NaN,
        "nauc_recall_at_1000_max": NaN,
        "nauc_recall_at_1000_std": NaN,
        "nauc_recall_at_100_diff1": -0.012724080484092834,
        "nauc_recall_at_100_max": -0.030541397409081548,
        "nauc_recall_at_100_std": 0.02392986767371565,
        "nauc_recall_at_10_diff1": -0.022268305188229615,
        "nauc_recall_at_10_max": -0.1476016628302026,
        "nauc_recall_at_10_std": -0.02942511970911886,
        "nauc_recall_at_1_diff1": 0.21750994973991564,
        "nauc_recall_at_1_max": -0.27016700593305004,
        "nauc_recall_at_1_std": -0.15568464010026412,
        "nauc_recall_at_20_diff1": -0.014886933344718765,
        "nauc_recall_at_20_max": -0.04419302812665873,
        "nauc_recall_at_20_std": 0.0555958003503012,
        "nauc_recall_at_3_diff1": 0.12134245775458545,
        "nauc_recall_at_3_max": -0.19074105930331847,
        "nauc_recall_at_3_std": -0.1521293604357741,
        "nauc_recall_at_5_diff1": 0.010623105688224948,
        "nauc_recall_at_5_max": -0.19684194744707137,
        "nauc_recall_at_5_std": -0.14152187525378723,
        "ndcg_at_1": 0.00587,
        "ndcg_at_10": 0.01384,