{
  "dataset_revision": "c9a9a6c3ef0765622a6de0af6ebb68f323ad73ba",
  "evaluation_time": 189.66486525535583,
  "kg_co2_emissions": 0.009550598885470007,
  "mteb_version": "1.14.15",
  "scores": {
    "test": [
      {
        "cv_recall_at_1": 0.066,
        "cv_recall_at_10": 0.165,
        "cv_recall_at_100": 0.27,
        "cv_recall_at_1000": 0.463,
        "cv_recall_at_20": 0.196,
        "cv_recall_at_3": 0.115,
        "cv_recall_at_5": 0.139,
        "hf_subset": "default",
        "languages": [
          "eng-Latn"
        ],
        "main_score": 0.11337,
        "map_at_1": 0.066,
        "map_at_10": 0.09708,
        "map_at_100": 0.10103,
        "map_at_1000": 0.10167,
        "map_at_20": 0.09918,
        "map_at_3": 0.088,
        "map_at_5": 0.0935,
        "mrr_at_1": 0.066,
        "mrr_at_10": 0.0970845238095238,
        "mrr_at_100": 0.10103164140408603,
        "mrr_at_1000": 0.1016723038456596,
        "mrr_at_20": 0.09918185856111553,
        "mrr_at_3": 0.08799999999999998,
        "mrr_at_5": 0.0935,
        "nauc_cv_recall_at_1000_diff1": 0.12411622256919265,
        "nauc_cv_recall_at_1000_max": 0.6019420413006045,
        "nauc_cv_recall_at_1000_std": 0.14643049283704546,
        "nauc_cv_recall_at_100_diff1": 0.2759493670886073,
        "nauc_cv_recall_at_100_max": 0.7175794513347253,
        "nauc_cv_recall_at_100_std": 0.3222492150762193,
        "nauc_cv_recall_at_10_diff1": 0.36502424702891817,
        "nauc_cv_recall_at_10_max": 0.7230867358902928,
        "nauc_cv_recall_at_10_std": 0.3206329553235594,
        "nauc_cv_recall_at_1_diff1": 0.5415518208649415,
        "nauc_cv_recall_at_1_max": 0.7338585750176844,
        "nauc_cv_recall_at_1_std": 0.36493727183289854,
        "nauc_cv_recall_at_20_diff1": 0.3249328993391653,
        "nauc_cv_recall_at_20_max": 0.739280300295965,
        "nauc_cv_recall_at_20_std": 0.3072996987852975,
        "nauc_cv_recall_at_3_diff1": 0.4477123784186182,
        "nauc_cv_recall_at_3_max": 0.7400275808203464,
        "nauc_cv_recall_at_3_std": 0.3317094006663331,
        "nauc_cv_recall_at_5_diff1": 0.4198156161164224,
        "nauc_cv_recall_at_5_max": 0.7476952014552806,
        "nauc_cv_recall_at_5_std": 0.33421551545809125,
        "nauc_map_at_1000_diff1": 0.45742841142394414,
        "nauc_map_at_1000_max": 0.7369101183136223,
        "nauc_map_at_1000_std": 0.347464099250738,
        "nauc_map_at_100_diff1": 0.4587489502571011,
        "nauc_map_at_100_max": 0.737652563210304,
        "nauc_map_at_100_std": 0.34902256842128365,
        "nauc_map_at_10_diff1": 0.4676545384873133,
        "nauc_map_at_10_max": 0.7359915874393214,
        "nauc_map_at_10_std": 0.3507477219905492,
        "nauc_map_at_1_diff1": 0.5415518208649415,
        "nauc_map_at_1_max": 0.7338585750176844,
        "nauc_map_at_1_std": 0.36493727183289854,
        "nauc_map_at_20_diff1": 0.46151763076547647,
        "nauc_map_at_20_max": 0.7381058028172228,
        "nauc_map_at_20_std": 0.3489078604661961,
        "nauc_map_at_3_diff1": 0.4923069589690662,
        "nauc_map_at_3_max": 0.7383796117832852,
        "nauc_map_at_3_std": 0.35268354907836885,
        "nauc_map_at_5_diff1": 0.48064169086542297,
        "nauc_map_at_5_max": 0.7408932883313523,
        "nauc_map_at_5_std": 0.3529935117006642,
        "nauc_mrr_at_1000_diff1": 0.45742841142394414,
        "nauc_mrr_at_1000_max": 0.7369101183136223,
        "nauc_mrr_at_1000_std": 0.347464099250738,
        "nauc_mrr_at_100_diff1": 0.4587489502571011,
        "nauc_mrr_at_100_max": 0.737652563210304,
        "nauc_mrr_at_100_std": 0.34902256842128365,
        "nauc_mrr_at_10_diff1": 0.4676545384873133,
        "nauc_mrr_at_10_max": 0.7359915874393214,
        "nauc_mrr_at_10_std": 0.3507477219905492,
        "nauc_mrr_at_1_diff1": 0.5415518208649415,
        "nauc_mrr_at_1_max": 0.7338585750176844,
        "nauc_mrr_at_1_std": 0.36493727183289854,
        "nauc_mrr_at_20_diff1": 0.46151763076547647,
        "nauc_mrr_at_20_max": 0.7381058028172228,
        "nauc_mrr_at_20_std": 0.3489078604661961,
        "nauc_mrr_at_3_diff1": 0.4923069589690662,
        "nauc_mrr_at_3_max": 0.7383796117832852,
        "nauc_mrr_at_3_std": 0.35268354907836885,
        "nauc_mrr_at_5_diff1": 0.48064169086542297,
        "nauc_mrr_at_5_max": 0.7408932883313523,
        "nauc_mrr_at_5_std": 0.3529935117006642,
        "nauc_ndcg_at_1000_diff1": 0.3653069935779564,
        "nauc_ndcg_at_1000_max": 0.7090899638908262,
        "nauc_ndcg_at_1000_std": 0.3005866845160484,
        "nauc_ndcg_at_100_diff1": 0.3991412600545987,
        "nauc_ndcg_at_100_max": 0.7328815196598216,
        "nauc_ndcg_at_100_std": 0.3385850242744597,
        "nauc_ndcg_at_10_diff1": 0.43486348528439556,
        "nauc_ndcg_at_10_max": 0.7324125351418408,
        "nauc_ndcg_at_10_std": 0.3413836517885123,
        "nauc_ndcg_at_1_diff1": 0.5415518208649415,
        "nauc_ndcg_at_1_max": 0.7338585750176844,
        "nauc_ndcg_at_1_std": 0.36493727183289854,
        "nauc_ndcg_at_20_diff1": 0.41675482527189067,
        "nauc_ndcg_at_20_max": 0.7384664164032418,
        "nauc_ndcg_at_20_std": 0.33562612219481264,
        "nauc_ndcg_at_3_diff1": 0.4788405678799663,
        "nauc_ndcg_at_3_max": 0.7389230116266629,
        "nauc_ndcg_at_3_std": 0.346534673545997,
        "nauc_ndcg_at_5_diff1": 0.46142217547398634,
        "nauc_ndcg_at_5_max": 0.7430076208378333,
        "nauc_ndcg_at_5_std": 0.3471504055076248,
        "nauc_precision_at_1000_diff1": 0.1241162225691923,
        "nauc_precision_at_1000_max": 0.6019420413006045,
        "nauc_precision_at_1000_std": 0.14643049283704512,
        "nauc_precision_at_100_diff1": 0.2759493670886078,
        "nauc_precision_at_100_max": 0.7175794513347258,
        "nauc_precision_at_100_std": 0.3222492150762195,
        "nauc_precision_at_10_diff1": 0.36502424702891817,
        "nauc_precision_at_10_max": 0.723086735890293,
        "nauc_precision_at_10_std": 0.32063295532355945,
        "nauc_precision_at_1_diff1": 0.5415518208649415,
        "nauc_precision_at_1_max": 0.7338585750176844,
        "nauc_precision_at_1_std": 0.36493727183289854,
        "nauc_precision_at_20_diff1": 0.3249328993391649,
        "nauc_precision_at_20_max": 0.7392803002959645,
        "nauc_precision_at_20_std": 0.30729969878529734,
        "nauc_precision_at_3_diff1": 0.4477123784186182,
        "nauc_precision_at_3_max": 0.7400275808203464,
        "nauc_precision_at_3_std": 0.3317094006663331,
        "nauc_precision_at_5_diff1": 0.4198156161164224,
        "nauc_precision_at_5_max": 0.7476952014552805,
        "nauc_precision_at_5_std": 0.3342155154580914,
        "nauc_recall_at_1000_diff1": 0.12411622256919265,
        "nauc_recall_at_1000_max": 0.6019420413006045,
        "nauc_recall_at_1000_std": 0.14643049283704546,
        "nauc_recall_at_100_diff1": 0.2759493670886073,
        "nauc_recall_at_100_max": 0.7175794513347253,
        "nauc_recall_at_100_std": 0.3222492150762193,
        "nauc_recall_at_10_diff1": 0.36502424702891817,
        "nauc_recall_at_10_max": 0.7230867358902928,
        "nauc_recall_at_10_std": 0.3206329553235594,
        "nauc_recall_at_1_diff1": 0.5415518208649415,
        "nauc_recall_at_1_max": 0.7338585750176844,
        "nauc_recall_at_1_std": 0.36493727183289854,
        "nauc_recall_at_20_diff1": 0.3249328993391653,
        "nauc_recall_at_20_max": 0.739280300295965,
        "nauc_recall_at_20_std": 0.3072996987852975,
        "nauc_recall_at_3_diff1": 0.4477123784186182,
        "nauc_recall_at_3_max": 0.7400275808203464,
        "nauc_recall_at_3_std": 0.3317094006663331,
        "nauc_recall_at_5_diff1": 0.4198156161164224,
        "nauc_recall_at_5_max": 0.7476952014552806,
        "nauc_recall_at_5_std": 0.33421551545809125,
        "ndcg_at_1": 0.066,
        "ndcg_at_10": 0.11337,
        "ndcg_at_100": 0.1348,
        "ndcg_at_1000": 0.15765,
        "ndcg_at_20": 0.12115,
        "ndcg_at_3": 0.09495,
        "ndcg_at_5": 0.10485,