{
  "dataset_revision": "d28adfd8b34fefa546fdf94bdc352622b2575f6c",
  "evaluation_time": 507.4514203071594,
  "kg_co2_emissions": null,
  "mteb_version": "1.14.15",
  "scores": {
    "test": [
      {
        "accuracy": 0.11338,
        "hf_subset": "default",
        "languages": [
          "eng-Latn"
        ],
        "main_score": 0.11338,
        "mrr_at_1": 0.11337966985230234,
        "mrr_at_10": 0.30567536165928844,
        "mrr_at_100": 0.30567536165928844,
        "mrr_at_1000": 0.30567536165928844,
        "mrr_at_20": 0.30567536165928844,
        "mrr_at_3": 0.1996090356211983,
        "mrr_at_5": 0.24013900955690623,
        "ndcg_at_1": 0.11338,
        "ndcg_at_10": 0.46433,
        "ndcg_at_100": 0.46433,
        "ndcg_at_1000": 0.46433,
        "ndcg_at_20": 0.46433,
        "ndcg_at_3": 0.22984,
        "ndcg_at_5": 0.30351
      }
    ]
  },
  "task_name": "ImageCoDeT2IMultiChoice"
}