{
  "dataset_revision": "eea276dc58c52eab33e9476acb137ff5530b78e9",
  "evaluation_time": 311.67108035087585,
  "kg_co2_emissions": 0.01631598992151162,
  "mteb_version": "1.14.15",
  "scores": {
    "test": [
      {
        "cv_recall_at_1": 0.13694,
        "cv_recall_at_10": 0.26772,
        "cv_recall_at_100": 0.42219,
        "cv_recall_at_1000": 0.63451,
        "cv_recall_at_20": 0.30837,
        "cv_recall_at_3": 0.20168,
        "cv_recall_at_5": 0.23065,
        "hf_subset": "default",
        "languages": [
          "eng-Latn"
        ],
        "main_score": 0.19856,
        "map_at_1": 0.13694,
        "map_at_10": 0.17689,
        "map_at_100": 0.18242,
        "map_at_1000": 0.1832,
        "map_at_20": 0.17971,
        "map_at_3": 0.1654,
        "map_at_5": 0.17199,
        "mrr_at_1": 0.13693660456250384,
        "mrr_at_10": 0.17688618336100395,
        "mrr_at_100": 0.18242237727381552,
        "mrr_at_1000": 0.18319701248886264,
        "mrr_at_20": 0.17971163041700572,
        "mrr_at_3": 0.16539588841747155,
        "mrr_at_5": 0.17199368710160096,
        "nauc_cv_recall_at_1000_diff1": 0.25421000294706586,
        "nauc_cv_recall_at_1000_max": 0.6782598822685361,
        "nauc_cv_recall_at_1000_std": 0.48859541680587043,
        "nauc_cv_recall_at_100_diff1": 0.31816896749585283,
        "nauc_cv_recall_at_100_max": 0.5563238428062687,
        "nauc_cv_recall_at_100_std": 0.46026280849497797,
        "nauc_cv_recall_at_10_diff1": 0.3920265054821921,
        "nauc_cv_recall_at_10_max": 0.5265277674516421,
        "nauc_cv_recall_at_10_std": 0.4099313158039587,
        "nauc_cv_recall_at_1_diff1": 0.5853573635299599,
        "nauc_cv_recall_at_1_max": 0.5473560006767553,
        "nauc_cv_recall_at_1_std": 0.3703707759871841,
        "nauc_cv_recall_at_20_diff1": 0.36472850008175023,
        "nauc_cv_recall_at_20_max": 0.524031592660767,
        "nauc_cv_recall_at_20_std": 0.42075980765029564,
        "nauc_cv_recall_at_3_diff1": 0.4486652545153538,
        "nauc_cv_recall_at_3_max": 0.5275883298654925,
        "nauc_cv_recall_at_3_std": 0.3815494903351877,
        "nauc_cv_recall_at_5_diff1": 0.42481848396366145,
        "nauc_cv_recall_at_5_max": 0.527324874895767,
        "nauc_cv_recall_at_5_std": 0.39703977701323834,
        "nauc_map_at_1000_diff1": 0.49671864158813306,
        "nauc_map_at_1000_max": 0.5389717296174474,
        "nauc_map_at_1000_std": 0.38602642120711783,
        "nauc_map_at_100_diff1": 0.49695077172301405,
        "nauc_map_at_100_max": 0.5384861322161174,
        "nauc_map_at_100_std": 0.38587348569093205,
        "nauc_map_at_10_diff1": 0.5021815613025429,
        "nauc_map_at_10_max": 0.5378139799299286,
        "nauc_map_at_10_std": 0.3831033640697181,
        "nauc_map_at_1_diff1": 0.5853573635299599,
        "nauc_map_at_1_max": 0.5473560006767553,
        "nauc_map_at_1_std": 0.3703707759871841,
        "nauc_map_at_20_diff1": 0.49891374532878296,
        "nauc_map_at_20_max": 0.5375430626385236,
        "nauc_map_at_20_std": 0.3843395799155349,
        "nauc_map_at_3_diff1": 0.5162389143076688,
        "nauc_map_at_3_max": 0.5381704541966879,
        "nauc_map_at_3_std": 0.3763060888306786,
        "nauc_map_at_5_diff1": 0.5085963212758166,
        "nauc_map_at_5_max": 0.5380399344120256,
        "nauc_map_at_5_std": 0.38080871923789933,
        "nauc_mrr_at_1000_diff1": 0.4967186431823612,
        "nauc_mrr_at_1000_max": 0.5389717337741466,
        "nauc_mrr_at_1000_std": 0.38602642398088644,
        "nauc_mrr_at_100_diff1": 0.49695077172301405,
        "nauc_mrr_at_100_max": 0.5384861322161174,
        "nauc_mrr_at_100_std": 0.38587348569093205,
        "nauc_mrr_at_10_diff1": 0.5021815613025429,
        "nauc_mrr_at_10_max": 0.5378139799299286,
        "nauc_mrr_at_10_std": 0.3831033640697181,
        "nauc_mrr_at_1_diff1": 0.5853573635299599,
        "nauc_mrr_at_1_max": 0.5473560006767553,
        "nauc_mrr_at_1_std": 0.3703707759871841,
        "nauc_mrr_at_20_diff1": 0.49891374532878296,
        "nauc_mrr_at_20_max": 0.5375430626385236,
        "nauc_mrr_at_20_std": 0.3843395799155349,
        "nauc_mrr_at_3_diff1": 0.5162389143076688,
        "nauc_mrr_at_3_max": 0.5381704541966879,
        "nauc_mrr_at_3_std": 0.3763060888306786,
        "nauc_mrr_at_5_diff1": 0.5085963212758166,
        "nauc_mrr_at_5_max": 0.5380399344120256,
        "nauc_mrr_at_5_std": 0.38080871923789933,
        "nauc_ndcg_at_1000_diff1": 0.44267283292726267,
        "nauc_ndcg_at_1000_max": 0.5561697044470924,
        "nauc_ndcg_at_1000_std": 0.40683172235308057,
        "nauc_ndcg_at_100_diff1": 0.44796024206130797,
        "nauc_ndcg_at_100_max": 0.5407940564992904,
        "nauc_ndcg_at_100_std": 0.40418140555982285,
        "nauc_ndcg_at_10_diff1": 0.4702362351704116,
        "nauc_ndcg_at_10_max": 0.5344642399757182,
        "nauc_ndcg_at_10_std": 0.39056764003989236,
        "nauc_ndcg_at_1_diff1": 0.5853573635299599,
        "nauc_ndcg_at_1_max": 0.5473560006767553,
        "nauc_ndcg_at_1_std": 0.3703707759871841,
        "nauc_ndcg_at_20_diff1": 0.4600856030919838,
        "nauc_ndcg_at_20_max": 0.5335540776343273,
        "nauc_ndcg_at_20_std": 0.3944142115524214,
        "nauc_ndcg_at_3_diff1": 0.49688354440987254,
        "nauc_ndcg_at_3_max": 0.5351717999245742,
        "nauc_ndcg_at_3_std": 0.37781929492818334,
        "nauc_ndcg_at_5_diff1": 0.4843314386268476,
        "nauc_ndcg_at_5_max": 0.5349374446520456,
        "nauc_ndcg_at_5_std": 0.38536626073848407,
        "nauc_precision_at_1000_diff1": 0.2542100029470646,
        "nauc_precision_at_1000_max": 0.6782598822685354,
        "nauc_precision_at_1000_std": 0.4885954168058695,
        "nauc_precision_at_100_diff1": 0.3181689674958532,
        "nauc_precision_at_100_max": 0.5563238428062688,
        "nauc_precision_at_100_std": 0.46026280849497825,
        "nauc_precision_at_10_diff1": 0.3920265054821919,
        "nauc_precision_at_10_max": 0.5265277674516423,
        "nauc_precision_at_10_std": 0.4099313158039588,
        "nauc_precision_at_1_diff1": 0.5853573635299599,
        "nauc_precision_at_1_max": 0.5473560006767553,
        "nauc_precision_at_1_std": 0.3703707759871841,
        "nauc_precision_at_20_diff1": 0.3647285000817506,
        "nauc_precision_at_20_max": 0.5240315926607669,
        "nauc_precision_at_20_std": 0.4207598076502956,
        "nauc_precision_at_3_diff1": 0.44866525451535394,
        "nauc_precision_at_3_max": 0.5275883298654925,
        "nauc_precision_at_3_std": 0.3815494903351876,
        "nauc_precision_at_5_diff1": 0.4248184839636615,
        "nauc_precision_at_5_max": 0.5273248748957673,
        "nauc_precision_at_5_std": 0.3970397770132381,
        "nauc_recall_at_1000_diff1": 0.25421000294706586,
        "nauc_recall_at_1000_max": 0.6782598822685361,
        "nauc_recall_at_1000_std": 0.48859541680587043,
        "nauc_recall_at_100_diff1": 0.31816896749585283,
        "nauc_recall_at_100_max": 0.5563238428062687,
        "nauc_recall_at_100_std": 0.46026280849497797,
        "nauc_recall_at_10_diff1": 0.3920265054821921,
        "nauc_recall_at_10_max": 0.5265277674516421,
        "nauc_recall_at_10_std": 0.4099313158039587,
        "nauc_recall_at_1_diff1": 0.5853573635299599,
        "nauc_recall_at_1_max": 0.5473560006767553,
        "nauc_recall_at_1_std": 0.3703707759871841,
        "nauc_recall_at_20_diff1": 0.36472850008175023,
        "nauc_recall_at_20_max": 0.524031592660767,
        "nauc_recall_at_20_std": 0.42075980765029564,
        "nauc_recall_at_3_diff1": 0.4486652545153538,
        "nauc_recall_at_3_max": 0.5275883298654925,
        "nauc_recall_at_3_std": 0.3815494903351877,
        "nauc_recall_at_5_diff1": 0.42481848396366145,
        "nauc_recall_at_5_max": 0.527324874895767,
        "nauc_recall_at_5_std": 0.39703977701323834,
        "ndcg_at_1": 0.13694,
        "ndcg_at_10": 0.19856,
        "ndcg_at_100": 0.22954,
        "ndcg_at_1000": 0.25509,
        "ndcg_at_20": 0.20884,