{
  "dataset_revision": "0b3a1622902e6258425e673405bdfb1e5dfa8618",
  "evaluation_time": 4090.521491765976,
  "kg_co2_emissions": 0.21087202614409126,
  "mteb_version": "1.14.15",
  "scores": {
    "test": [
      {
        "cv_recall_at_1": 0.60697,
        "cv_recall_at_10": 0.7808,
        "cv_recall_at_100": 0.89149,
        "cv_recall_at_1000": 0.96119,
        "cv_recall_at_20": 0.81851,
        "cv_recall_at_3": 0.70093,
        "cv_recall_at_5": 0.73808,
        "hf_subset": "default",
        "languages": [
          "eng-Latn"
        ],
        "main_score": 0.60697,
        "map_at_1": 0.18847,
        "map_at_10": 0.47533,
        "map_at_100": 0.50367,
        "map_at_1000": 0.5065,
        "map_at_20": 0.49228,
        "map_at_3": 0.3607,
        "map_at_5": 0.4258,
        "mrr_at_1": 0.9996334952062839,
        "mrr_at_10": 0.9998132769138075,
        "mrr_at_100": 0.9998132769138075,
        "mrr_at_1000": 0.9998132769138075,
        "mrr_at_20": 0.9998132769138075,
        "mrr_at_3": 0.9998111945002068,
        "mrr_at_5": 0.9998132769138075,
        "nauc_cv_recall_at_1000_diff1": -0.5501280894721718,
        "nauc_cv_recall_at_1000_max": 0.01604539429415044,
        "nauc_cv_recall_at_1000_std": 0.4298668701780949,
        "nauc_cv_recall_at_100_diff1": -0.524130691428063,
        "nauc_cv_recall_at_100_max": 0.021163241135291416,
        "nauc_cv_recall_at_100_std": 0.36793918907140744,
        "nauc_cv_recall_at_10_diff1": -0.5099541724869902,
        "nauc_cv_recall_at_10_max": 0.01603971659956323,
        "nauc_cv_recall_at_10_std": 0.27753692220050796,
        "nauc_cv_recall_at_1_diff1": -0.4691458913712653,
        "nauc_cv_recall_at_1_max": 0.012860926502140694,
        "nauc_cv_recall_at_1_std": 0.1562422669178943,
        "nauc_cv_recall_at_20_diff1": -0.5124336750480615,
        "nauc_cv_recall_at_20_max": 0.012838228399495515,
        "nauc_cv_recall_at_20_std": 0.306191875830222,
        "nauc_cv_recall_at_3_diff1": -0.49062620487706715,
        "nauc_cv_recall_at_3_max": 0.01587125350813108,
        "nauc_cv_recall_at_3_std": 0.2154142410346025,
        "nauc_cv_recall_at_5_diff1": -0.504457338014913,
        "nauc_cv_recall_at_5_max": 0.01342244744637459,
        "nauc_cv_recall_at_5_std": 0.24509975992453037,
        "nauc_map_at_1000_diff1": -0.3318204373491115,
        "nauc_map_at_1000_max": 0.009899978018875046,
        "nauc_map_at_1000_std": 0.24030702319628094,
        "nauc_map_at_100_diff1": -0.3307144635458399,
        "nauc_map_at_100_max": 0.009843873917743683,
        "nauc_map_at_100_std": 0.23883870970354013,
        "nauc_map_at_10_diff1": -0.3157606080567233,
        "nauc_map_at_10_max": 0.008924921124608989,
        "nauc_map_at_10_std": 0.21034324481891395,
        "nauc_map_at_1_diff1": 0.008642719458354816,
        "nauc_map_at_1_max": -0.005078601521291355,
        "nauc_map_at_1_std": 0.07680315034517471,
        "nauc_map_at_20_diff1": -0.3251009381967523,
        "nauc_map_at_20_max": 0.009315159712318513,
        "nauc_map_at_20_std": 0.2275294300913573,
        "nauc_map_at_3_diff1": -0.21574367241483322,
        "nauc_map_at_3_max": 0.001206761508296175,
        "nauc_map_at_3_std": 0.13199216149833276,
        "nauc_map_at_5_diff1": -0.2741237497429648,
        "nauc_map_at_5_max": 0.005772921272354373,
        "nauc_map_at_5_std": 0.16607125408823376,
        "nauc_mrr_at_1000_diff1": 1.0,
        "nauc_mrr_at_1000_max": -0.051729465694952355,
        "nauc_mrr_at_1000_std": -0.11540661204501948,
        "nauc_mrr_at_100_diff1": 1.0,
        "nauc_mrr_at_100_max": -0.051729465694952355,
        "nauc_mrr_at_100_std": -0.11540661204501948,
        "nauc_mrr_at_10_diff1": 1.0,
        "nauc_mrr_at_10_max": -0.051729465694952355,
        "nauc_mrr_at_10_std": -0.11540661204501948,
        "nauc_mrr_at_1_diff1": 1.0,
        "nauc_mrr_at_1_max": -0.059490945326113015,
        "nauc_mrr_at_1_std": -0.11991780736891051,
        "nauc_mrr_at_20_diff1": 1.0,
        "nauc_mrr_at_20_max": -0.051729465694952355,
        "nauc_mrr_at_20_std": -0.11540661204501948,
        "nauc_mrr_at_3_diff1": 1.0,
        "nauc_mrr_at_3_max": -0.04720954520274847,
        "nauc_mrr_at_3_std": -0.11277950417832162,
        "nauc_mrr_at_5_diff1": 1.0,
        "nauc_mrr_at_5_max": -0.051729465694952355,
        "nauc_mrr_at_5_std": -0.11540661204501948,
        "nauc_ndcg_at_1000_diff1": -0.3664832695680026,
        "nauc_ndcg_at_1000_max": 0.012312380531171391,
        "nauc_ndcg_at_1000_std": 0.3028608080070599,
        "nauc_ndcg_at_100_diff1": -0.35579516452045085,
        "nauc_ndcg_at_100_max": 0.01162155905873678,
        "nauc_ndcg_at_100_std": 0.2878233912433587,
        "nauc_ndcg_at_10_diff1": -0.3451221588766777,
        "nauc_ndcg_at_10_max": 0.009967122602467402,
        "nauc_ndcg_at_10_std": 0.23437529423658462,
        "nauc_ndcg_at_1_diff1": 1.0,
        "nauc_ndcg_at_1_max": -0.05745341953892407,
        "nauc_ndcg_at_1_std": -0.11991780736891051,
        "nauc_ndcg_at_20_diff1": -0.3440928167220181,
        "nauc_ndcg_at_20_max": 0.010242342810975955,
        "nauc_ndcg_at_20_std": 0.25478357408949637,
        "nauc_ndcg_at_3_diff1": -0.4209573569073135,
        "nauc_ndcg_at_3_max": 0.011713633012450004,
        "nauc_ndcg_at_3_std": 0.17501070160687562,
        "nauc_ndcg_at_5_diff1": -0.3865324748736786,
        "nauc_ndcg_at_5_max": 0.011866672338926857,
        "nauc_ndcg_at_5_std": 0.20832469565016368,
        "nauc_precision_at_1000_diff1": -0.17180567405163802,
        "nauc_precision_at_1000_max": 0.012013457636991479,
        "nauc_precision_at_1000_std": 0.15348909395109858,
        "nauc_precision_at_100_diff1": -0.2543223141798541,
        "nauc_precision_at_100_max": 0.013874641498848674,
        "nauc_precision_at_100_std": 0.21672237393240157,
        "nauc_precision_at_10_diff1": -0.326043114977027,
        "nauc_precision_at_10_max": 0.015003109954197628,
        "nauc_precision_at_10_std": 0.19861344853356885,
        "nauc_precision_at_1_diff1": 1.0,
        "nauc_precision_at_1_max": -0.05745341953892407,
        "nauc_precision_at_1_std": -0.11991780736891051,
        "nauc_precision_at_20_diff1": -0.30241664235154764,
        "nauc_precision_at_20_max": 0.014237254138417284,
        "nauc_precision_at_20_std": 0.2126240642250986,
        "nauc_precision_at_3_diff1": -0.40714109381740327,
        "nauc_precision_at_3_max": 0.011393018361942368,
        "nauc_precision_at_3_std": 0.15880653646621018,
        "nauc_precision_at_5_diff1": -0.3578625725689462,
        "nauc_precision_at_5_max": 0.013943748194295886,
        "nauc_precision_at_5_std": 0.16938337470622258,
        "nauc_recall_at_1000_diff1": -0.3120305366181537,
        "nauc_recall_at_1000_max": 0.013014429567136863,
        "nauc_recall_at_1000_std": 0.4088769063038627,
        "nauc_recall_at_100_diff1": -0.31183532770474065,
        "nauc_recall_at_100_max": 0.0114264805627635,
        "nauc_recall_at_100_std": 0.33635103730196797,
        "nauc_recall_at_10_diff1": -0.30134165175132993,
        "nauc_recall_at_10_max": 0.008793625112049733,
        "nauc_recall_at_10_std": 0.23071842247947452,
        "nauc_recall_at_1_diff1": 0.008642719458354816,
        "nauc_recall_at_1_max": -0.005078601521291355,
        "nauc_recall_at_1_std": 0.07680315034517471,
        "nauc_recall_at_20_diff1": -0.30799705345672485,
        "nauc_recall_at_20_max": 0.009161980106533315,
        "nauc_recall_at_20_std": 0.2680155136707134,
        "nauc_recall_at_3_diff1": -0.2109402448224986,
        "nauc_recall_at_3_max": 0.0009799594271317057,
        "nauc_recall_at_3_std": 0.13376741967077083,
        "nauc_recall_at_5_diff1": -0.26316754463761566,
        "nauc_recall_at_5_max": 0.005692814075206388,
        "nauc_recall_at_5_std": 0.17241967445456538,
        "ndcg_at_1": 0.99963,
        "ndcg_at_10": 0.61368,
        "ndcg_at_100": 0.66204,
        "ndcg_at_1000": 0.69584,
        "ndcg_at_20": 0.62781,