{
  "dataset_revision": "501f02a80aff50c90045b0feaa81565c4e8f889e",
  "evaluation_time": 7.910156011581421,
  "kg_co2_emissions": 0.0003353387704956908,
  "mteb_version": "1.14.15",
  "scores": {
    "test": [
      {
        "cv_recall_at_1": 0.11429,
        "cv_recall_at_10": 0.50714,
        "cv_recall_at_100": 0.86429,
        "cv_recall_at_1000": 1.0,
        "cv_recall_at_20": 0.61429,
        "cv_recall_at_3": 0.28929,
        "cv_recall_at_5": 0.40714,
        "hf_subset": "default",
        "languages": [
          "eng-Latn"
        ],
        "main_score": 0.25628,
        "map_at_1": 0.08929,
        "map_at_10": 0.21472,
        "map_at_100": 0.22845,
        "map_at_1000": 0.22926,
        "map_at_20": 0.22286,
        "map_at_3": 0.17321,
        "map_at_5": 0.20304,
        "mrr_at_1": 0.11428571428571428,
        "mrr_at_10": 0.22997590702947854,
        "mrr_at_100": 0.24340130888164332,
        "mrr_at_1000": 0.2442138835407633,
        "mrr_at_20": 0.23784683716143806,
        "mrr_at_3": 0.18809523809523818,
        "mrr_at_5": 0.21666666666666673,
        "nauc_cv_recall_at_1000_diff1": NaN,
        "nauc_cv_recall_at_1000_max": NaN,
        "nauc_cv_recall_at_1000_std": NaN,
        "nauc_cv_recall_at_100_diff1": 0.07085602320728819,
        "nauc_cv_recall_at_100_max": -0.023703496361138447,
        "nauc_cv_recall_at_100_std": 0.32223013893836866,
        "nauc_cv_recall_at_10_diff1": -0.07496908046748406,
        "nauc_cv_recall_at_10_max": 0.2908784982215276,
        "nauc_cv_recall_at_10_std": 0.3093870741972906,
        "nauc_cv_recall_at_1_diff1": -0.025397464630900667,
        "nauc_cv_recall_at_1_max": 0.2095093850679367,
        "nauc_cv_recall_at_1_std": 0.11503712004482423,
        "nauc_cv_recall_at_20_diff1": -0.08254311751016792,
        "nauc_cv_recall_at_20_max": 0.24677026468605193,
        "nauc_cv_recall_at_20_std": 0.2423443311076795,
        "nauc_cv_recall_at_3_diff1": -0.08956470062424188,
        "nauc_cv_recall_at_3_max": 0.17168859616810794,
        "nauc_cv_recall_at_3_std": 0.2127579110737842,
        "nauc_cv_recall_at_5_diff1": -0.07451907566665747,
        "nauc_cv_recall_at_5_max": 0.2765902533897444,
        "nauc_cv_recall_at_5_std": 0.27362681930886995,
        "nauc_map_at_1000_diff1": 0.037131933580650346,
        "nauc_map_at_1000_max": 0.18488773572840575,
        "nauc_map_at_1000_std": 0.24348125584482147,
        "nauc_map_at_100_diff1": 0.03712556271482558,
        "nauc_map_at_100_max": 0.18443472158379834,
        "nauc_map_at_100_std": 0.24375857654529914,
        "nauc_map_at_10_diff1": 0.03598779840113636,
        "nauc_map_at_10_max": 0.19195658357865136,
        "nauc_map_at_10_std": 0.24608376516389185,
        "nauc_map_at_1_diff1": 0.1778374027367854,
        "nauc_map_at_1_max": 0.08593506841964031,
        "nauc_map_at_1_std": 0.16469009927555656,
        "nauc_map_at_20_diff1": 0.03380389618297653,
        "nauc_map_at_20_max": 0.18937120828523815,
        "nauc_map_at_20_std": 0.24206064602022148,
        "nauc_map_at_3_diff1": 0.027562485560860134,
        "nauc_map_at_3_max": 0.19323175215223823,
        "nauc_map_at_3_std": 0.2442908960417113,
        "nauc_map_at_5_diff1": 0.036193858735770496,
        "nauc_map_at_5_max": 0.18836970366055414,
        "nauc_map_at_5_std": 0.2435523761337812,
        "nauc_mrr_at_1000_diff1": -0.060713146232757684,
        "nauc_mrr_at_1000_max": 0.21151872354273404,
        "nauc_mrr_at_1000_std": 0.19494311565492478,
        "nauc_mrr_at_100_diff1": -0.06042121213815118,
        "nauc_mrr_at_100_max": 0.21101925289051227,
        "nauc_mrr_at_100_std": 0.19534647740911779,
        "nauc_mrr_at_10_diff1": -0.061627981670007916,
        "nauc_mrr_at_10_max": 0.22014078466201317,
        "nauc_mrr_at_10_std": 0.200928832177214,
        "nauc_mrr_at_1_diff1": -0.025397464630900667,
        "nauc_mrr_at_1_max": 0.2095093850679367,
        "nauc_mrr_at_1_std": 0.11503712004482423,
        "nauc_mrr_at_20_diff1": -0.061771198714844204,
        "nauc_mrr_at_20_max": 0.2152234147739032,
        "nauc_mrr_at_20_std": 0.19452942679880164,
        "nauc_mrr_at_3_diff1": -0.06641014894159444,
        "nauc_mrr_at_3_max": 0.18451992585327076,
        "nauc_mrr_at_3_std": 0.17189316130370338,
        "nauc_mrr_at_5_diff1": -0.06126027901389146,
        "nauc_mrr_at_5_max": 0.21899206443207403,
        "nauc_mrr_at_5_std": 0.1942385704133603,
        "nauc_ndcg_at_1000_diff1": 0.02121143910544636,
        "nauc_ndcg_at_1000_max": 0.18958073559146868,
        "nauc_ndcg_at_1000_std": 0.2511224097253926,
        "nauc_ndcg_at_100_diff1": 0.024551707848690055,
        "nauc_ndcg_at_100_max": 0.17406919050876848,
        "nauc_ndcg_at_100_std": 0.25674515536072745,
        "nauc_ndcg_at_10_diff1": 0.007219378897163515,
        "nauc_ndcg_at_10_max": 0.21673216685211766,
        "nauc_ndcg_at_10_std": 0.26031552949991527,
        "nauc_ndcg_at_1_diff1": 0.1778374027367854,
        "nauc_ndcg_at_1_max": 0.08593506841964031,
        "nauc_ndcg_at_1_std": 0.16469009927555656,
        "nauc_ndcg_at_20_diff1": -0.001065387876841506,
        "nauc_ndcg_at_20_max": 0.208587580497916,
        "nauc_ndcg_at_20_std": 0.2461949283198208,
        "nauc_ndcg_at_3_diff1": -0.009725822799841174,
        "nauc_ndcg_at_3_max": 0.21802889756025529,
        "nauc_ndcg_at_3_std": 0.2583037123331767,
        "nauc_ndcg_at_5_diff1": 0.005345808169715015,
        "nauc_ndcg_at_5_max": 0.20946824901922725,
        "nauc_ndcg_at_5_std": 0.2567739682013332,
        "nauc_precision_at_1000_diff1": NaN,
        "nauc_precision_at_1000_max": NaN,
        "nauc_precision_at_1000_std": NaN,
        "nauc_precision_at_100_diff1": 0.07085602320728675,
        "nauc_precision_at_100_max": -0.023703496361138412,
        "nauc_precision_at_100_std": 0.32223013893836905,
        "nauc_precision_at_10_diff1": -0.047756874095513435,
        "nauc_precision_at_10_max": 0.2677852445157686,
        "nauc_precision_at_10_std": 0.2877114050044659,
        "nauc_precision_at_1_diff1": 0.1778374027367854,
        "nauc_precision_at_1_max": 0.08593506841964031,
        "nauc_precision_at_1_std": 0.16469009927555656,
        "nauc_precision_at_20_diff1": -0.08254311751016727,
        "nauc_precision_at_20_max": 0.24677026468605273,
        "nauc_precision_at_20_std": 0.24234433110767967,
        "nauc_precision_at_3_diff1": -0.08658099543976497,
        "nauc_precision_at_3_max": 0.26880486685480476,
        "nauc_precision_at_3_std": 0.2861376663704629,
        "nauc_precision_at_5_diff1": -0.054803898440716134,
        "nauc_precision_at_5_max": 0.25046602741120066,
        "nauc_precision_at_5_std": 0.28203562623445216,
        "nauc_recall_at_1000_diff1": NaN,
        "nauc_recall_at_1000_max": NaN,
        "nauc_recall_at_1000_std": NaN,
        "nauc_recall_at_100_diff1": 0.07085602320728819,
        "nauc_recall_at_100_max": -0.023703496361138447,
        "nauc_recall_at_100_std": 0.32223013893836866,
        "nauc_recall_at_10_diff1": -0.047756874095513824,
        "nauc_recall_at_10_max": 0.26778524451576835,
        "nauc_recall_at_10_std": 0.2877114050044658,
        "nauc_recall_at_1_diff1": 0.1778374027367854,
        "nauc_recall_at_1_max": 0.08593506841964031,
        "nauc_recall_at_1_std": 0.16469009927555656,
        "nauc_recall_at_20_diff1": -0.08254311751016792,
        "nauc_recall_at_20_max": 0.24677026468605193,
        "nauc_recall_at_20_std": 0.2423443311076795,
        "nauc_recall_at_3_diff1": -0.0865809954397648,
        "nauc_recall_at_3_max": 0.2688048668548048,
        "nauc_recall_at_3_std": 0.28613766637046284,
        "nauc_recall_at_5_diff1": -0.05480389844071662,
        "nauc_recall_at_5_max": 0.2504660274112001,
        "nauc_recall_at_5_std": 0.28203562623445205,
        "ndcg_at_1": 0.08929,
        "ndcg_at_10": 0.28423,
        "ndcg_at_100": 0.35748,
        "ndcg_at_1000": 0.37575,
        "ndcg_at_20": 0.3128,
        "ndcg_at_3": 0.2037,