{
  "dataset_revision": "5fe59d7e52732b86d11ee0e9c4a8cdb0e8ba7a6e",
  "evaluation_time": 43.81284284591675,
  "kg_co2_emissions": 0.0016167854338561267,
  "mteb_version": "1.14.15",
  "scores": {
    "test": [
      {
        "cv_recall_at_1": 0.0,
        "cv_recall_at_10": 0.03,
        "cv_recall_at_100": 0.15,
        "cv_recall_at_1000": 1.0,
        "cv_recall_at_20": 0.05,
        "cv_recall_at_3": 0.01,
        "cv_recall_at_5": 0.02,
        "hf_subset": "default",
        "languages": [
          "eng-Latn"
        ],
        "main_score": 0.01318,
        "map_at_1": 0.0,
        "map_at_10": 0.00783,
        "map_at_100": 0.01087,
        "map_at_1000": 0.01334,
        "map_at_20": 0.009,
        "map_at_3": 0.00333,
        "map_at_5": 0.00783,
        "mrr_at_1": 0.0,
        "mrr_at_10": 0.0075,
        "mrr_at_100": 0.010533922457107863,
        "mrr_at_1000": 0.0130081948104594,
        "mrr_at_20": 0.008666666666666666,
        "mrr_at_3": 0.003333333333333333,
        "mrr_at_5": 0.005833333333333333,
        "nauc_cv_recall_at_1000_diff1": NaN,
        "nauc_cv_recall_at_1000_max": NaN,
        "nauc_cv_recall_at_1000_std": NaN,
        "nauc_cv_recall_at_100_diff1": -0.0366495312972482,
        "nauc_cv_recall_at_100_max": 0.40891039209757063,
        "nauc_cv_recall_at_100_std": -0.05182945267614151,
        "nauc_cv_recall_at_10_diff1": -0.05929702173329754,
        "nauc_cv_recall_at_10_max": 1.0,
        "nauc_cv_recall_at_10_std": 0.19962436275825066,
        "nauc_cv_recall_at_1_diff1": NaN,
        "nauc_cv_recall_at_1_max": NaN,
        "nauc_cv_recall_at_1_std": NaN,
        "nauc_cv_recall_at_20_diff1": -0.2142205527233701,
        "nauc_cv_recall_at_20_max": 0.81969412396029,
        "nauc_cv_recall_at_20_std": 0.12084786691709153,
        "nauc_cv_recall_at_3_diff1": -0.20579554601556216,
        "nauc_cv_recall_at_3_max": 1.0,
        "nauc_cv_recall_at_3_std": 1.0,
        "nauc_cv_recall_at_5_diff1": -0.13818084250067084,
        "nauc_cv_recall_at_5_max": 1.0,
        "nauc_cv_recall_at_5_std": 0.5492353099007243,
        "nauc_map_at_1000_diff1": -0.11421041912006738,
        "nauc_map_at_1000_max": 0.8082101903193437,
        "nauc_map_at_1000_std": 0.21723290733644038,
        "nauc_map_at_100_diff1": -0.11196259536085773,
        "nauc_map_at_100_max": 0.8383638278992593,
        "nauc_map_at_100_std": 0.21207932874311763,
        "nauc_map_at_10_diff1": -0.08495224611660737,
        "nauc_map_at_10_max": 1.0,
        "nauc_map_at_10_std": 0.329401891887263,
        "nauc_map_at_1_diff1": NaN,
        "nauc_map_at_1_max": NaN,
        "nauc_map_at_1_std": NaN,
        "nauc_map_at_20_diff1": -0.13420584523348136,
        "nauc_map_at_20_max": 0.9499150344334139,
        "nauc_map_at_20_std": 0.281101869242465,
        "nauc_map_at_3_diff1": -0.20579554601556213,
        "nauc_map_at_3_max": 1.0,
        "nauc_map_at_3_std": 1.0,
        "nauc_map_at_5_diff1": -0.08495224611660737,
        "nauc_map_at_5_max": 1.0,
        "nauc_map_at_5_std": 0.329401891887263,
        "nauc_mrr_at_1000_diff1": -0.1210742901498111,
        "nauc_mrr_at_1000_max": 0.8021332731909276,
        "nauc_mrr_at_1000_std": 0.24014467970083891,
        "nauc_mrr_at_100_diff1": -0.1189224457715241,
        "nauc_mrr_at_100_max": 0.8332074624744114,
        "nauc_mrr_at_100_std": 0.23534453115138823,
        "nauc_mrr_at_10_diff1": -0.09310437349074316,
        "nauc_mrr_at_10_max": 1.0,
        "nauc_mrr_at_10_std": 0.3662463107056614,
        "nauc_mrr_at_1_diff1": NaN,
        "nauc_mrr_at_1_max": NaN,
        "nauc_mrr_at_1_std": NaN,
        "nauc_mrr_at_20_diff1": -0.14315494004251714,
        "nauc_mrr_at_20_max": 0.9479886896039296,
        "nauc_mrr_at_20_std": 0.31112876927204797,
        "nauc_mrr_at_3_diff1": -0.20579554601556213,
        "nauc_mrr_at_3_max": 1.0,
        "nauc_mrr_at_3_std": 1.0,
        "nauc_mrr_at_5_diff1": -0.14784008585994096,
        "nauc_mrr_at_5_max": 1.0,
        "nauc_mrr_at_5_std": 0.6136302656291924,
        "nauc_ndcg_at_1000_diff1": -0.09504752930746405,
        "nauc_ndcg_at_1000_max": 0.5887067165929474,
        "nauc_ndcg_at_1000_std": 0.10694132871499168,
        "nauc_ndcg_at_100_diff1": -0.06973851227375504,
        "nauc_ndcg_at_100_max": 0.56962456792922,
        "nauc_ndcg_at_100_std": 0.03634617018191138,
        "nauc_ndcg_at_10_diff1": -0.07225290127794634,
        "nauc_ndcg_at_10_max": 1.0,
        "nauc_ndcg_at_10_std": 0.2649946856913436,
        "nauc_ndcg_at_1_diff1": NaN,
        "nauc_ndcg_at_1_max": NaN,
        "nauc_ndcg_at_1_std": NaN,
        "nauc_ndcg_at_20_diff1": -0.17345509219090716,
        "nauc_ndcg_at_20_max": 0.8856665205383367,
        "nauc_ndcg_at_20_std": 0.19120340868219138,
        "nauc_ndcg_at_3_diff1": -0.20579554601556216,
        "nauc_ndcg_at_3_max": 1.0,
        "nauc_ndcg_at_3_std": 1.0,
        "nauc_ndcg_at_5_diff1": -0.07225290127794634,
        "nauc_ndcg_at_5_max": 1.0,
        "nauc_ndcg_at_5_std": 0.2649946856913436,
        "nauc_precision_at_1000_diff1": NaN,
        "nauc_precision_at_1000_max": NaN,
        "nauc_precision_at_1000_std": NaN,
        "nauc_precision_at_100_diff1": -0.0366495312972483,
        "nauc_precision_at_100_max": 0.4089103920975708,
        "nauc_precision_at_100_std": -0.05182945267614171,
        "nauc_precision_at_10_diff1": -0.059297021733297525,
        "nauc_precision_at_10_max": 1.0,
        "nauc_precision_at_10_std": 0.19962436275825052,
        "nauc_precision_at_1_diff1": NaN,
        "nauc_precision_at_1_max": NaN,
        "nauc_precision_at_1_std": NaN,
        "nauc_precision_at_20_diff1": -0.21422055272337,
        "nauc_precision_at_20_max": 0.8196941239602895,
        "nauc_precision_at_20_std": 0.12084786691709161,
        "nauc_precision_at_3_diff1": -0.20579554601556213,
        "nauc_precision_at_3_max": 1.0,
        "nauc_precision_at_3_std": 1.0,
        "nauc_precision_at_5_diff1": -0.059297021733297525,
        "nauc_precision_at_5_max": 1.0,
        "nauc_precision_at_5_std": 0.19962436275825052,
        "nauc_recall_at_1000_diff1": NaN,
        "nauc_recall_at_1000_max": NaN,
        "nauc_recall_at_1000_std": NaN,
        "nauc_recall_at_100_diff1": -0.0366495312972482,
        "nauc_recall_at_100_max": 0.40891039209757063,
        "nauc_recall_at_100_std": -0.05182945267614151,
        "nauc_recall_at_10_diff1": -0.05929702173329754,
        "nauc_recall_at_10_max": 1.0,
        "nauc_recall_at_10_std": 0.19962436275825066,
        "nauc_recall_at_1_diff1": NaN,
        "nauc_recall_at_1_max": NaN,
        "nauc_recall_at_1_std": NaN,
        "nauc_recall_at_20_diff1": -0.2142205527233701,
        "nauc_recall_at_20_max": 0.81969412396029,
        "nauc_recall_at_20_std": 0.12084786691709153,
        "nauc_recall_at_3_diff1": -0.20579554601556216,
        "nauc_recall_at_3_max": 1.0,
        "nauc_recall_at_3_std": 1.0,
        "nauc_recall_at_5_diff1": -0.05929702173329754,
        "nauc_recall_at_5_max": 1.0,
        "nauc_recall_at_5_std": 0.19962436275825066,
        "ndcg_at_1": 0.0,
        "ndcg_at_10": 0.01318,
        "ndcg_at_100": 0.03508,
        "ndcg_at_1000": 0.13358,
        "ndcg_at_20": 0.01795,
        "ndcg_at_3": 0.005,
        "ndcg_at_5": 0.01318,
        "precision_at_1": 0.0,
        "precision_at_10": 0.003,
        "precision_at_100": 0.0015,
        "precision_at_1000": 0.001,
        "precision_at_20": 0.0025,
        "precision_at_3": 0.00333,
        "precision_at_5": 0.006,
        "recall_at_1": 0.0,
        "recall_at_10": 0.03,
        "recall_at_100": 0.15,
        "recall_at_1000": 1.0,
        "recall_at_20": 0.05,
        "recall_at_3": 0.01,
        "recall_at_5": 0.03
      }
    ]
  },
  "task_name": "VidoreSyntheticDocQAAIRetrieval"
}