{
  "dataset_revision": "53db4c9f9c93cb74926a1c9d04dea7d7acac2f21",
  "evaluation_time": 5985.577893733978,
  "kg_co2_emissions": 0.34686332223204275,
  "mteb_version": "1.14.15",
  "scores": {
    "test": [
      {
        "cv_recall_at_1": 0.00319,
        "cv_recall_at_10": 0.01035,
        "cv_recall_at_100": 0.02668,
        "cv_recall_at_1000": 0.06372,
        "cv_recall_at_20": 0.01354,
        "cv_recall_at_3": 0.00717,
        "cv_recall_at_5": 0.00916,
        "hf_subset": "default",
        "languages": [
          "eng-Latn"
        ],
        "main_score": 0.00579,
        "map_at_1": 0.00239,
        "map_at_10": 0.00449,
        "map_at_100": 0.00484,
        "map_at_1000": 0.00493,
        "map_at_20": 0.00469,
        "map_at_3": 0.00392,
        "map_at_5": 0.00437,
        "mrr_at_1": 0.0031859816806053365,
        "mrr_at_10": 0.005477486361596278,
        "mrr_at_100": 0.005952146901434322,
        "mrr_at_1000": 0.0060801780553525,
        "mrr_at_20": 0.005701892266534158,
        "mrr_at_3": 0.004911721757599893,
        "mrr_at_5": 0.005309969467675561,
        "nauc_cv_recall_at_1000_diff1": 0.07824193214486816,
        "nauc_cv_recall_at_1000_max": 0.0001324907996541402,
        "nauc_cv_recall_at_1000_std": 0.15905608004649127,
        "nauc_cv_recall_at_100_diff1": 0.18058199165246475,
        "nauc_cv_recall_at_100_max": 0.01957164004658237,
        "nauc_cv_recall_at_100_std": 0.24293184268031526,
        "nauc_cv_recall_at_10_diff1": 0.28719513302213706,
        "nauc_cv_recall_at_10_max": 0.019079241165932303,
        "nauc_cv_recall_at_10_std": 0.3297422392637547,
        "nauc_cv_recall_at_1_diff1": 0.5977585688857245,
        "nauc_cv_recall_at_1_max": -0.10780646054827529,
        "nauc_cv_recall_at_1_std": 0.11797401019405235,
        "nauc_cv_recall_at_20_diff1": 0.25363909362054204,
        "nauc_cv_recall_at_20_max": 0.04352848586854259,
        "nauc_cv_recall_at_20_std": 0.3250273329259741,
        "nauc_cv_recall_at_3_diff1": 0.37575597970837527,
        "nauc_cv_recall_at_3_max": -0.07148702896416755,
        "nauc_cv_recall_at_3_std": 0.3167013497341978,
        "nauc_cv_recall_at_5_diff1": 0.3425657083626587,
        "nauc_cv_recall_at_5_max": -0.01101419225920254,
        "nauc_cv_recall_at_5_std": 0.3035610558800726,
        "nauc_map_at_1000_diff1": 0.33552099289569026,
        "nauc_map_at_1000_max": -0.008107573056329314,
        "nauc_map_at_1000_std": 0.23597571035982276,
        "nauc_map_at_100_diff1": 0.3427131685196651,
        "nauc_map_at_100_max": -0.007600062302080664,
        "nauc_map_at_100_std": 0.23856851585823485,
        "nauc_map_at_10_diff1": 0.3600294840351285,
        "nauc_map_at_10_max": -0.00940457868501363,
        "nauc_map_at_10_std": 0.24292628512298314,
        "nauc_map_at_1_diff1": 0.4636780918476326,
        "nauc_map_at_1_max": -0.07483748737534941,
        "nauc_map_at_1_std": 0.09499627387944068,
        "nauc_map_at_20_diff1": 0.34984192562914884,
        "nauc_map_at_20_max": -0.007349502334185766,
        "nauc_map_at_20_std": 0.2417190881108748,
        "nauc_map_at_3_diff1": 0.3615530011278225,
        "nauc_map_at_3_max": -0.06137858183962054,
        "nauc_map_at_3_std": 0.21366214827477287,
        "nauc_map_at_5_diff1": 0.3658727797325262,
        "nauc_map_at_5_max": -0.01816810459340011,
        "nauc_map_at_5_std": 0.2313572383841308,
        "nauc_mrr_at_1000_diff1": 0.3803325674187091,
        "nauc_mrr_at_1000_max": -0.03254935247500675,
        "nauc_mrr_at_1000_std": 0.24377992282224234,
        "nauc_mrr_at_100_diff1": 0.3893418687281031,
        "nauc_mrr_at_100_max": -0.03302487679333976,
        "nauc_mrr_at_100_std": 0.24716133218840738,
        "nauc_mrr_at_10_diff1": 0.41239092945047473,
        "nauc_mrr_at_10_max": -0.040143930336406536,
        "nauc_mrr_at_10_std": 0.2516524116253577,
        "nauc_mrr_at_1_diff1": 0.5977585688857245,
        "nauc_mrr_at_1_max": -0.10780646054827529,
        "nauc_mrr_at_1_std": 0.11797401019405235,
        "nauc_mrr_at_20_diff1": 0.4032120154324648,
        "nauc_mrr_at_20_max": -0.03392541686562459,
        "nauc_mrr_at_20_std": 0.2532989480248876,
        "nauc_mrr_at_3_diff1": 0.44401340155376906,
        "nauc_mrr_at_3_max": -0.07231056569706397,
        "nauc_mrr_at_3_std": 0.2412020726738681,
        "nauc_mrr_at_5_diff1": 0.4274434513010925,
        "nauc_mrr_at_5_max": -0.051385671778883764,
        "nauc_mrr_at_5_std": 0.2423311170737197,
        "nauc_ndcg_at_1000_diff1": 0.19708543707864787,
        "nauc_ndcg_at_1000_max": -0.0006266755408365903,
        "nauc_ndcg_at_1000_std": 0.2085331262952859,
        "nauc_ndcg_at_100_diff1": 0.28193779045153616,
        "nauc_ndcg_at_100_max": 0.007354280926857341,
        "nauc_ndcg_at_100_std": 0.25336769044777924,
        "nauc_ndcg_at_10_diff1": 0.34626739285025854,
        "nauc_ndcg_at_10_max": 0.003235007365908978,
        "nauc_ndcg_at_10_std": 0.276363197045057,
        "nauc_ndcg_at_1_diff1": 0.5977585688857245,
        "nauc_ndcg_at_1_max": -0.10780646054827529,
        "nauc_ndcg_at_1_std": 0.11797401019405235,
        "nauc_ndcg_at_20_diff1": 0.31991690925111316,
        "nauc_ndcg_at_20_max": 0.010008217654182866,
        "nauc_ndcg_at_20_std": 0.2730644707538057,
        "nauc_ndcg_at_3_diff1": 0.36842861821576506,
        "nauc_ndcg_at_3_max": -0.06713985580769893,
        "nauc_ndcg_at_3_std": 0.24636112384099182,
        "nauc_ndcg_at_5_diff1": 0.36306825820286404,
        "nauc_ndcg_at_5_max": -0.012078097272627394,
        "nauc_ndcg_at_5_std": 0.2576635458524153,
        "nauc_precision_at_1000_diff1": 0.08396713753527237,
        "nauc_precision_at_1000_max": 0.004243062562064995,
        "nauc_precision_at_1000_std": 0.16427933420769292,
        "nauc_precision_at_100_diff1": 0.192632256481105,
        "nauc_precision_at_100_max": 0.02901815334807116,
        "nauc_precision_at_100_std": 0.25406519793501636,
        "nauc_precision_at_10_diff1": 0.3135953132805762,
        "nauc_precision_at_10_max": 0.04288869684674319,
        "nauc_precision_at_10_std": 0.35456660077250424,
        "nauc_precision_at_1_diff1": 0.5977585688857245,
        "nauc_precision_at_1_max": -0.10780646054827529,
        "nauc_precision_at_1_std": 0.11797401019405235,
        "nauc_precision_at_20_diff1": 0.27496369094566914,
        "nauc_precision_at_20_max": 0.06119723040223632,
        "nauc_precision_at_20_std": 0.3443122662709463,
        "nauc_precision_at_3_diff1": 0.3757559797083753,
        "nauc_precision_at_3_max": -0.0714870289641675,
        "nauc_precision_at_3_std": 0.31670134973419783,
        "nauc_precision_at_5_diff1": 0.3699588038475481,
        "nauc_precision_at_5_max": 0.01702533844109021,
        "nauc_precision_at_5_std": 0.3325793452184028,
        "nauc_recall_at_1000_diff1": 0.09175492343310646,
        "nauc_recall_at_1000_max": -0.0002827170946285187,
        "nauc_recall_at_1000_std": 0.17036689590126786,
        "nauc_recall_at_100_diff1": 0.20520058856531123,
        "nauc_recall_at_100_max": 0.02477359876624836,
        "nauc_recall_at_100_std": 0.25657939665628376,
        "nauc_recall_at_10_diff1": 0.30058978964497163,
        "nauc_recall_at_10_max": 0.04257185189369464,
        "nauc_recall_at_10_std": 0.3214917973863618,
        "nauc_recall_at_1_diff1": 0.4636780918476326,
        "nauc_recall_at_1_max": -0.07483748737534941,
        "nauc_recall_at_1_std": 0.09499627387944068,
        "nauc_recall_at_20_diff1": 0.24897879439017703,
        "nauc_recall_at_20_max": 0.04339842918378154,
        "nauc_recall_at_20_std": 0.3006718403052256,
        "nauc_recall_at_3_diff1": 0.3281212945736639,
        "nauc_recall_at_3_max": -0.07490965136493882,
        "nauc_recall_at_3_std": 0.28845399046265235,
        "nauc_recall_at_5_diff1": 0.3243988508399127,
        "nauc_recall_at_5_max": 0.01999764254877538,
        "nauc_recall_at_5_std": 0.28885612873459915,
        "ndcg_at_1": 0.00319,