{
  "dataset_revision": "359b66f11c25d19bc8f7108d98e660a5857f3d26",
  "evaluation_time": 23.764559745788574,
  "kg_co2_emissions": 0.0010624286927105617,
  "mteb_version": "1.14.15",
  "scores": {
    "test": [
      {
        "cv_recall_at_1": 0.35821,
        "cv_recall_at_10": 0.59453,
        "cv_recall_at_100": 0.88308,
        "cv_recall_at_1000": 1.0,
        "cv_recall_at_20": 0.65672,
        "cv_recall_at_3": 0.49751,
        "cv_recall_at_5": 0.54975,
        "hf_subset": "default",
        "languages": [
          "eng-Latn"
        ],
        "main_score": 0.47719,
        "map_at_1": 0.35821,
        "map_at_10": 0.43949,
        "map_at_100": 0.44906,
        "map_at_1000": 0.44979,
        "map_at_20": 0.44382,
        "map_at_3": 0.42164,
        "map_at_5": 0.43321,
        "mrr_at_1": 0.3582089552238806,
        "mrr_at_10": 0.4394939982626549,
        "mrr_at_100": 0.44906142547305666,
        "mrr_at_1000": 0.44979120874627043,
        "mrr_at_20": 0.44382181582201224,
        "mrr_at_3": 0.42164179104477606,
        "mrr_at_5": 0.43320895522388053,
        "nauc_cv_recall_at_1000_diff1": NaN,
        "nauc_cv_recall_at_1000_max": NaN,
        "nauc_cv_recall_at_1000_std": NaN,
        "nauc_cv_recall_at_100_diff1": 0.18676403015518228,
        "nauc_cv_recall_at_100_max": 0.30236000719660117,
        "nauc_cv_recall_at_100_std": -0.22641201440111097,
        "nauc_cv_recall_at_10_diff1": 0.2628661602140432,
        "nauc_cv_recall_at_10_max": 0.4720173083958293,
        "nauc_cv_recall_at_10_std": -0.37978999892757476,
        "nauc_cv_recall_at_1_diff1": 0.39007706199436304,
        "nauc_cv_recall_at_1_max": 0.3624141952325458,
        "nauc_cv_recall_at_1_std": -0.32645148402840146,
        "nauc_cv_recall_at_20_diff1": 0.29170436814515316,
        "nauc_cv_recall_at_20_max": 0.426890044193495,
        "nauc_cv_recall_at_20_std": -0.44567061952576703,
        "nauc_cv_recall_at_3_diff1": 0.31346339829692593,
        "nauc_cv_recall_at_3_max": 0.4758617832339421,
        "nauc_cv_recall_at_3_std": -0.393571473217633,
        "nauc_cv_recall_at_5_diff1": 0.29559910352228136,
        "nauc_cv_recall_at_5_max": 0.4791765924145576,
        "nauc_cv_recall_at_5_std": -0.43172656100649914,
        "nauc_map_at_1000_diff1": 0.3522735010436032,
        "nauc_map_at_1000_max": 0.4087852001956047,
        "nauc_map_at_1000_std": -0.3622246843711001,
        "nauc_map_at_100_diff1": 0.3521184824521982,
        "nauc_map_at_100_max": 0.4085689311640149,
        "nauc_map_at_100_std": -0.3623206980829023,
        "nauc_map_at_10_diff1": 0.3507749428848125,
        "nauc_map_at_10_max": 0.4139344368303607,
        "nauc_map_at_10_std": -0.36057980950991686,
        "nauc_map_at_1_diff1": 0.39007706199436304,
        "nauc_map_at_1_max": 0.3624141952325458,
        "nauc_map_at_1_std": -0.32645148402840146,
        "nauc_map_at_20_diff1": 0.35278572288586685,
        "nauc_map_at_20_max": 0.4104457435450224,
        "nauc_map_at_20_std": -0.3643442535918379,
        "nauc_map_at_3_diff1": 0.35822680553229624,
        "nauc_map_at_3_max": 0.4148733905539785,
        "nauc_map_at_3_std": -0.36054493929331327,
        "nauc_map_at_5_diff1": 0.35451450501017284,
        "nauc_map_at_5_max": 0.4148896676551192,
        "nauc_map_at_5_std": -0.36801354545530585,
        "nauc_mrr_at_1000_diff1": 0.3522735010436032,
        "nauc_mrr_at_1000_max": 0.4087852001956047,
        "nauc_mrr_at_1000_std": -0.3622246843711001,
        "nauc_mrr_at_100_diff1": 0.3521184824521982,
        "nauc_mrr_at_100_max": 0.4085689311640149,
        "nauc_mrr_at_100_std": -0.3623206980829023,
        "nauc_mrr_at_10_diff1": 0.3507749428848125,
        "nauc_mrr_at_10_max": 0.4139344368303607,
        "nauc_mrr_at_10_std": -0.36057980950991686,
        "nauc_mrr_at_1_diff1": 0.39007706199436304,
        "nauc_mrr_at_1_max": 0.3624141952325458,
        "nauc_mrr_at_1_std": -0.32645148402840146,
        "nauc_mrr_at_20_diff1": 0.35278572288586685,
        "nauc_mrr_at_20_max": 0.4104457435450224,
        "nauc_mrr_at_20_std": -0.3643442535918379,
        "nauc_mrr_at_3_diff1": 0.35822680553229624,
        "nauc_mrr_at_3_max": 0.4148733905539785,
        "nauc_mrr_at_3_std": -0.36054493929331327,
        "nauc_mrr_at_5_diff1": 0.35451450501017284,
        "nauc_mrr_at_5_max": 0.4148896676551192,
        "nauc_mrr_at_5_std": -0.36801354545530585,
        "nauc_ndcg_at_1000_diff1": 0.3417017256888025,
        "nauc_ndcg_at_1000_max": 0.41113846844738844,
        "nauc_ndcg_at_1000_std": -0.36522118487394123,
        "nauc_ndcg_at_100_diff1": 0.33490356399701904,
        "nauc_ndcg_at_100_max": 0.4055896218425567,
        "nauc_ndcg_at_100_std": -0.3602178690082167,
        "nauc_ndcg_at_10_diff1": 0.33090498174375876,
        "nauc_ndcg_at_10_max": 0.4283317134341378,
        "nauc_ndcg_at_10_std": -0.3662774411385826,
        "nauc_ndcg_at_1_diff1": 0.39007706199436304,
        "nauc_ndcg_at_1_max": 0.3624141952325458,
        "nauc_ndcg_at_1_std": -0.32645148402840146,
        "nauc_ndcg_at_20_diff1": 0.33856414093077697,
        "nauc_ndcg_at_20_max": 0.4168040962689391,
        "nauc_ndcg_at_20_std": -0.38031595218034026,
        "nauc_ndcg_at_3_diff1": 0.34687638691414374,
        "nauc_ndcg_at_3_max": 0.4305543184481368,
        "nauc_ndcg_at_3_std": -0.3691722538010948,
        "nauc_ndcg_at_5_diff1": 0.34020320591929293,
        "nauc_ndcg_at_5_max": 0.4309000806221218,
        "nauc_ndcg_at_5_std": -0.38337926398321626,
        "nauc_precision_at_1000_diff1": NaN,
        "nauc_precision_at_1000_max": NaN,
        "nauc_precision_at_1000_std": NaN,
        "nauc_precision_at_100_diff1": 0.18676403015518128,
        "nauc_precision_at_100_max": 0.30236000719660083,
        "nauc_precision_at_100_std": -0.226412014401111,
        "nauc_precision_at_10_diff1": 0.26286616021404263,
        "nauc_precision_at_10_max": 0.4720173083958294,
        "nauc_precision_at_10_std": -0.37978999892757453,
        "nauc_precision_at_1_diff1": 0.39007706199436304,
        "nauc_precision_at_1_max": 0.3624141952325458,
        "nauc_precision_at_1_std": -0.32645148402840146,
        "nauc_precision_at_20_diff1": 0.2917043681451531,
        "nauc_precision_at_20_max": 0.42689004419349447,
        "nauc_precision_at_20_std": -0.44567061952576675,
        "nauc_precision_at_3_diff1": 0.31346339829692577,
        "nauc_precision_at_3_max": 0.4758617832339421,
        "nauc_precision_at_3_std": -0.3935714732176333,
        "nauc_precision_at_5_diff1": 0.2955991035222818,
        "nauc_precision_at_5_max": 0.47917659241455784,
        "nauc_precision_at_5_std": -0.43172656100649887,
        "nauc_recall_at_1000_diff1": NaN,
        "nauc_recall_at_1000_max": NaN,
        "nauc_recall_at_1000_std": NaN,
        "nauc_recall_at_100_diff1": 0.18676403015518228,
        "nauc_recall_at_100_max": 0.30236000719660117,
        "nauc_recall_at_100_std": -0.22641201440111097,
        "nauc_recall_at_10_diff1": 0.2628661602140432,
        "nauc_recall_at_10_max": 0.4720173083958293,
        "nauc_recall_at_10_std": -0.37978999892757476,
        "nauc_recall_at_1_diff1": 0.39007706199436304,
        "nauc_recall_at_1_max": 0.3624141952325458,
        "nauc_recall_at_1_std": -0.32645148402840146,
        "nauc_recall_at_20_diff1": 0.29170436814515316,
        "nauc_recall_at_20_max": 0.426890044193495,
        "nauc_recall_at_20_std": -0.44567061952576703,
        "nauc_recall_at_3_diff1": 0.31346339829692593,
        "nauc_recall_at_3_max": 0.4758617832339421,
        "nauc_recall_at_3_std": -0.393571473217633,
        "nauc_recall_at_5_diff1": 0.29559910352228136,
        "nauc_recall_at_5_max": 0.4791765924145576,
        "nauc_recall_at_5_std": -0.43172656100649914,
        "ndcg_at_1": 0.35821,
        "ndcg_at_10": 0.47719,
        "ndcg_at_100": 0.5338,
        "ndcg_at_1000": 0.54955,
        "ndcg_at_20": 0.49293,
        "ndcg_at_3": 0.44121,
        "ndcg_at_5": 0.4624,