{
  "dataset_revision": "fd121b6592fe946616fa85116703b94a4c61fd63",
  "evaluation_time": 62.97813391685486,
  "kg_co2_emissions": 0.003948728151627283,
  "mteb_version": "1.14.15",
  "scores": {
    "test": [
      {
        "cv_recall_at_1": 0.02857,
        "cv_recall_at_10": 0.41429,
        "cv_recall_at_100": 0.97143,
        "cv_recall_at_1000": 1.0,
        "cv_recall_at_20": 0.62857,
        "cv_recall_at_3": 0.14286,
        "cv_recall_at_5": 0.2,
        "hf_subset": "default",
        "languages": [
          "eng-Latn"
        ],
        "main_score": 0.02857,
        "map_at_1": 0.00011,
        "map_at_10": 0.00279,
        "map_at_100": 0.05121,
        "map_at_1000": 0.17076,
        "map_at_20": 0.00666,
        "map_at_3": 0.00069,
        "map_at_5": 0.0012,
        "mrr_at_1": 0.02857142857142857,
        "mrr_at_10": 0.11574263038548749,
        "mrr_at_100": 0.1393477965340444,
        "mrr_at_1000": 0.13962030084869606,
        "mrr_at_20": 0.12926772224041128,
        "mrr_at_3": 0.07619047619047618,
        "mrr_at_5": 0.08761904761904762,
        "nauc_cv_recall_at_1000_diff1": NaN,
        "nauc_cv_recall_at_1000_max": NaN,
        "nauc_cv_recall_at_1000_std": NaN,
        "nauc_cv_recall_at_100_diff1": 0.24042950513538902,
        "nauc_cv_recall_at_100_max": 0.7957516339869285,
        "nauc_cv_recall_at_100_std": -1.739962651727359,
        "nauc_cv_recall_at_10_diff1": 0.3002420860052113,
        "nauc_cv_recall_at_10_max": -0.40840463474580996,
        "nauc_cv_recall_at_10_std": -0.3126790235248464,
        "nauc_cv_recall_at_1_diff1": -0.40904212503353915,
        "nauc_cv_recall_at_1_max": -0.26214113227797164,
        "nauc_cv_recall_at_1_std": -0.31043734907432263,
        "nauc_cv_recall_at_20_diff1": 0.18742186104661565,
        "nauc_cv_recall_at_20_max": -0.3841310948383643,
        "nauc_cv_recall_at_20_std": -0.5554563314877655,
        "nauc_cv_recall_at_3_diff1": 0.3947148402508212,
        "nauc_cv_recall_at_3_max": -0.23983278590624071,
        "nauc_cv_recall_at_3_std": -0.34075843535383693,
        "nauc_cv_recall_at_5_diff1": 0.1974260805387702,
        "nauc_cv_recall_at_5_max": -0.1772913879791505,
        "nauc_cv_recall_at_5_std": -0.3162738133677755,
        "nauc_map_at_1000_diff1": -0.05321773464564836,
        "nauc_map_at_1000_max": -0.07030755928899626,
        "nauc_map_at_1000_std": -0.1337202141586544,
        "nauc_map_at_100_diff1": 0.3018622385787325,
        "nauc_map_at_100_max": -0.24807213364676559,
        "nauc_map_at_100_std": -0.2561978583526689,
        "nauc_map_at_10_diff1": 0.49718324674328335,
        "nauc_map_at_10_max": -0.2862942843549979,
        "nauc_map_at_10_std": -0.3661222947456383,
        "nauc_map_at_1_diff1": -0.37173739376414433,
        "nauc_map_at_1_max": -0.238929299488126,
        "nauc_map_at_1_std": -0.3535450385411786,
        "nauc_map_at_20_diff1": 0.5489892631279624,
        "nauc_map_at_20_max": -0.36392093478989235,
        "nauc_map_at_20_std": -0.40231836689148986,
        "nauc_map_at_3_diff1": 0.3863425612586296,
        "nauc_map_at_3_max": -0.15943724576914214,
        "nauc_map_at_3_std": -0.2837067766070589,
        "nauc_map_at_5_diff1": 0.45015183983532253,
        "nauc_map_at_5_max": -0.09098791833913106,
        "nauc_map_at_5_std": -0.30116648639225696,
        "nauc_mrr_at_1000_diff1": 0.16309850286594224,
        "nauc_mrr_at_1000_max": -0.2926532992074399,
        "nauc_mrr_at_1000_std": -0.3536922508375343,
        "nauc_mrr_at_100_diff1": 0.16324384189014626,
        "nauc_mrr_at_100_max": -0.2904762704652439,
        "nauc_mrr_at_100_std": -0.3564579526013009,
        "nauc_mrr_at_10_diff1": 0.1846417960425322,
        "nauc_mrr_at_10_max": -0.31256148099469744,
        "nauc_mrr_at_10_std": -0.3268097275485325,
        "nauc_mrr_at_1_diff1": -0.40904212503353915,
        "nauc_mrr_at_1_max": -0.26214113227797164,
        "nauc_mrr_at_1_std": -0.31043734907432263,
        "nauc_mrr_at_20_diff1": 0.1689951881556634,
        "nauc_mrr_at_20_max": -0.30556464567930824,
        "nauc_mrr_at_20_std": -0.3556262879920608,
        "nauc_mrr_at_3_diff1": 0.20944639404139506,
        "nauc_mrr_at_3_max": -0.2686474969562414,
        "nauc_mrr_at_3_std": -0.3395491656520804,
        "nauc_mrr_at_5_diff1": 0.14411844695399922,
        "nauc_mrr_at_5_max": -0.23954717934106923,
        "nauc_mrr_at_5_std": -0.32935369612515547,
        "nauc_ndcg_at_1000_diff1": -0.1839570340787968,
        "nauc_ndcg_at_1000_max": -0.04493699903700077,
        "nauc_ndcg_at_1000_std": -0.06757589815870396,
        "nauc_ndcg_at_100_diff1": 0.061304801345503306,
        "nauc_ndcg_at_100_max": -0.16219561323820958,
        "nauc_ndcg_at_100_std": -0.30903278956298047,
        "nauc_ndcg_at_10_diff1": 0.3113374674260814,
        "nauc_ndcg_at_10_max": -0.3535216799418329,
        "nauc_ndcg_at_10_std": -0.370259047033583,
        "nauc_ndcg_at_1_diff1": -0.40904212503353915,
        "nauc_ndcg_at_1_max": -0.26214113227797164,
        "nauc_ndcg_at_1_std": -0.31043734907432263,
        "nauc_ndcg_at_20_diff1": 0.3326907029556933,
        "nauc_ndcg_at_20_max": -0.3778208344663038,
        "nauc_ndcg_at_20_std": -0.39615779054554423,
        "nauc_ndcg_at_3_diff1": 0.23541906733177617,
        "nauc_ndcg_at_3_max": -0.30576686048339574,
        "nauc_ndcg_at_3_std": -0.36478566947661045,
        "nauc_ndcg_at_5_diff1": 0.2548464445802903,
        "nauc_ndcg_at_5_max": -0.24559189396381986,
        "nauc_ndcg_at_5_std": -0.3508583809250799,
        "nauc_precision_at_1000_diff1": -0.2238335632473688,
        "nauc_precision_at_1000_max": 0.08355913026417582,
        "nauc_precision_at_1000_std": -0.16014286861556498,
        "nauc_precision_at_100_diff1": 0.012489432529709143,
        "nauc_precision_at_100_max": -0.07504381634023026,
        "nauc_precision_at_100_std": -0.2669156274843578,
        "nauc_precision_at_10_diff1": 0.3389959172948065,
        "nauc_precision_at_10_max": -0.3722123006700696,
        "nauc_precision_at_10_std": -0.3734045089804915,
        "nauc_precision_at_1_diff1": -0.40904212503353915,
        "nauc_precision_at_1_max": -0.26214113227797164,
        "nauc_precision_at_1_std": -0.31043734907432263,
        "nauc_precision_at_20_diff1": 0.3487601285357314,
        "nauc_precision_at_20_max": -0.39115952487852823,
        "nauc_precision_at_20_std": -0.40499098510367737,
        "nauc_precision_at_3_diff1": 0.2992230215827338,
        "nauc_precision_at_3_max": -0.304115107913669,
        "nauc_precision_at_3_std": -0.370494004796163,
        "nauc_precision_at_5_diff1": 0.2950460135890599,
        "nauc_precision_at_5_max": -0.22461727014707156,
        "nauc_precision_at_5_std": -0.3508321149049627,
        "nauc_recall_at_1000_diff1": -0.2327143714337922,
        "nauc_recall_at_1000_max": -0.021533713485267638,
        "nauc_recall_at_1000_std": 0.11267882906031437,
        "nauc_recall_at_100_diff1": 0.03025145134216938,
        "nauc_recall_at_100_max": -0.15668606583008393,
        "nauc_recall_at_100_std": -0.1414676165133838,
        "nauc_recall_at_10_diff1": 0.47258068266412667,
        "nauc_recall_at_10_max": -0.2986675594357118,
        "nauc_recall_at_10_std": -0.32362010166667377,
        "nauc_recall_at_1_diff1": -0.37173739376414433,
        "nauc_recall_at_1_max": -0.238929299488126,
        "nauc_recall_at_1_std": -0.3535450385411786,
        "nauc_recall_at_20_diff1": 0.43107414607841416,
        "nauc_recall_at_20_max": -0.3628612263552706,
        "nauc_recall_at_20_std": -0.39350564114756403,
        "nauc_recall_at_3_diff1": 0.4821438250223336,
        "nauc_recall_at_3_max": -0.06360554351384322,
        "nauc_recall_at_3_std": -0.22118774313608675,
        "nauc_recall_at_5_diff1": 0.46647130578013196,
        "nauc_recall_at_5_max": -0.009671840624167687,
        "nauc_recall_at_5_std": -0.26590752198361634,
        "ndcg_at_1": 0.02857,
        "ndcg_at_10": 0.08921,