{
  "dataset_revision": "302cf2008f204285985099dcd46425b00356c610",
  "evaluation_time": 28.197773694992065,
  "kg_co2_emissions": 0.0015390523286746317,
  "mteb_version": "1.14.15",
  "scores": {
    "test": [
      {
        "cv_recall_at_1": 0.21715,
        "cv_recall_at_10": 0.84529,
        "cv_recall_at_100": 1.0,
        "cv_recall_at_1000": 1.0,
        "cv_recall_at_20": 0.98322,
        "cv_recall_at_3": 0.53868,
        "cv_recall_at_5": 0.65517,
        "hf_subset": "default",
        "languages": [
          "eng-Latn"
        ],
        "main_score": 0.51151,
        "map_at_1": 0.21528,
        "map_at_10": 0.40721,
        "map_at_100": 0.41768,
        "map_at_1000": 0.41768,
        "map_at_20": 0.41693,
        "map_at_3": 0.35632,
        "map_at_5": 0.38246,
        "mrr_at_1": 0.21714818266542404,
        "mrr_at_10": 0.40818836077456744,
        "mrr_at_100": 0.41866892574267134,
        "mrr_at_1000": 0.41866892574267134,
        "mrr_at_20": 0.41791154361347516,
        "mrr_at_3": 0.3572538055296669,
        "mrr_at_5": 0.3833488661074857,
        "nauc_cv_recall_at_1000_diff1": NaN,
        "nauc_cv_recall_at_1000_max": NaN,
        "nauc_cv_recall_at_1000_std": NaN,
        "nauc_cv_recall_at_100_diff1": NaN,
        "nauc_cv_recall_at_100_max": NaN,
        "nauc_cv_recall_at_100_std": NaN,
        "nauc_cv_recall_at_10_diff1": 0.011707824286459452,
        "nauc_cv_recall_at_10_max": 0.634801321070053,
        "nauc_cv_recall_at_10_std": 0.6314216145439492,
        "nauc_cv_recall_at_1_diff1": -0.18658985168110565,
        "nauc_cv_recall_at_1_max": 0.20426196247182846,
        "nauc_cv_recall_at_1_std": 0.29213193625396977,
        "nauc_cv_recall_at_20_diff1": -0.29841726705941235,
        "nauc_cv_recall_at_20_max": 0.4783805625854962,
        "nauc_cv_recall_at_20_std": 0.7278329255949737,
        "nauc_cv_recall_at_3_diff1": -0.2629738205658779,
        "nauc_cv_recall_at_3_max": 0.3809019238392587,
        "nauc_cv_recall_at_3_std": 0.5067965339758057,
        "nauc_cv_recall_at_5_diff1": -0.22998242077456402,
        "nauc_cv_recall_at_5_max": 0.49998286039286116,
        "nauc_cv_recall_at_5_std": 0.6197880739584609,
        "nauc_map_at_1000_diff1": -0.20441472875387706,
        "nauc_map_at_1000_max": 0.2874690513483825,
        "nauc_map_at_1000_std": 0.3958008651691376,
        "nauc_map_at_100_diff1": -0.20441472875387706,
        "nauc_map_at_100_max": 0.2874690513483825,
        "nauc_map_at_100_std": 0.3958008651691376,
        "nauc_map_at_10_diff1": -0.1965748903095042,
        "nauc_map_at_10_max": 0.2997036039806436,
        "nauc_map_at_10_std": 0.4041155753999982,
        "nauc_map_at_1_diff1": -0.18098746149666192,
        "nauc_map_at_1_max": 0.19778021391340686,
        "nauc_map_at_1_std": 0.28411359900554856,
        "nauc_map_at_20_diff1": -0.20462853148997015,
        "nauc_map_at_20_max": 0.2879997735667421,
        "nauc_map_at_20_std": 0.39669480513364197,
        "nauc_map_at_3_diff1": -0.22336273168730414,
        "nauc_map_at_3_max": 0.27938927063087443,
        "nauc_map_at_3_std": 0.39425933081128844,
        "nauc_map_at_5_diff1": -0.21414537111123297,
        "nauc_map_at_5_max": 0.3015300083349353,
        "nauc_map_at_5_std": 0.4144675995711063,
        "nauc_mrr_at_1000_diff1": -0.2067342401149802,
        "nauc_mrr_at_1000_max": 0.2919465564977372,
        "nauc_mrr_at_1000_std": 0.40046266059321006,
        "nauc_mrr_at_100_diff1": -0.2067342401149802,
        "nauc_mrr_at_100_max": 0.2919465564977372,
        "nauc_mrr_at_100_std": 0.40046266059321006,
        "nauc_mrr_at_10_diff1": -0.19881017570919235,
        "nauc_mrr_at_10_max": 0.3040210433605532,
        "nauc_mrr_at_10_std": 0.4086195162711642,
        "nauc_mrr_at_1_diff1": -0.18658985168110565,
        "nauc_mrr_at_1_max": 0.20426196247182846,
        "nauc_mrr_at_1_std": 0.29213193625396977,
        "nauc_mrr_at_20_diff1": -0.20694148504434534,
        "nauc_mrr_at_20_max": 0.2924644182876414,
        "nauc_mrr_at_20_std": 0.40134262799561315,
        "nauc_mrr_at_3_diff1": -0.22367962177810793,
        "nauc_mrr_at_3_max": 0.28414220817352487,
        "nauc_mrr_at_3_std": 0.3988022209963996,
        "nauc_mrr_at_5_diff1": -0.2160512504426928,
        "nauc_mrr_at_5_max": 0.30581762273222984,
        "nauc_mrr_at_5_std": 0.41887073400326624,
        "nauc_ndcg_at_1000_diff1": -0.20354231842325737,
        "nauc_ndcg_at_1000_max": 0.29988976400074785,
        "nauc_ndcg_at_1000_std": 0.4079135813974888,
        "nauc_ndcg_at_100_diff1": -0.20354231842325737,
        "nauc_ndcg_at_100_max": 0.29988976400074785,
        "nauc_ndcg_at_100_std": 0.4079135813974888,
        "nauc_ndcg_at_10_diff1": -0.1723399224338408,
        "nauc_ndcg_at_10_max": 0.3478756067858949,
        "nauc_ndcg_at_10_std": 0.4399188703489367,
        "nauc_ndcg_at_1_diff1": -0.18098746149666192,
        "nauc_ndcg_at_1_max": 0.19778021391340686,
        "nauc_ndcg_at_1_std": 0.28411359900554856,
        "nauc_ndcg_at_20_diff1": -0.20501239597166518,
        "nauc_ndcg_at_20_max": 0.3028268663166654,
        "nauc_ndcg_at_20_std": 0.4131208782344616,
        "nauc_ndcg_at_3_diff1": -0.23560345553142725,
        "nauc_ndcg_at_3_max": 0.3055531324581348,
        "nauc_ndcg_at_3_std": 0.42406310796395236,
        "nauc_ndcg_at_5_diff1": -0.21878190882253568,
        "nauc_ndcg_at_5_max": 0.34752774378932705,
        "nauc_ndcg_at_5_std": 0.4626716735820295,
        "nauc_precision_at_1000_diff1": 1.0,
        "nauc_precision_at_1000_max": 1.0,
        "nauc_precision_at_1000_std": 1.0,
        "nauc_precision_at_100_diff1": NaN,
        "nauc_precision_at_100_max": NaN,
        "nauc_precision_at_100_std": NaN,
        "nauc_precision_at_10_diff1": 0.011707824286458557,
        "nauc_precision_at_10_max": 0.6348013210700534,
        "nauc_precision_at_10_std": 0.6314216145439502,
        "nauc_precision_at_1_diff1": -0.18098746149666192,
        "nauc_precision_at_1_max": 0.19778021391340686,
        "nauc_precision_at_1_std": 0.28411359900554856,
        "nauc_precision_at_20_diff1": -0.29841726705941624,
        "nauc_precision_at_20_max": 0.47838056258549233,
        "nauc_precision_at_20_std": 0.7278329255949698,
        "nauc_precision_at_3_diff1": -0.2693280342042358,
        "nauc_precision_at_3_max": 0.37842760822426913,
        "nauc_precision_at_3_std": 0.5055616557601648,
        "nauc_precision_at_5_diff1": -0.22998242077456402,
        "nauc_precision_at_5_max": 0.499982860392861,
        "nauc_precision_at_5_std": 0.6197880739584608,
        "nauc_recall_at_1000_diff1": NaN,
        "nauc_recall_at_1000_max": NaN,
        "nauc_recall_at_1000_std": NaN,
        "nauc_recall_at_100_diff1": NaN,
        "nauc_recall_at_100_max": NaN,
        "nauc_recall_at_100_std": NaN,
        "nauc_recall_at_10_diff1": 0.011707824286459452,
        "nauc_recall_at_10_max": 0.634801321070053,
        "nauc_recall_at_10_std": 0.6314216145439492,
        "nauc_recall_at_1_diff1": -0.18098746149666192,
        "nauc_recall_at_1_max": 0.19778021391340686,
        "nauc_recall_at_1_std": 0.28411359900554856,
        "nauc_recall_at_20_diff1": -0.29841726705941235,
        "nauc_recall_at_20_max": 0.4783805625854962,
        "nauc_recall_at_20_std": 0.7278329255949737,
        "nauc_recall_at_3_diff1": -0.2693280342042354,
        "nauc_recall_at_3_max": 0.37842760822426935,
        "nauc_recall_at_3_std": 0.5055616557601651,
        "nauc_recall_at_5_diff1": -0.22998242077456402,
        "nauc_recall_at_5_max": 0.49998286039286116,
        "nauc_recall_at_5_std": 0.6197880739584609,
        "ndcg_at_1": 0.21528,
        "ndcg_at_10": 0.51151,
        "ndcg_at_100": 0.55027,
        "ndcg_at_1000": 0.55027,
        "ndcg_at_20": 0.54657,
        "ndcg_at_3": 0.40309,
        "ndcg_at_5": 0.45065,
        "precision_at_1": 0.21528,
        "precision_at_10": 0.08453,
        "precision_at_100": 0.01,
        "precision_at_1000": 0.001,