{
  "dataset_revision": "8270b3751ce6b95bec362fb38fbcd2a4aa400cfc",
  "evaluation_time": 58.605944871902466,
  "kg_co2_emissions": 0.002283493425783808,
  "mteb_version": "1.14.15",
  "scores": {
    "test": [
      {
        "cv_recall_at_1": 0.31,
        "cv_recall_at_10": 0.79,
        "cv_recall_at_100": 0.98,
        "cv_recall_at_1000": 1.0,
        "cv_recall_at_20": 0.85,
        "cv_recall_at_3": 0.69,
        "cv_recall_at_5": 0.75,
        "hf_subset": "default",
        "languages": [
          "eng-Latn"
        ],
        "main_score": 0.54813,
        "map_at_1": 0.29,
        "map_at_10": 0.48617,
        "map_at_100": 0.49354,
        "map_at_1000": 0.49361,
        "map_at_20": 0.49013,
        "map_at_3": 0.465,
        "map_at_5": 0.4795,
        "mrr_at_1": 0.31,
        "mrr_at_10": 0.49352380952380975,
        "mrr_at_100": 0.5008936637340736,
        "mrr_at_1000": 0.5009652038472886,
        "mrr_at_20": 0.4970440115440117,
        "mrr_at_3": 0.4733333333333335,
        "mrr_at_5": 0.4873333333333334,
        "nauc_cv_recall_at_1000_diff1": NaN,
        "nauc_cv_recall_at_1000_max": NaN,
        "nauc_cv_recall_at_1000_std": NaN,
        "nauc_cv_recall_at_100_diff1": -0.004668534080301378,
        "nauc_cv_recall_at_100_max": 0.795751633986929,
        "nauc_cv_recall_at_100_std": 0.4225023342670396,
        "nauc_cv_recall_at_10_diff1": -0.1401399475797724,
        "nauc_cv_recall_at_10_max": 0.6259167528314132,
        "nauc_cv_recall_at_10_std": 0.3288046745377153,
        "nauc_cv_recall_at_1_diff1": 0.1598209123788267,
        "nauc_cv_recall_at_1_max": 0.2779891633166167,
        "nauc_cv_recall_at_1_std": 0.0017881872084110685,
        "nauc_cv_recall_at_20_diff1": -0.12447120078099536,
        "nauc_cv_recall_at_20_max": 0.5082004555808666,
        "nauc_cv_recall_at_20_std": 0.18047510575984405,
        "nauc_cv_recall_at_3_diff1": -0.07661781046616238,
        "nauc_cv_recall_at_3_max": 0.5029366633155193,
        "nauc_cv_recall_at_3_std": 0.22043494364781172,
        "nauc_cv_recall_at_5_diff1": -0.07572998430141281,
        "nauc_cv_recall_at_5_max": 0.5957090528519098,
        "nauc_cv_recall_at_5_std": 0.31445316588173733,
        "nauc_map_at_1000_diff1": 0.13652316575566037,
        "nauc_map_at_1000_max": 0.36374584288490125,
        "nauc_map_at_1000_std": 0.026077501366613336,
        "nauc_map_at_100_diff1": 0.13642217190466435,
        "nauc_map_at_100_max": 0.36386014178685755,
        "nauc_map_at_100_std": 0.02621002260162137,
        "nauc_map_at_10_diff1": 0.12898290804701382,
        "nauc_map_at_10_max": 0.3710169619741805,
        "nauc_map_at_10_std": 0.035620951647624695,
        "nauc_map_at_1_diff1": 0.2466381879867588,
        "nauc_map_at_1_max": 0.24680301635921606,
        "nauc_map_at_1_std": -0.09961127975495522,
        "nauc_map_at_20_diff1": 0.1336617908359293,
        "nauc_map_at_20_max": 0.36498192994648126,
        "nauc_map_at_20_std": 0.02704705321574477,
        "nauc_map_at_3_diff1": 0.12400411109872814,
        "nauc_map_at_3_max": 0.36263357975160054,
        "nauc_map_at_3_std": 0.03671013039117346,
        "nauc_map_at_5_diff1": 0.13657081031074306,
        "nauc_map_at_5_max": 0.37207652441590616,
        "nauc_map_at_5_std": 0.03942935956840432,
        "nauc_mrr_at_1000_diff1": 0.06016457190203139,
        "nauc_mrr_at_1000_max": 0.3794628154640161,
        "nauc_mrr_at_1000_std": 0.07611673341273256,
        "nauc_mrr_at_100_diff1": 0.060083611920410014,
        "nauc_mrr_at_100_max": 0.3795714261623925,
        "nauc_mrr_at_100_std": 0.0762350161193879,
        "nauc_mrr_at_10_diff1": 0.054593725310614113,
        "nauc_mrr_at_10_max": 0.386395692673392,
        "nauc_mrr_at_10_std": 0.08445547132498842,
        "nauc_mrr_at_1_diff1": 0.1598209123788267,
        "nauc_mrr_at_1_max": 0.2779891633166167,
        "nauc_mrr_at_1_std": 0.0017881872084110685,
        "nauc_mrr_at_20_diff1": 0.057287472610636506,
        "nauc_mrr_at_20_max": 0.38055754122494023,
        "nauc_mrr_at_20_std": 0.07780032785252505,
        "nauc_mrr_at_3_diff1": 0.056803021936404664,
        "nauc_mrr_at_3_max": 0.3726525506140144,
        "nauc_mrr_at_3_std": 0.07167325556961866,
        "nauc_mrr_at_5_diff1": 0.05940992774543137,
        "nauc_mrr_at_5_max": 0.3854828597003369,
        "nauc_mrr_at_5_std": 0.08553441970549797,
        "nauc_ndcg_at_1000_diff1": 0.12002277394161978,
        "nauc_ndcg_at_1000_max": 0.38169862075165495,
        "nauc_ndcg_at_1000_std": 0.044940997687331306,
        "nauc_ndcg_at_100_diff1": 0.11823207015805179,
        "nauc_ndcg_at_100_max": 0.385979049968664,
        "nauc_ndcg_at_100_std": 0.049061668823823325,
        "nauc_ndcg_at_10_diff1": 0.08046724885593222,
        "nauc_ndcg_at_10_max": 0.4177462674043752,
        "nauc_ndcg_at_10_std": 0.08947970147865583,
        "nauc_ndcg_at_1_diff1": 0.2466381879867588,
        "nauc_ndcg_at_1_max": 0.24680301635921606,
        "nauc_ndcg_at_1_std": -0.09961127975495522,
        "nauc_ndcg_at_20_diff1": 0.09890706453023865,
        "nauc_ndcg_at_20_max": 0.3924729965233723,
        "nauc_ndcg_at_20_std": 0.051852539364556735,
        "nauc_ndcg_at_3_diff1": 0.07882433760525842,
        "nauc_ndcg_at_3_max": 0.3996746313312452,
        "nauc_ndcg_at_3_std": 0.08878346075146865,
        "nauc_ndcg_at_5_diff1": 0.09958075421620825,
        "nauc_ndcg_at_5_max": 0.41847770409063034,
        "nauc_ndcg_at_5_std": 0.09624068157645907,
        "nauc_precision_at_1000_diff1": NaN,
        "nauc_precision_at_1000_max": NaN,
        "nauc_precision_at_1000_std": NaN,
        "nauc_precision_at_100_diff1": -0.004668534080297299,
        "nauc_precision_at_100_max": 0.795751633986937,
        "nauc_precision_at_100_std": 0.4225023342670383,
        "nauc_precision_at_10_diff1": -0.1401399475797712,
        "nauc_precision_at_10_max": 0.6259167528314133,
        "nauc_precision_at_10_std": 0.32880467453771584,
        "nauc_precision_at_1_diff1": 0.2466381879867588,
        "nauc_precision_at_1_max": 0.24680301635921606,
        "nauc_precision_at_1_std": -0.09961127975495522,
        "nauc_precision_at_20_diff1": -0.0906886517943735,
        "nauc_precision_at_20_max": 0.5144104198420386,
        "nauc_precision_at_20_std": 0.12761535263960186,
        "nauc_precision_at_3_diff1": -0.07661781046616149,
        "nauc_precision_at_3_max": 0.5251600613789094,
        "nauc_precision_at_3_std": 0.2685856394518233,
        "nauc_precision_at_5_diff1": -0.04320251177393902,
        "nauc_precision_at_5_max": 0.6015698587127163,
        "nauc_precision_at_5_std": 0.32198848770277355,
        "nauc_recall_at_1000_diff1": NaN,
        "nauc_recall_at_1000_max": NaN,
        "nauc_recall_at_1000_std": NaN,
        "nauc_recall_at_100_diff1": -0.004668534080301378,
        "nauc_recall_at_100_max": 0.795751633986929,
        "nauc_recall_at_100_std": 0.4225023342670396,
        "nauc_recall_at_10_diff1": -0.1401399475797724,
        "nauc_recall_at_10_max": 0.6259167528314132,
        "nauc_recall_at_10_std": 0.3288046745377153,
        "nauc_recall_at_1_diff1": 0.2466381879867588,
        "nauc_recall_at_1_max": 0.24680301635921606,
        "nauc_recall_at_1_std": -0.09961127975495522,
        "nauc_recall_at_20_diff1": -0.0906886517943734,
        "nauc_recall_at_20_max": 0.5144104198420384,
        "nauc_recall_at_20_std": 0.12761535263960105,
        "nauc_recall_at_3_diff1": -0.07661781046616238,
        "nauc_recall_at_3_max": 0.5251600613789085,
        "nauc_recall_at_3_std": 0.2685856394518226,
        "nauc_recall_at_5_diff1": -0.043202511773940355,
        "nauc_recall_at_5_max": 0.601569858712716,
        "nauc_recall_at_5_std": 0.32198848770277294,
        "ndcg_at_1": 0.29,
        "ndcg_at_10": 0.56238,
        "ndcg_at_100": 0.60183,
        "ndcg_at_1000": 0.60426,
        "ndcg_at_20": 0.57891,
        "ndcg_at_3": 0.52273,
        "ndcg_at_5": 0.54813,
        "precision_at_1": 0.29,