{
  "dataset_revision": "501f02a80aff50c90045b0feaa81565c4e8f889e",
  "evaluation_time": 11.674850225448608,
  "kg_co2_emissions": 0.0005377063039057047,
  "mteb_version": "1.14.15",
  "scores": {
    "test": [
      {
        "cv_recall_at_1": 0.07857,
        "cv_recall_at_10": 0.35,
        "cv_recall_at_100": 0.70357,
        "cv_recall_at_1000": 1.0,
        "cv_recall_at_20": 0.44643,
        "cv_recall_at_3": 0.18214,
        "cv_recall_at_5": 0.26429,
        "hf_subset": "default",
        "languages": [
          "eng-Latn"
        ],
        "main_score": 0.16248,
        "map_at_1": 0.05357,
        "map_at_10": 0.13759,
        "map_at_100": 0.14986,
        "map_at_1000": 0.1518,
        "map_at_20": 0.14425,
        "map_at_3": 0.10655,
        "map_at_5": 0.12673,
        "mrr_at_1": 0.07857142857142857,
        "mrr_at_10": 0.15058815192743769,
        "mrr_at_100": 0.16279832788398377,
        "mrr_at_1000": 0.16473845472734083,
        "mrr_at_20": 0.15710905092622263,
        "mrr_at_3": 0.11964285714285712,
        "mrr_at_5": 0.13928571428571432,
        "nauc_cv_recall_at_1000_diff1": NaN,
        "nauc_cv_recall_at_1000_max": NaN,
        "nauc_cv_recall_at_1000_std": NaN,
        "nauc_cv_recall_at_100_diff1": 0.0324926404169453,
        "nauc_cv_recall_at_100_max": 0.23387552719309088,
        "nauc_cv_recall_at_100_std": 0.2633723461635938,
        "nauc_cv_recall_at_10_diff1": 0.03460064228737167,
        "nauc_cv_recall_at_10_max": 0.35151107051034536,
        "nauc_cv_recall_at_10_std": 0.1923283388112974,
        "nauc_cv_recall_at_1_diff1": 0.06840744444715474,
        "nauc_cv_recall_at_1_max": 0.3709417762275289,
        "nauc_cv_recall_at_1_std": 0.23662707027343477,
        "nauc_cv_recall_at_20_diff1": 0.020580610505173277,
        "nauc_cv_recall_at_20_max": 0.315720391433309,
        "nauc_cv_recall_at_20_std": 0.22588691407618466,
        "nauc_cv_recall_at_3_diff1": 0.05458202201158316,
        "nauc_cv_recall_at_3_max": 0.435352613642712,
        "nauc_cv_recall_at_3_std": 0.16067338311700402,
        "nauc_cv_recall_at_5_diff1": 0.09294007932034568,
        "nauc_cv_recall_at_5_max": 0.4405661054120249,
        "nauc_cv_recall_at_5_std": 0.16636263950235183,
        "nauc_map_at_1000_diff1": 0.09575495788843162,
        "nauc_map_at_1000_max": 0.3571785002281414,
        "nauc_map_at_1000_std": 0.115557102424717,
        "nauc_map_at_100_diff1": 0.09483196897842355,
        "nauc_map_at_100_max": 0.35611174762584713,
        "nauc_map_at_100_std": 0.11695626474889832,
        "nauc_map_at_10_diff1": 0.09327035149989636,
        "nauc_map_at_10_max": 0.36313879707548485,
        "nauc_map_at_10_std": 0.11303142575327729,
        "nauc_map_at_1_diff1": 0.04568464359180762,
        "nauc_map_at_1_max": 0.2904391378230927,
        "nauc_map_at_1_std": 0.03083802879885518,
        "nauc_map_at_20_diff1": 0.08947921823016493,
        "nauc_map_at_20_max": 0.3565342467081638,
        "nauc_map_at_20_std": 0.116959197008066,
        "nauc_map_at_3_diff1": 0.12677175390187256,
        "nauc_map_at_3_max": 0.36603198302360557,
        "nauc_map_at_3_std": 0.08863942211400468,
        "nauc_map_at_5_diff1": 0.09996976756266339,
        "nauc_map_at_5_max": 0.37727170410886873,
        "nauc_map_at_5_std": 0.10748022211724226,
        "nauc_mrr_at_1000_diff1": 0.07422697359097037,
        "nauc_mrr_at_1000_max": 0.3721090559905129,
        "nauc_mrr_at_1000_std": 0.19238596243657555,
        "nauc_mrr_at_100_diff1": 0.07357941570369647,
        "nauc_mrr_at_100_max": 0.3710373546577963,
        "nauc_mrr_at_100_std": 0.1930328097273122,
        "nauc_mrr_at_10_diff1": 0.070313031866053,
        "nauc_mrr_at_10_max": 0.3762934557050246,
        "nauc_mrr_at_10_std": 0.1886450086523307,
        "nauc_mrr_at_1_diff1": 0.06840744444715474,
        "nauc_mrr_at_1_max": 0.3709417762275289,
        "nauc_mrr_at_1_std": 0.23662707027343477,
        "nauc_mrr_at_20_diff1": 0.07008234367231085,
        "nauc_mrr_at_20_max": 0.3719763360921792,
        "nauc_mrr_at_20_std": 0.1922707352088345,
        "nauc_mrr_at_3_diff1": 0.06785405049447564,
        "nauc_mrr_at_3_max": 0.3899311837188826,
        "nauc_mrr_at_3_std": 0.18245732383075838,
        "nauc_mrr_at_5_diff1": 0.08210183777657919,
        "nauc_mrr_at_5_max": 0.39464481276254926,
        "nauc_mrr_at_5_std": 0.18366882426976597,
        "nauc_ndcg_at_1000_diff1": 0.09183605798234934,
        "nauc_ndcg_at_1000_max": 0.35276785878896466,
        "nauc_ndcg_at_1000_std": 0.13675708516302043,
        "nauc_ndcg_at_100_diff1": 0.08061441448697222,
        "nauc_ndcg_at_100_max": 0.3330955127417561,
        "nauc_ndcg_at_100_std": 0.15801416924877884,
        "nauc_ndcg_at_10_diff1": 0.07974038932381129,
        "nauc_ndcg_at_10_max": 0.36252152194246506,
        "nauc_ndcg_at_10_std": 0.14330595685339328,
        "nauc_ndcg_at_1_diff1": 0.04568464359180762,
        "nauc_ndcg_at_1_max": 0.2904391378230927,
        "nauc_ndcg_at_1_std": 0.03083802879885518,
        "nauc_ndcg_at_20_diff1": 0.06519690827702829,
        "nauc_ndcg_at_20_max": 0.34347392051835274,
        "nauc_ndcg_at_20_std": 0.155156415217551,
        "nauc_ndcg_at_3_diff1": 0.13393124513982535,
        "nauc_ndcg_at_3_max": 0.3779146289345962,
        "nauc_ndcg_at_3_std": 0.10710654439366005,
        "nauc_ndcg_at_5_diff1": 0.09398573693587423,
        "nauc_ndcg_at_5_max": 0.391557652105071,
        "nauc_ndcg_at_5_std": 0.1325280672132048,
        "nauc_precision_at_1000_diff1": NaN,
        "nauc_precision_at_1000_max": NaN,
        "nauc_precision_at_1000_std": NaN,
        "nauc_precision_at_100_diff1": 0.032492640416945766,
        "nauc_precision_at_100_max": 0.23387552719309093,
        "nauc_precision_at_100_std": 0.2633723461635942,
        "nauc_precision_at_10_diff1": 0.05180678639706898,
        "nauc_precision_at_10_max": 0.3546895454074567,
        "nauc_precision_at_10_std": 0.19513010557245505,
        "nauc_precision_at_1_diff1": 0.04568464359180762,
        "nauc_precision_at_1_max": 0.2904391378230927,
        "nauc_precision_at_1_std": 0.03083802879885518,
        "nauc_precision_at_20_diff1": 0.010588246298323301,
        "nauc_precision_at_20_max": 0.3074005481194641,
        "nauc_precision_at_20_std": 0.22493475881808248,
        "nauc_precision_at_3_diff1": 0.1454659949622166,
        "nauc_precision_at_3_max": 0.3990670318652026,
        "nauc_precision_at_3_std": 0.1420116896138515,
        "nauc_precision_at_5_diff1": 0.08062883404531018,
        "nauc_precision_at_5_max": 0.41456279229850407,
        "nauc_precision_at_5_std": 0.17583463243779487,
        "nauc_recall_at_1000_diff1": NaN,
        "nauc_recall_at_1000_max": NaN,
        "nauc_recall_at_1000_std": NaN,
        "nauc_recall_at_100_diff1": 0.0324926404169453,
        "nauc_recall_at_100_max": 0.23387552719309088,
        "nauc_recall_at_100_std": 0.2633723461635938,
        "nauc_recall_at_10_diff1": 0.05180678639706924,
        "nauc_recall_at_10_max": 0.35468954540745695,
        "nauc_recall_at_10_std": 0.19513010557245503,
        "nauc_recall_at_1_diff1": 0.04568464359180762,
        "nauc_recall_at_1_max": 0.2904391378230927,
        "nauc_recall_at_1_std": 0.03083802879885518,
        "nauc_recall_at_20_diff1": 0.010588246298322933,
        "nauc_recall_at_20_max": 0.3074005481194639,
        "nauc_recall_at_20_std": 0.22493475881808236,
        "nauc_recall_at_3_diff1": 0.14546599496221657,
        "nauc_recall_at_3_max": 0.3990670318652024,
        "nauc_recall_at_3_std": 0.14201168961385152,
        "nauc_recall_at_5_diff1": 0.0806288340453101,
        "nauc_recall_at_5_max": 0.414562792298504,
        "nauc_recall_at_5_std": 0.17583463243779487,
        "ndcg_at_1": 0.05357,
        "ndcg_at_10": 0.18827,
        "ndcg_at_100": 0.25847,
        "ndcg_at_1000": 0.29907,
        "ndcg_at_20": 0.21321,
        "ndcg_at_3": 0.12666,
        "ndcg_at_5": 0.16248,
        "precision_at_1": 0.05357,