{
  "dataset_revision": "5feb5630fdff4d8d189ffedb2dba56862fdd45c0",
  "evaluation_time": 20.67630624771118,
  "kg_co2_emissions": null,
  "mteb_version": "1.16.5",
  "scores": {
    "test": [
      {
        "cv_recall_at_1": 0.0164,
        "cv_recall_at_10": 0.08384,
        "cv_recall_at_100": 0.47145,
        "cv_recall_at_1000": 1.0,
        "cv_recall_at_20": 0.13973,
        "cv_recall_at_3": 0.03645,
        "cv_recall_at_5": 0.05346,
        "hf_subset": "default",
        "languages": [
          "eng-Latn"
        ],
        "main_score": 0.03427,
        "map_at_1": 0.0164,
        "map_at_10": 0.03191,
        "map_at_100": 0.04269,
        "map_at_1000": 0.0459,
        "map_at_20": 0.0357,
        "map_at_3": 0.0244,
        "map_at_5": 0.02811,
        "mrr_at_1": 0.016403402187120292,
        "mrr_at_10": 0.03203557445659514,
        "mrr_at_100": 0.042820917668121135,
        "mrr_at_1000": 0.045995387412105716,
        "mrr_at_20": 0.035810389183140154,
        "mrr_at_3": 0.02440259214256784,
        "mrr_at_5": 0.028169299311462132,
        "nauc_cv_recall_at_1000_diff1": NaN,
        "nauc_cv_recall_at_1000_max": NaN,
        "nauc_cv_recall_at_1000_std": NaN,
        "nauc_cv_recall_at_100_diff1": 0.018662573770460555,
        "nauc_cv_recall_at_100_max": 0.05575554530860043,
        "nauc_cv_recall_at_100_std": 0.017119544735690998,
        "nauc_cv_recall_at_10_diff1": 0.029829953920220257,
        "nauc_cv_recall_at_10_max": 0.09923742470774197,
        "nauc_cv_recall_at_10_std": 0.06303465525195504,
        "nauc_cv_recall_at_1_diff1": 0.2617934012501748,
        "nauc_cv_recall_at_1_max": 0.043520353687748,
        "nauc_cv_recall_at_1_std": -0.05589244744103886,
        "nauc_cv_recall_at_20_diff1": -0.013920211272134463,
        "nauc_cv_recall_at_20_max": 0.09562297458645476,
        "nauc_cv_recall_at_20_std": 0.06545553871148808,
        "nauc_cv_recall_at_3_diff1": 0.11797822486722355,
        "nauc_cv_recall_at_3_max": 0.005837700360273954,
        "nauc_cv_recall_at_3_std": 0.013774321233176172,
        "nauc_cv_recall_at_5_diff1": 0.047014557932190094,
        "nauc_cv_recall_at_5_max": 0.05908695082504465,
        "nauc_cv_recall_at_5_std": 0.06752392374159792,
        "nauc_map_at_1000_diff1": 0.10449361195233392,
        "nauc_map_at_1000_max": 0.06757870504933923,
        "nauc_map_at_1000_std": 0.020924373978049284,
        "nauc_map_at_100_diff1": 0.10225549655547068,
        "nauc_map_at_100_max": 0.06747582302560992,
        "nauc_map_at_100_std": 0.02112940565617718,
        "nauc_map_at_10_diff1": 0.12526525831913962,
        "nauc_map_at_10_max": 0.06919738996029412,
        "nauc_map_at_10_std": 0.016203234481007193,
        "nauc_map_at_1_diff1": 0.2617934012501748,
        "nauc_map_at_1_max": 0.043520353687748,
        "nauc_map_at_1_std": -0.05589244744103886,
        "nauc_map_at_20_diff1": 0.10642938079642504,
        "nauc_map_at_20_max": 0.0701584194423612,
        "nauc_map_at_20_std": 0.019683161207434845,
        "nauc_map_at_3_diff1": 0.17555722874995103,
        "nauc_map_at_3_max": 0.02965055511942841,
        "nauc_map_at_3_std": -0.011612337988587549,
        "nauc_map_at_5_diff1": 0.13939905825155016,
        "nauc_map_at_5_max": 0.05225187058585094,
        "nauc_map_at_5_std": 0.01404491569441773,
        "nauc_mrr_at_1000_diff1": 0.1031787131637652,
        "nauc_mrr_at_1000_max": 0.06589018763052279,
        "nauc_mrr_at_1000_std": 0.02177007469387653,
        "nauc_mrr_at_100_diff1": 0.100722907791219,
        "nauc_mrr_at_100_max": 0.0653546158329249,
        "nauc_mrr_at_100_std": 0.022202352937913786,
        "nauc_mrr_at_10_diff1": 0.12339817638543397,
        "nauc_mrr_at_10_max": 0.06689631857714638,
        "nauc_mrr_at_10_std": 0.01737083844440905,
        "nauc_mrr_at_1_diff1": 0.2617934012501748,
        "nauc_mrr_at_1_max": 0.043520353687748,
        "nauc_mrr_at_1_std": -0.05589244744103886,
        "nauc_mrr_at_20_diff1": 0.10484414963022441,
        "nauc_mrr_at_20_max": 0.06812968084755996,
        "nauc_mrr_at_20_std": 0.021245149322459488,
        "nauc_mrr_at_3_diff1": 0.17555722874995103,
        "nauc_mrr_at_3_max": 0.02965055511942841,
        "nauc_mrr_at_3_std": -0.011612337988587549,
        "nauc_mrr_at_5_diff1": 0.13841114945575736,
        "nauc_mrr_at_5_max": 0.05106105603303285,
        "nauc_mrr_at_5_std": 0.014713500195672493,
        "nauc_ndcg_at_1000_diff1": 0.07039993751449598,
        "nauc_ndcg_at_1000_max": 0.0702178359340136,
        "nauc_ndcg_at_1000_std": 0.03143486724750765,
        "nauc_ndcg_at_100_diff1": 0.051302089285439896,
        "nauc_ndcg_at_100_max": 0.06635508533723256,
        "nauc_ndcg_at_100_std": 0.026089943795385814,
        "nauc_ndcg_at_10_diff1": 0.08478028386214839,
        "nauc_ndcg_at_10_max": 0.08369649672295522,
        "nauc_ndcg_at_10_std": 0.0359397651816117,
        "nauc_ndcg_at_1_diff1": 0.2617934012501748,
        "nauc_ndcg_at_1_max": 0.043520353687748,
        "nauc_ndcg_at_1_std": -0.05589244744103886,
        "nauc_ndcg_at_20_diff1": 0.048590127141141026,
        "nauc_ndcg_at_20_max": 0.0838128297202291,
        "nauc_ndcg_at_20_std": 0.04075331802719174,
        "nauc_ndcg_at_3_diff1": 0.1561346665809253,
        "nauc_ndcg_at_3_max": 0.021926781118607627,
        "nauc_ndcg_at_3_std": -0.0029602359535723386,
        "nauc_ndcg_at_5_diff1": 0.10507743935445685,
        "nauc_ndcg_at_5_max": 0.05536419452822033,
        "nauc_ndcg_at_5_std": 0.03380079592091939,
        "nauc_precision_at_1000_diff1": -0.16344464288014326,
        "nauc_precision_at_1000_max": -0.32376058288835086,
        "nauc_precision_at_1000_std": 0.23650132386788864,
        "nauc_precision_at_100_diff1": 0.01837197398988993,
        "nauc_precision_at_100_max": 0.0542252805727862,
        "nauc_precision_at_100_std": 0.019809614938027034,
        "nauc_precision_at_10_diff1": 0.029829953920220482,
        "nauc_precision_at_10_max": 0.09923742470774204,
        "nauc_precision_at_10_std": 0.063034655251955,
        "nauc_precision_at_1_diff1": 0.2617934012501748,
        "nauc_precision_at_1_max": 0.043520353687748,
        "nauc_precision_at_1_std": -0.05589244744103886,
        "nauc_precision_at_20_diff1": -0.013403574872923327,
        "nauc_precision_at_20_max": 0.09498105953722534,
        "nauc_precision_at_20_std": 0.06325794710005428,
        "nauc_precision_at_3_diff1": 0.11797822486722376,
        "nauc_precision_at_3_max": 0.005837700360274306,
        "nauc_precision_at_3_std": 0.013774321233176392,
        "nauc_precision_at_5_diff1": 0.047014557932190115,
        "nauc_precision_at_5_max": 0.05908695082504488,
        "nauc_precision_at_5_std": 0.06752392374159835,
        "nauc_recall_at_1000_diff1": NaN,
        "nauc_recall_at_1000_max": NaN,
        "nauc_recall_at_1000_std": NaN,
        "nauc_recall_at_100_diff1": 0.019213781272370476,
        "nauc_recall_at_100_max": 0.059253639288496585,
        "nauc_recall_at_100_std": 0.014835593164990637,
        "nauc_recall_at_10_diff1": 0.03403852164479181,
        "nauc_recall_at_10_max": 0.10587324013105591,
        "nauc_recall_at_10_std": 0.060359583139699954,
        "nauc_recall_at_1_diff1": 0.2617934012501748,
        "nauc_recall_at_1_max": 0.043520353687748,
        "nauc_recall_at_1_std": -0.05589244744103886,
        "nauc_recall_at_20_diff1": -0.01115287681183367,
        "nauc_recall_at_20_max": 0.09942703325419742,
        "nauc_recall_at_20_std": 0.06067415376796003,
        "nauc_recall_at_3_diff1": 0.11797822486722355,
        "nauc_recall_at_3_max": 0.005837700360273954,
        "nauc_recall_at_3_std": 0.013774321233176172,
        "nauc_recall_at_5_diff1": 0.04910413437788431,
        "nauc_recall_at_5_max": 0.06228109993683045,
        "nauc_recall_at_5_std": 0.06605808751854268,
        "ndcg_at_1": 0.0164,
        "ndcg_at_10": 0.04376,
        "ndcg_at_100": 0.11622,
        "ndcg_at_1000": 0.18776,
        "ndcg_at_20": 0.05784,