{
  "dataset_revision": "501f02a80aff50c90045b0feaa81565c4e8f889e",
  "evaluation_time": 5.875584363937378,
  "kg_co2_emissions": 0.00022510223705217867,
  "mteb_version": "1.14.15",
  "scores": {
    "test": [
      {
        "cv_recall_at_1": 0.03929,
        "cv_recall_at_10": 0.19643,
        "cv_recall_at_100": 0.60714,
        "cv_recall_at_1000": 1.0,
        "cv_recall_at_20": 0.25357,
        "cv_recall_at_3": 0.09643,
        "cv_recall_at_5": 0.13929,
        "hf_subset": "default",
        "languages": [
          "eng-Latn"
        ],
        "main_score": 0.08849,
        "map_at_1": 0.02857,
        "map_at_10": 0.0737,
        "map_at_100": 0.08682,
        "map_at_1000": 0.08922,
        "map_at_20": 0.079,
        "map_at_3": 0.05833,
        "map_at_5": 0.0694,
        "mrr_at_1": 0.039285714285714285,
        "mrr_at_10": 0.08094387755102038,
        "mrr_at_100": 0.0924328614539651,
        "mrr_at_1000": 0.09483582056517335,
        "mrr_at_20": 0.08466926833302328,
        "mrr_at_3": 0.0630952380952381,
        "mrr_at_5": 0.07363095238095237,
        "nauc_cv_recall_at_1000_diff1": NaN,
        "nauc_cv_recall_at_1000_max": NaN,
        "nauc_cv_recall_at_1000_std": NaN,
        "nauc_cv_recall_at_100_diff1": 0.1266144183799455,
        "nauc_cv_recall_at_100_max": 0.0821514842449946,
        "nauc_cv_recall_at_100_std": 0.05944495141982974,
        "nauc_cv_recall_at_10_diff1": 0.04192671014535134,
        "nauc_cv_recall_at_10_max": 0.19043078992776308,
        "nauc_cv_recall_at_10_std": 0.04983476150089199,
        "nauc_cv_recall_at_1_diff1": -0.03163646120447842,
        "nauc_cv_recall_at_1_max": 0.5597482742639706,
        "nauc_cv_recall_at_1_std": -0.2448227919116033,
        "nauc_cv_recall_at_20_diff1": -0.01294788996381904,
        "nauc_cv_recall_at_20_max": 0.14789831729639705,
        "nauc_cv_recall_at_20_std": 0.027696998491153205,
        "nauc_cv_recall_at_3_diff1": -0.04573234355901384,
        "nauc_cv_recall_at_3_max": 0.20872710650011414,
        "nauc_cv_recall_at_3_std": -0.20261554820181063,
        "nauc_cv_recall_at_5_diff1": -0.014327758892108326,
        "nauc_cv_recall_at_5_max": 0.16068535967694098,
        "nauc_cv_recall_at_5_std": -0.054877445947693095,
        "nauc_map_at_1000_diff1": 0.0472147423068867,
        "nauc_map_at_1000_max": 0.10639099779522976,
        "nauc_map_at_1000_std": -0.0742065175162077,
        "nauc_map_at_100_diff1": 0.04819085328276149,
        "nauc_map_at_100_max": 0.10645903276296109,
        "nauc_map_at_100_std": -0.07121956364190574,
        "nauc_map_at_10_diff1": 0.05377446175097108,
        "nauc_map_at_10_max": 0.10106005014672903,
        "nauc_map_at_10_std": -0.07205480723137896,
        "nauc_map_at_1_diff1": 0.03910651998926751,
        "nauc_map_at_1_max": 0.026328145961899602,
        "nauc_map_at_1_std": -0.22920579554601564,
        "nauc_map_at_20_diff1": 0.040412038624354,
        "nauc_map_at_20_max": 0.1088667487416487,
        "nauc_map_at_20_std": -0.07404555854785418,
        "nauc_map_at_3_diff1": 0.06959419131215676,
        "nauc_map_at_3_max": 0.08334382854295456,
        "nauc_map_at_3_std": -0.10392174041604842,
        "nauc_map_at_5_diff1": 0.041561813937220304,
        "nauc_map_at_5_max": 0.1032821073124411,
        "nauc_map_at_5_std": -0.10551010113048791,
        "nauc_mrr_at_1000_diff1": -0.018602988799161214,
        "nauc_mrr_at_1000_max": 0.2889618007914986,
        "nauc_mrr_at_1000_std": -0.12496898341172598,
        "nauc_mrr_at_100_diff1": -0.0168161894997988,
        "nauc_mrr_at_100_max": 0.2865789605779995,
        "nauc_mrr_at_100_std": -0.12155111099784488,
        "nauc_mrr_at_10_diff1": -0.014779823359246672,
        "nauc_mrr_at_10_max": 0.29663569460740835,
        "nauc_mrr_at_10_std": -0.12187057417148242,
        "nauc_mrr_at_1_diff1": -0.03163646120447842,
        "nauc_mrr_at_1_max": 0.5597482742639706,
        "nauc_mrr_at_1_std": -0.2448227919116033,
        "nauc_mrr_at_20_diff1": -0.024191184324757312,
        "nauc_mrr_at_20_max": 0.29017662698036767,
        "nauc_mrr_at_20_std": -0.12431919580925598,
        "nauc_mrr_at_3_diff1": -0.04604846834167798,
        "nauc_mrr_at_3_max": 0.3375419554399056,
        "nauc_mrr_at_3_std": -0.22437743949051042,
        "nauc_mrr_at_5_diff1": -0.03185549202608406,
        "nauc_mrr_at_5_max": 0.3028188369106203,
        "nauc_mrr_at_5_std": -0.15887143940361928,
        "nauc_ndcg_at_1000_diff1": 0.04704523346199999,
        "nauc_ndcg_at_1000_max": 0.11379735745323466,
        "nauc_ndcg_at_1000_std": -0.04944713921933619,
        "nauc_ndcg_at_100_diff1": 0.06603713437007269,
        "nauc_ndcg_at_100_max": 0.10740454769295829,
        "nauc_ndcg_at_100_std": -0.019586255368389285,
        "nauc_ndcg_at_10_diff1": 0.05361302109764742,
        "nauc_ndcg_at_10_max": 0.11744140282657971,
        "nauc_ndcg_at_10_std": -0.023712144177808266,
        "nauc_ndcg_at_1_diff1": 0.03910651998926751,
        "nauc_ndcg_at_1_max": 0.026328145961899602,
        "nauc_ndcg_at_1_std": -0.22920579554601564,
        "nauc_ndcg_at_20_diff1": 0.020009859814887766,
        "nauc_ndcg_at_20_max": 0.1277686960620094,
        "nauc_ndcg_at_20_std": -0.030968766339390264,
        "nauc_ndcg_at_3_diff1": 0.06784358114052152,
        "nauc_ndcg_at_3_max": 0.09771149690162463,
        "nauc_ndcg_at_3_std": -0.08208871153207627,
        "nauc_ndcg_at_5_diff1": 0.030818742238872994,
        "nauc_ndcg_at_5_max": 0.12275625933499905,
        "nauc_ndcg_at_5_std": -0.08567106005864866,
        "nauc_precision_at_1000_diff1": NaN,
        "nauc_precision_at_1000_max": NaN,
        "nauc_precision_at_1000_std": NaN,
        "nauc_precision_at_100_diff1": 0.12661441837994583,
        "nauc_precision_at_100_max": 0.08215148424499433,
        "nauc_precision_at_100_std": 0.059444951419829445,
        "nauc_precision_at_10_diff1": 0.05561369223980354,
        "nauc_precision_at_10_max": 0.1399230914707182,
        "nauc_precision_at_10_std": 0.05341360398411405,
        "nauc_precision_at_1_diff1": 0.03910651998926751,
        "nauc_precision_at_1_max": 0.026328145961899602,
        "nauc_precision_at_1_std": -0.22920579554601564,
        "nauc_precision_at_20_diff1": -0.012947889963818923,
        "nauc_precision_at_20_max": 0.14789831729639705,
        "nauc_precision_at_20_std": 0.027696998491153226,
        "nauc_precision_at_3_diff1": 0.06365709686074589,
        "nauc_precision_at_3_max": 0.12332783931925324,
        "nauc_precision_at_3_std": -0.04426194948062398,
        "nauc_precision_at_5_diff1": 0.012944651718501577,
        "nauc_precision_at_5_max": 0.15330543074318131,
        "nauc_precision_at_5_std": -0.055384931135332376,
        "nauc_recall_at_1000_diff1": NaN,
        "nauc_recall_at_1000_max": NaN,
        "nauc_recall_at_1000_std": NaN,
        "nauc_recall_at_100_diff1": 0.1266144183799455,
        "nauc_recall_at_100_max": 0.0821514842449946,
        "nauc_recall_at_100_std": 0.05944495141982974,
        "nauc_recall_at_10_diff1": 0.055613692239803246,
        "nauc_recall_at_10_max": 0.13992309147071802,
        "nauc_recall_at_10_std": 0.05341360398411392,
        "nauc_recall_at_1_diff1": 0.03910651998926751,
        "nauc_recall_at_1_max": 0.026328145961899602,
        "nauc_recall_at_1_std": -0.22920579554601564,
        "nauc_recall_at_20_diff1": -0.01294788996381904,
        "nauc_recall_at_20_max": 0.14789831729639705,
        "nauc_recall_at_20_std": 0.027696998491153205,
        "nauc_recall_at_3_diff1": 0.06365709686074585,
        "nauc_recall_at_3_max": 0.12332783931925324,
        "nauc_recall_at_3_std": -0.044261949480624146,
        "nauc_recall_at_5_diff1": 0.012944651718501492,
        "nauc_recall_at_5_max": 0.15330543074318134,
        "nauc_recall_at_5_std": -0.055384931135332466,
        "ndcg_at_1": 0.02857,
        "ndcg_at_10": 0.09889,
        "ndcg_at_100": 0.181,
        "ndcg_at_1000": 0.23407,
        "ndcg_at_20": 0.11796,