{
  "dataset_revision": "359b66f11c25d19bc8f7108d98e660a5857f3d26",
  "evaluation_time": 48.72941207885742,
  "kg_co2_emissions": 0.0025614802141011323,
  "mteb_version": "1.14.15",
  "scores": {
    "test": [
      {
        "cv_recall_at_1": 0.37065,
        "cv_recall_at_10": 0.68905,
        "cv_recall_at_100": 0.87811,
        "cv_recall_at_1000": 1.0,
        "cv_recall_at_20": 0.75124,
        "cv_recall_at_3": 0.56219,
        "cv_recall_at_5": 0.62687,
        "hf_subset": "default",
        "languages": [
          "eng-Latn"
        ],
        "main_score": 0.53314,
        "map_at_1": 0.37065,
        "map_at_10": 0.48303,
        "map_at_100": 0.48974,
        "map_at_1000": 0.49053,
        "map_at_20": 0.48692,
        "map_at_3": 0.4602,
        "map_at_5": 0.47475,
        "mrr_at_1": 0.3706467661691542,
        "mrr_at_10": 0.4830342335939352,
        "mrr_at_100": 0.48974469823649086,
        "mrr_at_1000": 0.4905286838265911,
        "mrr_at_20": 0.4869237537026689,
        "mrr_at_3": 0.46019900497512445,
        "mrr_at_5": 0.4747512437810947,
        "nauc_cv_recall_at_1000_diff1": NaN,
        "nauc_cv_recall_at_1000_max": NaN,
        "nauc_cv_recall_at_1000_std": NaN,
        "nauc_cv_recall_at_100_diff1": 0.2962493377575491,
        "nauc_cv_recall_at_100_max": 0.13318894068386786,
        "nauc_cv_recall_at_100_std": -0.8272461427111015,
        "nauc_cv_recall_at_10_diff1": 0.4133498101752582,
        "nauc_cv_recall_at_10_max": 0.2914708321012877,
        "nauc_cv_recall_at_10_std": -0.9084141020428915,
        "nauc_cv_recall_at_1_diff1": 0.5310469367367472,
        "nauc_cv_recall_at_1_max": 0.3165593315830559,
        "nauc_cv_recall_at_1_std": -0.46757823625929695,
        "nauc_cv_recall_at_20_diff1": 0.3760157169947177,
        "nauc_cv_recall_at_20_max": 0.23440656661407427,
        "nauc_cv_recall_at_20_std": -0.9548172155938628,
        "nauc_cv_recall_at_3_diff1": 0.41321575585821185,
        "nauc_cv_recall_at_3_max": 0.4016569171537994,
        "nauc_cv_recall_at_3_std": -0.6791820121594971,
        "nauc_cv_recall_at_5_diff1": 0.40457446337404057,
        "nauc_cv_recall_at_5_max": 0.35081594350733364,
        "nauc_cv_recall_at_5_std": -0.801166048182336,
        "nauc_map_at_1000_diff1": 0.47638350379839595,
        "nauc_map_at_1000_max": 0.3393688799699017,
        "nauc_map_at_1000_std": -0.5860402071351666,
        "nauc_map_at_100_diff1": 0.47594152708877124,
        "nauc_map_at_100_max": 0.338894159676015,
        "nauc_map_at_100_std": -0.5866621460763681,
        "nauc_map_at_10_diff1": 0.47702990184152755,
        "nauc_map_at_10_max": 0.34147429474484225,
        "nauc_map_at_10_std": -0.5898444518147419,
        "nauc_map_at_1_diff1": 0.5310469367367472,
        "nauc_map_at_1_max": 0.3165593315830559,
        "nauc_map_at_1_std": -0.46757823625929695,
        "nauc_map_at_20_diff1": 0.4757676154524498,
        "nauc_map_at_20_max": 0.3396517498680604,
        "nauc_map_at_20_std": -0.5892297896079375,
        "nauc_map_at_3_diff1": 0.47466595669904277,
        "nauc_map_at_3_max": 0.35876673736531245,
        "nauc_map_at_3_std": -0.5567890734479881,
        "nauc_map_at_5_diff1": 0.4750757048396286,
        "nauc_map_at_5_max": 0.3489952341478001,
        "nauc_map_at_5_std": -0.5792605072593365,
        "nauc_mrr_at_1000_diff1": 0.47638350379839595,
        "nauc_mrr_at_1000_max": 0.3393688799699017,
        "nauc_mrr_at_1000_std": -0.5860402071351666,
        "nauc_mrr_at_100_diff1": 0.47594152708877124,
        "nauc_mrr_at_100_max": 0.338894159676015,
        "nauc_mrr_at_100_std": -0.5866621460763681,
        "nauc_mrr_at_10_diff1": 0.47702990184152755,
        "nauc_mrr_at_10_max": 0.34147429474484225,
        "nauc_mrr_at_10_std": -0.5898444518147419,
        "nauc_mrr_at_1_diff1": 0.5310469367367472,
        "nauc_mrr_at_1_max": 0.3165593315830559,
        "nauc_mrr_at_1_std": -0.46757823625929695,
        "nauc_mrr_at_20_diff1": 0.4757676154524498,
        "nauc_mrr_at_20_max": 0.3396517498680604,
        "nauc_mrr_at_20_std": -0.5892297896079375,
        "nauc_mrr_at_3_diff1": 0.47466595669904277,
        "nauc_mrr_at_3_max": 0.35876673736531245,
        "nauc_mrr_at_3_std": -0.5567890734479881,
        "nauc_mrr_at_5_diff1": 0.4750757048396286,
        "nauc_mrr_at_5_max": 0.3489952341478001,
        "nauc_mrr_at_5_std": -0.5792605072593365,
        "nauc_ndcg_at_1000_diff1": 0.4670562839495278,
        "nauc_ndcg_at_1000_max": 0.33303028118161554,
        "nauc_ndcg_at_1000_std": -0.6161341254548354,
        "nauc_ndcg_at_100_diff1": 0.4573346424046445,
        "nauc_ndcg_at_100_max": 0.3217908141258065,
        "nauc_ndcg_at_100_std": -0.6283051064520158,
        "nauc_ndcg_at_10_diff1": 0.4627727854997404,
        "nauc_ndcg_at_10_max": 0.33336250950218577,
        "nauc_ndcg_at_10_std": -0.6549451700895152,
        "nauc_ndcg_at_1_diff1": 0.5310469367367472,
        "nauc_ndcg_at_1_max": 0.3165593315830559,
        "nauc_ndcg_at_1_std": -0.46757823625929695,
        "nauc_ndcg_at_20_diff1": 0.4575983863052601,
        "nauc_ndcg_at_20_max": 0.3249636452772332,
        "nauc_ndcg_at_20_std": -0.6544630826042813,
        "nauc_ndcg_at_3_diff1": 0.45916938100840077,
        "nauc_ndcg_at_3_max": 0.36965388749790445,
        "nauc_ndcg_at_3_std": -0.5870797370691978,
        "nauc_ndcg_at_5_diff1": 0.45845794155738767,
        "nauc_ndcg_at_5_max": 0.3506458136010533,
        "nauc_ndcg_at_5_std": -0.6296566145950452,
        "nauc_precision_at_1000_diff1": NaN,
        "nauc_precision_at_1000_max": NaN,
        "nauc_precision_at_1000_std": NaN,
        "nauc_precision_at_100_diff1": 0.2962493377575506,
        "nauc_precision_at_100_max": 0.13318894068387066,
        "nauc_precision_at_100_std": -0.8272461427111012,
        "nauc_precision_at_10_diff1": 0.4133498101752582,
        "nauc_precision_at_10_max": 0.2914708321012878,
        "nauc_precision_at_10_std": -0.9084141020428914,
        "nauc_precision_at_1_diff1": 0.5310469367367472,
        "nauc_precision_at_1_max": 0.3165593315830559,
        "nauc_precision_at_1_std": -0.46757823625929695,
        "nauc_precision_at_20_diff1": 0.37601571699471753,
        "nauc_precision_at_20_max": 0.23440656661407414,
        "nauc_precision_at_20_std": -0.9548172155938628,
        "nauc_precision_at_3_diff1": 0.41321575585821196,
        "nauc_precision_at_3_max": 0.40165691715379936,
        "nauc_precision_at_3_std": -0.6791820121594974,
        "nauc_precision_at_5_diff1": 0.4045744633740404,
        "nauc_precision_at_5_max": 0.35081594350733314,
        "nauc_precision_at_5_std": -0.8011660481823356,
        "nauc_recall_at_1000_diff1": NaN,
        "nauc_recall_at_1000_max": NaN,
        "nauc_recall_at_1000_std": NaN,
        "nauc_recall_at_100_diff1": 0.2962493377575491,
        "nauc_recall_at_100_max": 0.13318894068386786,
        "nauc_recall_at_100_std": -0.8272461427111015,
        "nauc_recall_at_10_diff1": 0.4133498101752582,
        "nauc_recall_at_10_max": 0.2914708321012877,
        "nauc_recall_at_10_std": -0.9084141020428915,
        "nauc_recall_at_1_diff1": 0.5310469367367472,
        "nauc_recall_at_1_max": 0.3165593315830559,
        "nauc_recall_at_1_std": -0.46757823625929695,
        "nauc_recall_at_20_diff1": 0.3760157169947177,
        "nauc_recall_at_20_max": 0.23440656661407427,
        "nauc_recall_at_20_std": -0.9548172155938628,
        "nauc_recall_at_3_diff1": 0.41321575585821185,
        "nauc_recall_at_3_max": 0.4016569171537994,
        "nauc_recall_at_3_std": -0.6791820121594971,
        "nauc_recall_at_5_diff1": 0.40457446337404057,
        "nauc_recall_at_5_max": 0.35081594350733364,
        "nauc_recall_at_5_std": -0.801166048182336,
        "ndcg_at_1": 0.37065,
        "ndcg_at_10": 0.53314,
        "ndcg_at_100": 0.57098,
        "ndcg_at_1000": 0.58761,
        "ndcg_at_20": 0.54833,
        "ndcg_at_3": 0.48661,
        "ndcg_at_5": 0.51305,
        "precision_at_1": 0.37065,