{
  "dataset_revision": "86f09ebc1703516c76e5f931465e2ed7626a5e52",
  "evaluation_time": 48.000967264175415,
  "kg_co2_emissions": 0.0022735755356843145,
  "mteb_version": "1.14.15",
  "scores": {
    "test": [
      {
        "cv_recall_at_1": 0.05,
        "cv_recall_at_10": 0.29,
        "cv_recall_at_100": 0.58,
        "cv_recall_at_1000": 1.0,
        "cv_recall_at_20": 0.34,
        "cv_recall_at_3": 0.12,
        "cv_recall_at_5": 0.2,
        "hf_subset": "default",
        "languages": [
          "eng-Latn"
        ],
        "main_score": 0.11294,
        "map_at_1": 0.04,
        "map_at_10": 0.10383,
        "map_at_100": 0.1104,
        "map_at_1000": 0.11194,
        "map_at_20": 0.10559,
        "map_at_3": 0.07,
        "map_at_5": 0.088,
        "mrr_at_1": 0.05,
        "mrr_at_10": 0.11138492063492061,
        "mrr_at_100": 0.11972354875035185,
        "mrr_at_1000": 0.12126650392783178,
        "mrr_at_20": 0.11492881546558015,
        "mrr_at_3": 0.08166666666666668,
        "mrr_at_5": 0.09916666666666667,
        "nauc_cv_recall_at_1000_diff1": NaN,
        "nauc_cv_recall_at_1000_max": NaN,
        "nauc_cv_recall_at_1000_std": NaN,
        "nauc_cv_recall_at_100_diff1": -0.2424906405084599,
        "nauc_cv_recall_at_100_max": -0.013553124183765503,
        "nauc_cv_recall_at_100_std": -0.005339988971762034,
        "nauc_cv_recall_at_10_diff1": -0.018927791437166205,
        "nauc_cv_recall_at_10_max": 0.05105558836861115,
        "nauc_cv_recall_at_10_std": -0.0801340604095986,
        "nauc_cv_recall_at_1_diff1": 0.052696538771129536,
        "nauc_cv_recall_at_1_max": 0.23917359806815122,
        "nauc_cv_recall_at_1_std": 0.17590555406493155,
        "nauc_cv_recall_at_20_diff1": -0.08305731471422158,
        "nauc_cv_recall_at_20_max": 0.05821563899414374,
        "nauc_cv_recall_at_20_std": -0.03072418453059173,
        "nauc_cv_recall_at_3_diff1": -0.12662306890342145,
        "nauc_cv_recall_at_3_max": 0.10330774334186336,
        "nauc_cv_recall_at_3_std": -0.06286134015733097,
        "nauc_cv_recall_at_5_diff1": -0.14181465934775586,
        "nauc_cv_recall_at_5_max": 0.07701000968679361,
        "nauc_cv_recall_at_5_std": -0.09350984824023256,
        "nauc_map_at_1000_diff1": -0.002674414197428883,
        "nauc_map_at_1000_max": 0.19349251579236346,
        "nauc_map_at_1000_std": 0.06469949964702085,
        "nauc_map_at_100_diff1": -0.003924735909011306,
        "nauc_map_at_100_max": 0.19127003249471905,
        "nauc_map_at_100_std": 0.06308117782955158,
        "nauc_map_at_10_diff1": 0.009959753221033542,
        "nauc_map_at_10_max": 0.193698024082493,
        "nauc_map_at_10_std": 0.05436779048901665,
        "nauc_map_at_1_diff1": 0.20955191843305612,
        "nauc_map_at_1_max": 0.40273678561845977,
        "nauc_map_at_1_std": 0.3447813254628388,
        "nauc_map_at_20_diff1": 0.004313135177479435,
        "nauc_map_at_20_max": 0.19286478891217498,
        "nauc_map_at_20_std": 0.05895369339475153,
        "nauc_map_at_3_diff1": 0.012323555001493278,
        "nauc_map_at_3_max": 0.25737919929357067,
        "nauc_map_at_3_std": 0.09971820743568754,
        "nauc_map_at_5_diff1": 0.002956974962580958,
        "nauc_map_at_5_max": 0.20897543197739812,
        "nauc_map_at_5_std": 0.04031493831424754,
        "nauc_mrr_at_1000_diff1": -0.0662709834021027,
        "nauc_mrr_at_1000_max": 0.13713266752171835,
        "nauc_mrr_at_1000_std": 0.020909239554254586,
        "nauc_mrr_at_100_diff1": -0.06701053124904405,
        "nauc_mrr_at_100_max": 0.1354674969134777,
        "nauc_mrr_at_100_std": 0.019714344237639327,
        "nauc_mrr_at_10_diff1": -0.04994085995057928,
        "nauc_mrr_at_10_max": 0.1355069348369983,
        "nauc_mrr_at_10_std": 0.00930962818483903,
        "nauc_mrr_at_1_diff1": 0.052696538771129536,
        "nauc_mrr_at_1_max": 0.23917359806815122,
        "nauc_mrr_at_1_std": 0.17590555406493155,
        "nauc_mrr_at_20_diff1": -0.05946919916281448,
        "nauc_mrr_at_20_max": 0.13697124762392718,
        "nauc_mrr_at_20_std": 0.01600915095417352,
        "nauc_mrr_at_3_diff1": -0.06704470585585327,
        "nauc_mrr_at_3_max": 0.15421521204169328,
        "nauc_mrr_at_3_std": 0.023588969664889096,
        "nauc_mrr_at_5_diff1": -0.08039304818747199,
        "nauc_mrr_at_5_max": 0.1435785666370987,
        "nauc_mrr_at_5_std": 0.004069557439928504,
        "nauc_ndcg_at_1000_diff1": -0.04184746226391982,
        "nauc_ndcg_at_1000_max": 0.1580050680949209,
        "nauc_ndcg_at_1000_std": 0.04608129115734963,
        "nauc_ndcg_at_100_diff1": -0.07937013338296167,
        "nauc_ndcg_at_100_max": 0.12039578220007645,
        "nauc_ndcg_at_100_std": 0.030687614032756716,
        "nauc_ndcg_at_10_diff1": -0.014860378030868631,
        "nauc_ndcg_at_10_max": 0.13931172691289323,
        "nauc_ndcg_at_10_std": 0.0029023296929631725,
        "nauc_ndcg_at_1_diff1": 0.20955191843305612,
        "nauc_ndcg_at_1_max": 0.40273678561845977,
        "nauc_ndcg_at_1_std": 0.3447813254628388,
        "nauc_ndcg_at_20_diff1": -0.03216529468433029,
        "nauc_ndcg_at_20_max": 0.1370734986099105,
        "nauc_ndcg_at_20_std": 0.01740180172396722,
        "nauc_ndcg_at_3_diff1": -0.02493007407926907,
        "nauc_ndcg_at_3_max": 0.22531753961513024,
        "nauc_ndcg_at_3_std": 0.05211041011573644,
        "nauc_ndcg_at_5_diff1": -0.03544531182033216,
        "nauc_ndcg_at_5_max": 0.16379056359612465,
        "nauc_ndcg_at_5_std": -0.022218698515349213,
        "nauc_precision_at_1000_diff1": NaN,
        "nauc_precision_at_1000_max": NaN,
        "nauc_precision_at_1000_std": NaN,
        "nauc_precision_at_100_diff1": -0.24249064050845998,
        "nauc_precision_at_100_max": -0.013553124183765215,
        "nauc_precision_at_100_std": -0.005339988971762365,
        "nauc_precision_at_10_diff1": -0.04286271293545059,
        "nauc_precision_at_10_max": 0.06234454199550922,
        "nauc_precision_at_10_std": -0.06574613119647227,
        "nauc_precision_at_1_diff1": 0.20955191843305612,
        "nauc_precision_at_1_max": 0.40273678561845977,
        "nauc_precision_at_1_std": 0.3447813254628388,
        "nauc_precision_at_20_diff1": -0.08305731471422124,
        "nauc_precision_at_20_max": 0.05821563899414409,
        "nauc_precision_at_20_std": -0.030724184530591694,
        "nauc_precision_at_3_diff1": -0.09555326270226741,
        "nauc_precision_at_3_max": 0.16362583989732493,
        "nauc_precision_at_3_std": -0.0384024964139215,
        "nauc_precision_at_5_diff1": -0.09520286516570552,
        "nauc_precision_at_5_max": 0.09310107107426885,
        "nauc_precision_at_5_std": -0.11909606039715519,
        "nauc_recall_at_1000_diff1": NaN,
        "nauc_recall_at_1000_max": NaN,
        "nauc_recall_at_1000_std": NaN,
        "nauc_recall_at_100_diff1": -0.2424906405084599,
        "nauc_recall_at_100_max": -0.013553124183765503,
        "nauc_recall_at_100_std": -0.005339988971762034,
        "nauc_recall_at_10_diff1": -0.04286271293545062,
        "nauc_recall_at_10_max": 0.062344541995509054,
        "nauc_recall_at_10_std": -0.0657461311964721,
        "nauc_recall_at_1_diff1": 0.20955191843305612,
        "nauc_recall_at_1_max": 0.40273678561845977,
        "nauc_recall_at_1_std": 0.3447813254628388,
        "nauc_recall_at_20_diff1": -0.08305731471422158,
        "nauc_recall_at_20_max": 0.05821563899414374,
        "nauc_recall_at_20_std": -0.03072418453059173,
        "nauc_recall_at_3_diff1": -0.09555326270226747,
        "nauc_recall_at_3_max": 0.1636258398973249,
        "nauc_recall_at_3_std": -0.03840249641392159,
        "nauc_recall_at_5_diff1": -0.09520286516570547,
        "nauc_recall_at_5_max": 0.09310107107426903,
        "nauc_recall_at_5_std": -0.11909606039715503,
        "ndcg_at_1": 0.04,
        "ndcg_at_10": 0.15153,
        "ndcg_at_100": 0.20068,
        "ndcg_at_1000": 0.25148,
        "ndcg_at_20": 0.15873,
        "ndcg_at_3": 0.08024,