{
  "dataset_revision": "302cf2008f204285985099dcd46425b00356c610",
  "evaluation_time": 8.539621353149414,
  "kg_co2_emissions": 0.0003386970589742124,
  "mteb_version": "1.14.15",
  "scores": {
    "test": [
      {
        "cv_recall_at_1": 0.09599,
        "cv_recall_at_10": 0.66076,
        "cv_recall_at_100": 1.0,
        "cv_recall_at_1000": 1.0,
        "cv_recall_at_20": 0.94315,
        "cv_recall_at_3": 0.29916,
        "cv_recall_at_5": 0.45294,
        "hf_subset": "default",
        "languages": [
          "eng-Latn"
        ],
        "main_score": 0.34048,
        "map_at_1": 0.09599,
        "map_at_10": 0.24187,
        "map_at_100": 0.26212,
        "map_at_1000": 0.26212,
        "map_at_20": 0.25963,
        "map_at_3": 0.17723,
        "map_at_5": 0.2126,
        "mrr_at_1": 0.09599254426840634,
        "mrr_at_10": 0.241868592730661,
        "mrr_at_100": 0.26212027370000773,
        "mrr_at_1000": 0.26212027370000773,
        "mrr_at_20": 0.25962649129618043,
        "mrr_at_3": 0.1772289530910218,
        "mrr_at_5": 0.21259707983845874,
        "nauc_cv_recall_at_1000_diff1": NaN,
        "nauc_cv_recall_at_1000_max": NaN,
        "nauc_cv_recall_at_1000_std": NaN,
        "nauc_cv_recall_at_100_diff1": NaN,
        "nauc_cv_recall_at_100_max": NaN,
        "nauc_cv_recall_at_100_std": NaN,
        "nauc_cv_recall_at_10_diff1": 0.307107582953326,
        "nauc_cv_recall_at_10_max": 0.37531761317628565,
        "nauc_cv_recall_at_10_std": -0.06810848803067003,
        "nauc_cv_recall_at_1_diff1": 0.37039581102595226,
        "nauc_cv_recall_at_1_max": -0.2532297626078528,
        "nauc_cv_recall_at_1_std": -0.16600503631641578,
        "nauc_cv_recall_at_20_diff1": 0.03745794443155476,
        "nauc_cv_recall_at_20_max": 0.8276316425468203,
        "nauc_cv_recall_at_20_std": 0.5728674253248341,
        "nauc_cv_recall_at_3_diff1": 0.3323030226053674,
        "nauc_cv_recall_at_3_max": -0.0682388698033251,
        "nauc_cv_recall_at_3_std": -0.10985631317483573,
        "nauc_cv_recall_at_5_diff1": 0.18833440814845057,
        "nauc_cv_recall_at_5_max": 0.04412107542427391,
        "nauc_cv_recall_at_5_std": -0.15284102794168153,
        "nauc_map_at_1000_diff1": 0.3401340177254263,
        "nauc_map_at_1000_max": -0.10907416446417507,
        "nauc_map_at_1000_std": -0.1354140873711371,
        "nauc_map_at_100_diff1": 0.3401340177254263,
        "nauc_map_at_100_max": -0.10907416446417507,
        "nauc_map_at_100_std": -0.1354140873711371,
        "nauc_map_at_10_diff1": 0.33966010179734113,
        "nauc_map_at_10_max": -0.07859506422122381,
        "nauc_map_at_10_std": -0.1336726633726261,
        "nauc_map_at_1_diff1": 0.37039581102595226,
        "nauc_map_at_1_max": -0.2532297626078528,
        "nauc_map_at_1_std": -0.16600503631641578,
        "nauc_map_at_20_diff1": 0.3367224627685501,
        "nauc_map_at_20_max": -0.09852524217974949,
        "nauc_map_at_20_std": -0.12744861114972136,
        "nauc_map_at_3_diff1": 0.36816177650832954,
        "nauc_map_at_3_max": -0.1726684961754024,
        "nauc_map_at_3_std": -0.1368118114871905,
        "nauc_map_at_5_diff1": 0.3204614274136523,
        "nauc_map_at_5_max": -0.13682975157553953,
        "nauc_map_at_5_std": -0.15345017671141734,
        "nauc_mrr_at_1000_diff1": 0.3401340177254263,
        "nauc_mrr_at_1000_max": -0.10907416446417507,
        "nauc_mrr_at_1000_std": -0.1354140873711371,
        "nauc_mrr_at_100_diff1": 0.3401340177254263,
        "nauc_mrr_at_100_max": -0.10907416446417507,
        "nauc_mrr_at_100_std": -0.1354140873711371,
        "nauc_mrr_at_10_diff1": 0.33966010179734113,
        "nauc_mrr_at_10_max": -0.07859506422122381,
        "nauc_mrr_at_10_std": -0.1336726633726261,
        "nauc_mrr_at_1_diff1": 0.37039581102595226,
        "nauc_mrr_at_1_max": -0.2532297626078528,
        "nauc_mrr_at_1_std": -0.16600503631641578,
        "nauc_mrr_at_20_diff1": 0.3367224627685501,
        "nauc_mrr_at_20_max": -0.09852524217974949,
        "nauc_mrr_at_20_std": -0.12744861114972136,
        "nauc_mrr_at_3_diff1": 0.36816177650832954,
        "nauc_mrr_at_3_max": -0.1726684961754024,
        "nauc_mrr_at_3_std": -0.1368118114871905,
        "nauc_mrr_at_5_diff1": 0.3204614274136523,
        "nauc_mrr_at_5_max": -0.13682975157553953,
        "nauc_mrr_at_5_std": -0.15345017671141734,
        "nauc_ndcg_at_1000_diff1": 0.3312573354506283,
        "nauc_ndcg_at_1000_max": -0.07648362457549761,
        "nauc_ndcg_at_1000_std": -0.12843236664973226,
        "nauc_ndcg_at_100_diff1": 0.3312573354506283,
        "nauc_ndcg_at_100_max": -0.07648362457549761,
        "nauc_ndcg_at_100_std": -0.12843236664973226,
        "nauc_ndcg_at_10_diff1": 0.32712381768799664,
        "nauc_ndcg_at_10_max": 0.04089281488079391,
        "nauc_ndcg_at_10_std": -0.11613038759219345,
        "nauc_ndcg_at_1_diff1": 0.37039581102595226,
        "nauc_ndcg_at_1_max": -0.2532297626078528,
        "nauc_ndcg_at_1_std": -0.16600503631641578,
        "nauc_ndcg_at_20_diff1": 0.3125100528498072,
        "nauc_ndcg_at_20_max": -0.018805319304054994,
        "nauc_ndcg_at_20_std": -0.08371163053886113,
        "nauc_ndcg_at_3_diff1": 0.35715775450323667,
        "nauc_ndcg_at_3_max": -0.13952924682696335,
        "nauc_ndcg_at_3_std": -0.12813393462437309,
        "nauc_ndcg_at_5_diff1": 0.27990639971874237,
        "nauc_ndcg_at_5_max": -0.08012390116551454,
        "nauc_ndcg_at_5_std": -0.15297853665634722,
        "nauc_precision_at_1000_diff1": 1.0,
        "nauc_precision_at_1000_max": 1.0,
        "nauc_precision_at_1000_std": 1.0,
        "nauc_precision_at_100_diff1": NaN,
        "nauc_precision_at_100_max": NaN,
        "nauc_precision_at_100_std": NaN,
        "nauc_precision_at_10_diff1": 0.30710758295332624,
        "nauc_precision_at_10_max": 0.3753176131762859,
        "nauc_precision_at_10_std": -0.06810848803067042,
        "nauc_precision_at_1_diff1": 0.37039581102595226,
        "nauc_precision_at_1_max": -0.2532297626078528,
        "nauc_precision_at_1_std": -0.16600503631641578,
        "nauc_precision_at_20_diff1": 0.03745794443155412,
        "nauc_precision_at_20_max": 0.8276316425468205,
        "nauc_precision_at_20_std": 0.5728674253248326,
        "nauc_precision_at_3_diff1": 0.3323030226053675,
        "nauc_precision_at_3_max": -0.06823886980332519,
        "nauc_precision_at_3_std": -0.10985631317483598,
        "nauc_precision_at_5_diff1": 0.18833440814845057,
        "nauc_precision_at_5_max": 0.04412107542427378,
        "nauc_precision_at_5_std": -0.15284102794168158,
        "nauc_recall_at_1000_diff1": NaN,
        "nauc_recall_at_1000_max": NaN,
        "nauc_recall_at_1000_std": NaN,
        "nauc_recall_at_100_diff1": NaN,
        "nauc_recall_at_100_max": NaN,
        "nauc_recall_at_100_std": NaN,
        "nauc_recall_at_10_diff1": 0.307107582953326,
        "nauc_recall_at_10_max": 0.37531761317628565,
        "nauc_recall_at_10_std": -0.06810848803067003,
        "nauc_recall_at_1_diff1": 0.37039581102595226,
        "nauc_recall_at_1_max": -0.2532297626078528,
        "nauc_recall_at_1_std": -0.16600503631641578,
        "nauc_recall_at_20_diff1": 0.03745794443155476,
        "nauc_recall_at_20_max": 0.8276316425468203,
        "nauc_recall_at_20_std": 0.5728674253248341,
        "nauc_recall_at_3_diff1": 0.3323030226053674,
        "nauc_recall_at_3_max": -0.0682388698033251,
        "nauc_recall_at_3_std": -0.10985631317483573,
        "nauc_recall_at_5_diff1": 0.18833440814845057,
        "nauc_recall_at_5_max": 0.04412107542427391,
        "nauc_recall_at_5_std": -0.15284102794168153,
        "ndcg_at_1": 0.09599,
        "ndcg_at_10": 0.34048,
        "ndcg_at_100": 0.42203,
        "ndcg_at_1000": 0.42203,
        "ndcg_at_20": 0.4096,
        "ndcg_at_3": 0.20819,
        "ndcg_at_5": 0.27172,
        "precision_at_1": 0.09599,
        "precision_at_10": 0.06608,
        "precision_at_100": 0.01,