{
  "dataset_revision": "503301cd99348035b9675883a543aa1ded0cf07c",
  "evaluation_time": 120.38631224632263,
  "kg_co2_emissions": 0.005373538044309419,
  "mteb_version": "1.14.15",
  "scores": {
    "test": [
      {
        "cv_recall_at_1": 0.00815,
        "cv_recall_at_10": 0.16067,
        "cv_recall_at_100": 0.42806,
        "cv_recall_at_1000": 0.74101,
        "cv_recall_at_20": 0.22542,
        "cv_recall_at_3": 0.06859,
        "cv_recall_at_5": 0.10384,
        "hf_subset": "default",
        "languages": [
          "eng-Latn"
        ],
        "main_score": 0.076,
        "map_at_1": 0.00408,
        "map_at_10": 0.04977,
        "map_at_100": 0.05875,
        "map_at_1000": 0.06005,
        "map_at_20": 0.05419,
        "map_at_3": 0.03389,
        "map_at_5": 0.04225,
        "mrr_at_1": 0.00815347721822542,
        "mrr_at_10": 0.05016187050359703,
        "mrr_at_100": 0.05914973430491786,
        "mrr_at_1000": 0.060445281013505416,
        "mrr_at_20": 0.05458921586185096,
        "mrr_at_3": 0.03453237410071942,
        "mrr_at_5": 0.04266187050359711,
        "nauc_cv_recall_at_1000_diff1": -0.2594162606146624,
        "nauc_cv_recall_at_1000_max": 0.02527179877379626,
        "nauc_cv_recall_at_1000_std": 0.3247440531062365,
        "nauc_cv_recall_at_100_diff1": -0.17343948935400982,
        "nauc_cv_recall_at_100_max": 0.015023289808118121,
        "nauc_cv_recall_at_100_std": 0.1974788724273295,
        "nauc_cv_recall_at_10_diff1": -0.0670813612387584,
        "nauc_cv_recall_at_10_max": -0.007149579260986907,
        "nauc_cv_recall_at_10_std": 0.06321230678828985,
        "nauc_cv_recall_at_1_diff1": -0.5501428368503292,
        "nauc_cv_recall_at_1_max": -0.10584131693997689,
        "nauc_cv_recall_at_1_std": 0.18575892927603022,
        "nauc_cv_recall_at_20_diff1": -0.07797251036579055,
        "nauc_cv_recall_at_20_max": -0.0009963701288160122,
        "nauc_cv_recall_at_20_std": 0.10261431880893014,
        "nauc_cv_recall_at_3_diff1": -0.051217631308857446,
        "nauc_cv_recall_at_3_max": 0.006397278600122743,
        "nauc_cv_recall_at_3_std": 0.030774296805957647,
        "nauc_cv_recall_at_5_diff1": -0.0584457757159593,
        "nauc_cv_recall_at_5_max": 0.0045098269298225755,
        "nauc_cv_recall_at_5_std": 0.04703472761260295,
        "nauc_map_at_1000_diff1": -0.11358726732605987,
        "nauc_map_at_1000_max": -0.0011987222171442392,
        "nauc_map_at_1000_std": 0.07479210592182516,
        "nauc_map_at_100_diff1": -0.11288416586606774,
        "nauc_map_at_100_max": -0.0010824464414900504,
        "nauc_map_at_100_std": 0.07272767244556314,
        "nauc_map_at_10_diff1": -0.10482131063739467,
        "nauc_map_at_10_max": -0.004668437611894301,
        "nauc_map_at_10_std": 0.05515957164314119,
        "nauc_map_at_1_diff1": -0.5501428368503292,
        "nauc_map_at_1_max": -0.1276298552691804,
        "nauc_map_at_1_std": 0.1958127495699112,
        "nauc_map_at_20_diff1": -0.10550576762809079,
        "nauc_map_at_20_max": -0.003156039029329714,
        "nauc_map_at_20_std": 0.06497054816476398,
        "nauc_map_at_3_diff1": -0.10883418298899929,
        "nauc_map_at_3_max": -0.003819970030020639,
        "nauc_map_at_3_std": 0.03874961398464032,
        "nauc_map_at_5_diff1": -0.10449937209172794,
        "nauc_map_at_5_max": -0.0006643648258282965,
        "nauc_map_at_5_std": 0.049390394067125434,
        "nauc_mrr_at_1000_diff1": -0.11661626741555053,
        "nauc_mrr_at_1000_max": -0.00017245133684792087,
        "nauc_mrr_at_1000_std": 0.07856284100450098,
        "nauc_mrr_at_100_diff1": -0.11590640596160909,
        "nauc_mrr_at_100_max": -6.13162665767893e-05,
        "nauc_mrr_at_100_std": 0.07649636989567812,
        "nauc_mrr_at_10_diff1": -0.10809248091298997,
        "nauc_mrr_at_10_max": -0.0035751962490118408,
        "nauc_mrr_at_10_std": 0.05940122803614073,
        "nauc_mrr_at_1_diff1": -0.5501428368503292,
        "nauc_mrr_at_1_max": -0.10584131693997689,
        "nauc_mrr_at_1_std": 0.18575892927603022,
        "nauc_mrr_at_20_diff1": -0.10866443853049197,
        "nauc_mrr_at_20_max": -0.002090490387454398,
        "nauc_mrr_at_20_std": 0.06886581763335166,
        "nauc_mrr_at_3_diff1": -0.11640748442297949,
        "nauc_mrr_at_3_max": -0.0012527452324877218,
        "nauc_mrr_at_3_std": 0.04716520585517097,
        "nauc_mrr_at_5_diff1": -0.10839538556297248,
        "nauc_mrr_at_5_max": 0.0004159577024607514,
        "nauc_mrr_at_5_std": 0.05411499188241356,
        "nauc_ndcg_at_1000_diff1": -0.14473210633013145,
        "nauc_ndcg_at_1000_max": 0.006319279685806654,
        "nauc_ndcg_at_1000_std": 0.14634264069262104,
        "nauc_ndcg_at_100_diff1": -0.13064397436067207,
        "nauc_ndcg_at_100_max": 0.00577987209435542,
        "nauc_ndcg_at_100_std": 0.12267892298020859,
        "nauc_ndcg_at_10_diff1": -0.08691212413641439,
        "nauc_ndcg_at_10_max": -0.005316078540920703,
        "nauc_ndcg_at_10_std": 0.0588857321192142,
        "nauc_ndcg_at_1_diff1": -0.5508451837939362,
        "nauc_ndcg_at_1_max": -0.1170914944995975,
        "nauc_ndcg_at_1_std": 0.18326497757675647,
        "nauc_ndcg_at_20_diff1": -0.09068703071486207,
        "nauc_ndcg_at_20_max": -0.001965121956593522,
        "nauc_ndcg_at_20_std": 0.08146566624036447,
        "nauc_ndcg_at_3_diff1": -0.08580486815029414,
        "nauc_ndcg_at_3_max": -3.4897740753034976e-05,
        "nauc_ndcg_at_3_std": 0.03591673836753651,
        "nauc_ndcg_at_5_diff1": -0.08459489215885714,
        "nauc_ndcg_at_5_max": 0.001783973757060061,
        "nauc_ndcg_at_5_std": 0.048948528481615454,
        "nauc_precision_at_1000_diff1": -0.2803928971763402,
        "nauc_precision_at_1000_max": 0.018638634497595792,
        "nauc_precision_at_1000_std": 0.3106469191380423,
        "nauc_precision_at_100_diff1": -0.19125187829536588,
        "nauc_precision_at_100_max": 0.011069994591459457,
        "nauc_precision_at_100_std": 0.19517945253218874,
        "nauc_precision_at_10_diff1": -0.09952613536493227,
        "nauc_precision_at_10_max": -0.01150012591847694,
        "nauc_precision_at_10_std": 0.06932411758558601,
        "nauc_precision_at_1_diff1": -0.5508451837939362,
        "nauc_precision_at_1_max": -0.1170914944995975,
        "nauc_precision_at_1_std": 0.18326497757675647,
        "nauc_precision_at_20_diff1": -0.10379706309675672,
        "nauc_precision_at_20_max": -0.0048748436722937626,
        "nauc_precision_at_20_std": 0.105440029797299,
        "nauc_precision_at_3_diff1": -0.10883096407190102,
        "nauc_precision_at_3_max": -0.005785743893817955,
        "nauc_precision_at_3_std": 0.042797891048586015,
        "nauc_precision_at_5_diff1": -0.1014940123840641,
        "nauc_precision_at_5_max": -0.0019027300138911205,
        "nauc_precision_at_5_std": 0.057435763536982175,
        "nauc_recall_at_1000_diff1": -0.2594162606146624,
        "nauc_recall_at_1000_max": 0.02527179877379626,
        "nauc_recall_at_1000_std": 0.3247440531062365,
        "nauc_recall_at_100_diff1": -0.17343948935400982,
        "nauc_recall_at_100_max": 0.015023289808118121,
        "nauc_recall_at_100_std": 0.1974788724273295,
        "nauc_recall_at_10_diff1": -0.0670813612387584,
        "nauc_recall_at_10_max": -0.007149579260986907,
        "nauc_recall_at_10_std": 0.06321230678828985,
        "nauc_recall_at_1_diff1": -0.5501428368503292,
        "nauc_recall_at_1_max": -0.1276298552691804,
        "nauc_recall_at_1_std": 0.1958127495699112,
        "nauc_recall_at_20_diff1": -0.07770447339189764,
        "nauc_recall_at_20_max": -0.0010642982632695665,
        "nauc_recall_at_20_std": 0.10268568813090671,
        "nauc_recall_at_3_diff1": -0.04794429307262947,
        "nauc_recall_at_3_max": 0.004895754996844521,
        "nauc_recall_at_3_std": 0.02785724273194842,
        "nauc_recall_at_5_diff1": -0.0584457757159593,
        "nauc_recall_at_5_max": 0.0045098269298225755,