{
  "dataset_revision": "a4cf34ac79215f9e2cd6a10342d84f606fc41cc3",
  "evaluation_time": 406.64317059516907,
  "kg_co2_emissions": 0.01656708261501266,
  "mteb_version": "1.14.15",
  "scores": {
    "test": [
      {
        "cv_recall_at_1": 0.5789,
        "cv_recall_at_10": 0.86767,
        "cv_recall_at_100": 0.98185,
        "cv_recall_at_1000": 0.99906,
        "cv_recall_at_20": 0.91749,
        "cv_recall_at_3": 0.74254,
        "cv_recall_at_5": 0.80099,
        "hf_subset": "default",
        "languages": [
          "eng-Latn"
        ],
        "main_score": 0.48324,
        "map_at_1": 0.11577,
        "map_at_10": 0.36585,
        "map_at_100": 0.40482,
        "map_at_1000": 0.4079,
        "map_at_20": 0.38751,
        "map_at_3": 0.25418,
        "map_at_5": 0.32146,
        "mrr_at_1": 0.5788998516798866,
        "mrr_at_10": 0.6737995692677525,
        "mrr_at_100": 0.6790924865443401,
        "mrr_at_1000": 0.6791871677092818,
        "mrr_at_20": 0.67729597529421,
        "mrr_at_3": 0.6513671245244075,
        "mrr_at_5": 0.6647820339201722,
        "nauc_cv_recall_at_1000_diff1": 0.1766184374357667,
        "nauc_cv_recall_at_1000_max": 0.4453634817373789,
        "nauc_cv_recall_at_1000_std": 0.9280565821536139,
        "nauc_cv_recall_at_100_diff1": 0.3194421453522394,
        "nauc_cv_recall_at_100_max": 0.4813325249236459,
        "nauc_cv_recall_at_100_std": 0.6949273220411617,
        "nauc_cv_recall_at_10_diff1": 0.37375376876364974,
        "nauc_cv_recall_at_10_max": 0.5085901208486496,
        "nauc_cv_recall_at_10_std": 0.25128781926451965,
        "nauc_cv_recall_at_1_diff1": 0.4392699494272595,
        "nauc_cv_recall_at_1_max": 0.5037046026056808,
        "nauc_cv_recall_at_1_std": 0.06582805513630191,
        "nauc_cv_recall_at_20_diff1": 0.3619705047520429,
        "nauc_cv_recall_at_20_max": 0.49976962425990334,
        "nauc_cv_recall_at_20_std": 0.3513180745073369,
        "nauc_cv_recall_at_3_diff1": 0.3984882091140445,
        "nauc_cv_recall_at_3_max": 0.5169427970800873,
        "nauc_cv_recall_at_3_std": 0.13528949759243808,
        "nauc_cv_recall_at_5_diff1": 0.38362517651322614,
        "nauc_cv_recall_at_5_max": 0.5139035014927574,
        "nauc_cv_recall_at_5_std": 0.1790300341761567,
        "nauc_map_at_1000_diff1": 0.24672874575894063,
        "nauc_map_at_1000_max": 0.475994574005743,
        "nauc_map_at_1000_std": 0.15531022792395077,
        "nauc_map_at_100_diff1": 0.24665371089141205,
        "nauc_map_at_100_max": 0.47591147186542265,
        "nauc_map_at_100_std": 0.15544787588504544,
        "nauc_map_at_10_diff1": 0.24250691350053263,
        "nauc_map_at_10_max": 0.47687959862780227,
        "nauc_map_at_10_std": 0.12771186841674,
        "nauc_map_at_1_diff1": 0.43935429904025947,
        "nauc_map_at_1_max": 0.5035712708063297,
        "nauc_map_at_1_std": 0.0656515311395239,
        "nauc_map_at_20_diff1": 0.2452248042332019,
        "nauc_map_at_20_max": 0.47617509973955574,
        "nauc_map_at_20_std": 0.14318209457546854,
        "nauc_map_at_3_diff1": 0.2762032094612323,
        "nauc_map_at_3_max": 0.48355083268773563,
        "nauc_map_at_3_std": 0.08852723012631822,
        "nauc_map_at_5_diff1": 0.24474933638089158,
        "nauc_map_at_5_max": 0.4833308190354514,
        "nauc_map_at_5_std": 0.10598061469752156,
        "nauc_mrr_at_1000_diff1": 0.4232196809464593,
        "nauc_mrr_at_1000_max": 0.507382308640992,
        "nauc_mrr_at_1000_std": 0.09837348137047679,
        "nauc_mrr_at_100_diff1": 0.4231889254614178,
        "nauc_mrr_at_100_max": 0.5073768435317263,
        "nauc_mrr_at_100_std": 0.09856775788719929,
        "nauc_mrr_at_10_diff1": 0.42252051992077405,
        "nauc_mrr_at_10_max": 0.5075146416492641,
        "nauc_mrr_at_10_std": 0.0989881094578037,
        "nauc_mrr_at_1_diff1": 0.4392699494272595,
        "nauc_mrr_at_1_max": 0.5037046026056808,
        "nauc_mrr_at_1_std": 0.06582805513630191,
        "nauc_mrr_at_20_diff1": 0.42282657142167884,
        "nauc_mrr_at_20_max": 0.5073111381148442,
        "nauc_mrr_at_20_std": 0.09937118751741952,
        "nauc_mrr_at_3_diff1": 0.4232634025129921,
        "nauc_mrr_at_3_max": 0.508493279226138,
        "nauc_mrr_at_3_std": 0.09120767971785344,
        "nauc_mrr_at_5_diff1": 0.4219227703894126,
        "nauc_mrr_at_5_max": 0.5077637590014004,
        "nauc_mrr_at_5_std": 0.09643828175618734,
        "nauc_ndcg_at_1000_diff1": 0.2866652849822448,
        "nauc_ndcg_at_1000_max": 0.4789659838126151,
        "nauc_ndcg_at_1000_std": 0.19748966251688405,
        "nauc_ndcg_at_100_diff1": 0.28128559595753116,
        "nauc_ndcg_at_100_max": 0.47546850589446477,
        "nauc_ndcg_at_100_std": 0.21211491578020134,
        "nauc_ndcg_at_10_diff1": 0.27474202229232797,
        "nauc_ndcg_at_10_max": 0.4808102212136105,
        "nauc_ndcg_at_10_std": 0.14322923918131567,
        "nauc_ndcg_at_1_diff1": 0.4393542990402596,
        "nauc_ndcg_at_1_max": 0.5035712708063295,
        "nauc_ndcg_at_1_std": 0.06565153113952388,
        "nauc_ndcg_at_20_diff1": 0.2781531006154725,
        "nauc_ndcg_at_20_max": 0.4783887447429309,
        "nauc_ndcg_at_20_std": 0.17150664988424494,
        "nauc_ndcg_at_3_diff1": 0.3032905057718674,
        "nauc_ndcg_at_3_max": 0.49013846114593557,
        "nauc_ndcg_at_3_std": 0.0947742671922182,
        "nauc_ndcg_at_5_diff1": 0.2786681541542872,
        "nauc_ndcg_at_5_max": 0.4887866262166755,
        "nauc_ndcg_at_5_std": 0.11383281411411085,
        "nauc_precision_at_1000_diff1": 0.09029895177623234,
        "nauc_precision_at_1000_max": 0.2112748803210293,
        "nauc_precision_at_1000_std": 0.6946796347470777,
        "nauc_precision_at_100_diff1": 0.17071181115138515,
        "nauc_precision_at_100_max": 0.3371093880374802,
        "nauc_precision_at_100_std": 0.4277412755944783,
        "nauc_precision_at_10_diff1": 0.21318962770961417,
        "nauc_precision_at_10_max": 0.4365162264567554,
        "nauc_precision_at_10_std": 0.17677688640631387,
        "nauc_precision_at_1_diff1": 0.4393542990402596,
        "nauc_precision_at_1_max": 0.5035712708063295,
        "nauc_precision_at_1_std": 0.06565153113952388,
        "nauc_precision_at_20_diff1": 0.20513022099587652,
        "nauc_precision_at_20_max": 0.40475271659145484,
        "nauc_precision_at_20_std": 0.23673021253587995,
        "nauc_precision_at_3_diff1": 0.2621053849211312,
        "nauc_precision_at_3_max": 0.48187975289657436,
        "nauc_precision_at_3_std": 0.10271636322127667,
        "nauc_precision_at_5_diff1": 0.22800181735353522,
        "nauc_precision_at_5_max": 0.47117366584761267,
        "nauc_precision_at_5_std": 0.12837722972730464,
        "nauc_recall_at_1000_diff1": 0.09029895177623438,
        "nauc_recall_at_1000_max": 0.21127488032103212,
        "nauc_recall_at_1000_std": 0.6946796347470792,
        "nauc_recall_at_100_diff1": 0.17071181115138656,
        "nauc_recall_at_100_max": 0.3371093880374807,
        "nauc_recall_at_100_std": 0.4277412755944799,
        "nauc_recall_at_10_diff1": 0.21318962770961417,
        "nauc_recall_at_10_max": 0.4365162264567554,
        "nauc_recall_at_10_std": 0.17677688640631387,
        "nauc_recall_at_1_diff1": 0.43935429904025947,
        "nauc_recall_at_1_max": 0.5035712708063297,
        "nauc_recall_at_1_std": 0.0656515311395239,
        "nauc_recall_at_20_diff1": 0.20513022099587652,
        "nauc_recall_at_20_max": 0.40475271659145484,
        "nauc_recall_at_20_std": 0.23673021253587995,
        "nauc_recall_at_3_diff1": 0.26210538492113084,
        "nauc_recall_at_3_max": 0.4818797528965742,
        "nauc_recall_at_3_std": 0.10271636322127665,
        "nauc_recall_at_5_diff1": 0.22800181735353522,
        "nauc_recall_at_5_max": 0.47117366584761267,
        "nauc_recall_at_5_std": 0.12837722972730464,
        "ndcg_at_1": 0.57887,
        "ndcg_at_10": 0.48324,
        "ndcg_at_100": 0.58747,
        "ndcg_at_1000": 0.62339,