{
  "dataset_revision": "c9583e052be7ad52d870c62a207a2e887ba9b8aa",
  "evaluation_time": 171.70372796058655,
  "kg_co2_emissions": 0.00804626226835134,
  "mteb_version": "1.14.15",
  "scores": {
    "test": [
      {
        "cv_recall_at_1": 0.09198,
        "cv_recall_at_10": 0.48396,
        "cv_recall_at_100": 0.93019,
        "cv_recall_at_1000": 0.99104,
        "cv_recall_at_20": 0.6816,
        "cv_recall_at_3": 0.21651,
        "cv_recall_at_5": 0.31462,
        "hf_subset": "default",
        "languages": [
          "eng-Latn"
        ],
        "main_score": 0.25758,
        "map_at_1": 0.09198,
        "map_at_10": 0.18902,
        "map_at_100": 0.21011,
        "map_at_1000": 0.21042,
        "map_at_20": 0.20278,
        "map_at_3": 0.1445,
        "map_at_5": 0.16681,
        "mrr_at_1": 0.09198113207547169,
        "mrr_at_10": 0.18902459568733118,
        "mrr_at_100": 0.21010593532090946,
        "mrr_at_1000": 0.21041693982653184,
        "mrr_at_20": 0.2027842545822193,
        "mrr_at_3": 0.14449685534591203,
        "mrr_at_5": 0.16680817610062854,
        "nauc_cv_recall_at_1000_diff1": 0.15288220551377227,
        "nauc_cv_recall_at_1000_max": 0.4041476239618502,
        "nauc_cv_recall_at_1000_std": 0.3487640670303095,
        "nauc_cv_recall_at_100_diff1": -0.21053196053196105,
        "nauc_cv_recall_at_100_max": 0.41410528175233885,
        "nauc_cv_recall_at_100_std": 0.35397582456405857,
        "nauc_cv_recall_at_10_diff1": 0.04762181547273061,
        "nauc_cv_recall_at_10_max": 0.00020687474140652568,
        "nauc_cv_recall_at_10_std": -0.05708367864540168,
        "nauc_cv_recall_at_1_diff1": 0.0689700246984928,
        "nauc_cv_recall_at_1_max": -0.021690642779990797,
        "nauc_cv_recall_at_1_std": -0.08146512283888184,
        "nauc_cv_recall_at_20_diff1": 0.01700344614730571,
        "nauc_cv_recall_at_20_max": 0.04201192865698393,
        "nauc_cv_recall_at_20_std": 0.021602397177675047,
        "nauc_cv_recall_at_3_diff1": 0.030596743479470223,
        "nauc_cv_recall_at_3_max": 0.0007916639921262916,
        "nauc_cv_recall_at_3_std": -0.07137518601890393,
        "nauc_cv_recall_at_5_diff1": 0.042343372422865476,
        "nauc_cv_recall_at_5_max": -0.0015319013230287687,
        "nauc_cv_recall_at_5_std": -0.05809329222109246,
        "nauc_map_at_1000_diff1": 0.04476701433279289,
        "nauc_map_at_1000_max": -0.0032047431712512466,
        "nauc_map_at_1000_std": -0.06179580895202995,
        "nauc_map_at_100_diff1": 0.044388355912191424,
        "nauc_map_at_100_max": -0.0026548702096953485,
        "nauc_map_at_100_std": -0.06128436326662391,
        "nauc_map_at_10_diff1": 0.0483085414375053,
        "nauc_map_at_10_max": -0.00794150903764129,
        "nauc_map_at_10_std": -0.06858249705507906,
        "nauc_map_at_1_diff1": 0.0689700246984928,
        "nauc_map_at_1_max": -0.021690642779990797,
        "nauc_map_at_1_std": -0.08146512283888184,
        "nauc_map_at_20_diff1": 0.04602527307585771,
        "nauc_map_at_20_max": -0.006207125150576273,
        "nauc_map_at_20_std": -0.06266743447006752,
        "nauc_map_at_3_diff1": 0.043816418323946386,
        "nauc_map_at_3_max": -0.009101852319099938,
        "nauc_map_at_3_std": -0.07501162148351953,
        "nauc_map_at_5_diff1": 0.04632235056420648,
        "nauc_map_at_5_max": -0.00952948048164527,
        "nauc_map_at_5_std": -0.06981387551520404,
        "nauc_mrr_at_1000_diff1": 0.04476701433279289,
        "nauc_mrr_at_1000_max": -0.0032047431712512466,
        "nauc_mrr_at_1000_std": -0.06179580895202995,
        "nauc_mrr_at_100_diff1": 0.044388355912191424,
        "nauc_mrr_at_100_max": -0.0026548702096953485,
        "nauc_mrr_at_100_std": -0.06128436326662391,
        "nauc_mrr_at_10_diff1": 0.0483085414375053,
        "nauc_mrr_at_10_max": -0.00794150903764129,
        "nauc_mrr_at_10_std": -0.06858249705507906,
        "nauc_mrr_at_1_diff1": 0.0689700246984928,
        "nauc_mrr_at_1_max": -0.021690642779990797,
        "nauc_mrr_at_1_std": -0.08146512283888184,
        "nauc_mrr_at_20_diff1": 0.04602527307585771,
        "nauc_mrr_at_20_max": -0.006207125150576273,
        "nauc_mrr_at_20_std": -0.06266743447006752,
        "nauc_mrr_at_3_diff1": 0.043816418323946386,
        "nauc_mrr_at_3_max": -0.009101852319099938,
        "nauc_mrr_at_3_std": -0.07501162148351953,
        "nauc_mrr_at_5_diff1": 0.04632235056420648,
        "nauc_mrr_at_5_max": -0.00952948048164527,
        "nauc_mrr_at_5_std": -0.06981387551520404,
        "nauc_ndcg_at_1000_diff1": 0.039240824075994434,
        "nauc_ndcg_at_1000_max": 0.009569818413264252,
        "nauc_ndcg_at_1000_std": -0.04765463369149513,
        "nauc_ndcg_at_100_diff1": 0.0279489645527277,
        "nauc_ndcg_at_100_max": 0.024971271790026638,
        "nauc_ndcg_at_100_std": -0.03265430704845213,
        "nauc_ndcg_at_10_diff1": 0.047707915072769884,
        "nauc_ndcg_at_10_max": -0.004957336270590575,
        "nauc_ndcg_at_10_std": -0.06461698766050779,
        "nauc_ndcg_at_1_diff1": 0.0689700246984928,
        "nauc_ndcg_at_1_max": -0.021690642779990797,
        "nauc_ndcg_at_1_std": -0.08146512283888184,
        "nauc_ndcg_at_20_diff1": 0.039347888704487737,
        "nauc_ndcg_at_20_max": 0.004613291885270436,
        "nauc_ndcg_at_20_std": -0.043419360167150325,
        "nauc_ndcg_at_3_diff1": 0.039500440752237916,
        "nauc_ndcg_at_3_max": -0.005970506784615843,
        "nauc_ndcg_at_3_std": -0.07383176398201806,
        "nauc_ndcg_at_5_diff1": 0.04457967796892161,
        "nauc_ndcg_at_5_max": -0.006808497261327757,
        "nauc_ndcg_at_5_std": -0.06597810611832564,
        "nauc_precision_at_1000_diff1": 0.15288220551378467,
        "nauc_precision_at_1000_max": 0.40414762396187887,
        "nauc_precision_at_1000_std": 0.3487640670303218,
        "nauc_precision_at_100_diff1": -0.21053196053196072,
        "nauc_precision_at_100_max": 0.4141052817523408,
        "nauc_precision_at_100_std": 0.3539758245640597,
        "nauc_precision_at_10_diff1": 0.047621815472730485,
        "nauc_precision_at_10_max": 0.00020687474140684993,
        "nauc_precision_at_10_std": -0.057083678645401696,
        "nauc_precision_at_1_diff1": 0.0689700246984928,
        "nauc_precision_at_1_max": -0.021690642779990797,
        "nauc_precision_at_1_std": -0.08146512283888184,
        "nauc_precision_at_20_diff1": 0.017003446147304983,
        "nauc_precision_at_20_max": 0.04201192865698332,
        "nauc_precision_at_20_std": 0.021602397177674378,
        "nauc_precision_at_3_diff1": 0.030596743479470223,
        "nauc_precision_at_3_max": 0.0007916639921262368,
        "nauc_precision_at_3_std": -0.07137518601890394,
        "nauc_precision_at_5_diff1": 0.04234337242286556,
        "nauc_precision_at_5_max": -0.0015319013230284868,
        "nauc_precision_at_5_std": -0.05809329222109231,
        "nauc_recall_at_1000_diff1": 0.15288220551377227,
        "nauc_recall_at_1000_max": 0.4041476239618502,
        "nauc_recall_at_1000_std": 0.3487640670303095,
        "nauc_recall_at_100_diff1": -0.21053196053196105,
        "nauc_recall_at_100_max": 0.41410528175233885,
        "nauc_recall_at_100_std": 0.35397582456405857,
        "nauc_recall_at_10_diff1": 0.04762181547273061,
        "nauc_recall_at_10_max": 0.00020687474140652568,
        "nauc_recall_at_10_std": -0.05708367864540168,
        "nauc_recall_at_1_diff1": 0.0689700246984928,
        "nauc_recall_at_1_max": -0.021690642779990797,
        "nauc_recall_at_1_std": -0.08146512283888184,
        "nauc_recall_at_20_diff1": 0.01700344614730571,
        "nauc_recall_at_20_max": 0.04201192865698393,
        "nauc_recall_at_20_std": 0.021602397177675047,
        "nauc_recall_at_3_diff1": 0.030596743479470223,
        "nauc_recall_at_3_max": 0.0007916639921262916,
        "nauc_recall_at_3_std": -0.07137518601890393,
        "nauc_recall_at_5_diff1": 0.042343372422865476,
        "nauc_recall_at_5_max": -0.0015319013230287687,