{
  "dataset_revision": "b71b5f67a93aa63761b79a67bcf28bd2ae590902",
  "evaluation_time": 3.8682615756988525,
  "kg_co2_emissions": 0.00015673519302288256,
  "mteb_version": "1.14.15",
  "scores": {
    "test": [
      {
        "cv_recall_at_1": 0.94118,
        "cv_recall_at_10": 1.0,
        "cv_recall_at_100": 1.0,
        "cv_recall_at_1000": 1.0,
        "cv_recall_at_20": 1.0,
        "cv_recall_at_3": 0.97059,
        "cv_recall_at_5": 0.97059,
        "hf_subset": "default",
        "languages": [
          "eng-Latn"
        ],
        "main_score": 0.94118,
        "map_at_1": 0.22135,
        "map_at_10": 0.49924,
        "map_at_100": 0.74887,
        "map_at_1000": 0.82055,
        "map_at_20": 0.59294,
        "map_at_3": 0.33501,
        "map_at_5": 0.39851,
        "mrr_at_1": 0.9411764705882353,
        "mrr_at_10": 0.9576330532212886,
        "mrr_at_100": 0.9576330532212886,
        "mrr_at_1000": 0.9576330532212886,
        "mrr_at_20": 0.9576330532212886,
        "mrr_at_3": 0.9534313725490196,
        "mrr_at_5": 0.9534313725490196,
        "nauc_cv_recall_at_1000_diff1": NaN,
        "nauc_cv_recall_at_1000_max": NaN,
        "nauc_cv_recall_at_1000_std": NaN,
        "nauc_cv_recall_at_100_diff1": NaN,
        "nauc_cv_recall_at_100_max": NaN,
        "nauc_cv_recall_at_100_std": NaN,
        "nauc_cv_recall_at_10_diff1": NaN,
        "nauc_cv_recall_at_10_max": NaN,
        "nauc_cv_recall_at_10_std": NaN,
        "nauc_cv_recall_at_1_diff1": 0.061781148107207196,
        "nauc_cv_recall_at_1_max": 0.8275652701882211,
        "nauc_cv_recall_at_1_std": 0.4137733577592924,
        "nauc_cv_recall_at_20_diff1": NaN,
        "nauc_cv_recall_at_20_max": NaN,
        "nauc_cv_recall_at_20_std": NaN,
        "nauc_cv_recall_at_3_diff1": 0.14808886902754712,
        "nauc_cv_recall_at_3_max": 0.9344262295081976,
        "nauc_cv_recall_at_3_std": 0.9344262295081976,
        "nauc_cv_recall_at_5_diff1": 0.14808886902754712,
        "nauc_cv_recall_at_5_max": 0.9344262295081976,
        "nauc_cv_recall_at_5_std": 0.9344262295081976,
        "nauc_map_at_1000_diff1": 0.03725430500860706,
        "nauc_map_at_1000_max": 0.24281144742197514,
        "nauc_map_at_1000_std": -0.009764755452695992,
        "nauc_map_at_100_diff1": 0.26987927674587764,
        "nauc_map_at_100_max": -0.08998552763967307,
        "nauc_map_at_100_std": -0.46336496179379927,
        "nauc_map_at_10_diff1": 0.5518333588434684,
        "nauc_map_at_10_max": -0.4690657108816261,
        "nauc_map_at_10_std": -0.5884362856372379,
        "nauc_map_at_1_diff1": 0.7717036042112146,
        "nauc_map_at_1_max": -0.32740381070040625,
        "nauc_map_at_1_std": -0.38500323028943173,
        "nauc_map_at_20_diff1": 0.4758643407876938,
        "nauc_map_at_20_max": -0.4017420088460236,
        "nauc_map_at_20_std": -0.6466557471646853,
        "nauc_map_at_3_diff1": 0.6910167655350608,
        "nauc_map_at_3_max": -0.4221670241324321,
        "nauc_map_at_3_std": -0.45607214483424835,
        "nauc_map_at_5_diff1": 0.629780993147129,
        "nauc_map_at_5_max": -0.4481835361924088,
        "nauc_map_at_5_std": -0.5086531659040505,
        "nauc_mrr_at_1000_diff1": 0.08675730197666734,
        "nauc_mrr_at_1000_max": 0.8478776839432576,
        "nauc_mrr_at_1000_std": 0.48579360239915104,
        "nauc_mrr_at_100_diff1": 0.08675730197666734,
        "nauc_mrr_at_100_max": 0.8478776839432576,
        "nauc_mrr_at_100_std": 0.48579360239915104,
        "nauc_mrr_at_10_diff1": 0.08675730197666734,
        "nauc_mrr_at_10_max": 0.8478776839432576,
        "nauc_mrr_at_10_std": 0.48579360239915104,
        "nauc_mrr_at_1_diff1": 0.061781148107207196,
        "nauc_mrr_at_1_max": 0.8275652701882211,
        "nauc_mrr_at_1_std": 0.4137733577592924,
        "nauc_mrr_at_20_diff1": 0.08675730197666734,
        "nauc_mrr_at_20_max": 0.8478776839432576,
        "nauc_mrr_at_20_std": 0.48579360239915104,
        "nauc_mrr_at_3_diff1": 0.0922909771993061,
        "nauc_mrr_at_3_max": 0.8556865752724243,
        "nauc_mrr_at_3_std": 0.5262717341683911,
        "nauc_mrr_at_5_diff1": 0.0922909771993061,
        "nauc_mrr_at_5_max": 0.8556865752724243,
        "nauc_mrr_at_5_std": 0.5262717341683911,
        "nauc_ndcg_at_1000_diff1": -0.005612091955600003,
        "nauc_ndcg_at_1000_max": 0.4034844011611751,
        "nauc_ndcg_at_1000_std": 0.12092371663205738,
        "nauc_ndcg_at_100_diff1": 0.0739955123646233,
        "nauc_ndcg_at_100_max": 0.219912938642972,
        "nauc_ndcg_at_100_std": -0.08951155159423975,
        "nauc_ndcg_at_10_diff1": -0.09276816372169498,
        "nauc_ndcg_at_10_max": 0.562515983510049,
        "nauc_ndcg_at_10_std": 0.1038018877035792,
        "nauc_ndcg_at_1_diff1": 0.061781148107207196,
        "nauc_ndcg_at_1_max": 0.8275652701882211,
        "nauc_ndcg_at_1_std": 0.4137733577592924,
        "nauc_ndcg_at_20_diff1": -0.014271164842345512,
        "nauc_ndcg_at_20_max": 0.4257920101030212,
        "nauc_ndcg_at_20_std": 0.07432980863083927,
        "nauc_ndcg_at_3_diff1": -0.1754488537808819,
        "nauc_ndcg_at_3_max": 0.7749483781763203,
        "nauc_ndcg_at_3_std": 0.24741769789292237,
        "nauc_ndcg_at_5_diff1": -0.14882365065578995,
        "nauc_ndcg_at_5_max": 0.6623108932191639,
        "nauc_ndcg_at_5_std": 0.21318215618835173,
        "nauc_precision_at_1000_diff1": -0.4587519293416194,
        "nauc_precision_at_1000_max": 0.49904619910206705,
        "nauc_precision_at_1000_std": 0.7202947595089877,
        "nauc_precision_at_100_diff1": -0.5236697578534689,
        "nauc_precision_at_100_max": 0.5612498771731244,
        "nauc_precision_at_100_std": 0.6868519762135885,
        "nauc_precision_at_10_diff1": -0.8234059559368127,
        "nauc_precision_at_10_max": 0.6189408131921775,
        "nauc_precision_at_10_std": 0.4618263515186825,
        "nauc_precision_at_1_diff1": 0.061781148107207196,
        "nauc_precision_at_1_max": 0.8275652701882211,
        "nauc_precision_at_1_std": 0.4137733577592924,
        "nauc_precision_at_20_diff1": -0.7155420244882847,
        "nauc_precision_at_20_max": 0.6632730003277499,
        "nauc_precision_at_20_std": 0.540027227727089,
        "nauc_precision_at_3_diff1": -0.8626022457707242,
        "nauc_precision_at_3_max": 0.636844484418229,
        "nauc_precision_at_3_std": 0.4376149018501489,
        "nauc_precision_at_5_diff1": -0.8919541681054525,
        "nauc_precision_at_5_max": 0.5997342503404953,
        "nauc_precision_at_5_std": 0.4505683630644648,
        "nauc_recall_at_1000_diff1": NaN,
        "nauc_recall_at_1000_max": NaN,
        "nauc_recall_at_1000_std": NaN,
        "nauc_recall_at_100_diff1": 0.4937617737564727,
        "nauc_recall_at_100_max": -0.46768593292111454,
        "nauc_recall_at_100_std": -0.8774124196522994,
        "nauc_recall_at_10_diff1": 0.5828319041983452,
        "nauc_recall_at_10_max": -0.513013847520961,
        "nauc_recall_at_10_std": -0.6218574461145404,
        "nauc_recall_at_1_diff1": 0.7717036042112146,
        "nauc_recall_at_1_max": -0.32740381070040625,
        "nauc_recall_at_1_std": -0.38500323028943173,
        "nauc_recall_at_20_diff1": 0.5193573235411936,
        "nauc_recall_at_20_max": -0.4957088983807463,
        "nauc_recall_at_20_std": -0.7317844913738959,
        "nauc_recall_at_3_diff1": 0.7008538918234216,
        "nauc_recall_at_3_max": -0.4226274646845693,
        "nauc_recall_at_3_std": -0.45849620129477137,
        "nauc_recall_at_5_diff1": 0.6430295396449236,
        "nauc_recall_at_5_max": -0.4544244377684784,
        "nauc_recall_at_5_std": -0.5143446893856143,
        "ndcg_at_1": 0.94118,
        "ndcg_at_10": 0.89684,
        "ndcg_at_100": 0.89467,
        "ndcg_at_1000": 0.92901,
        "ndcg_at_20": 0.87633,
        "ndcg_at_3": 0.91403,
        "ndcg_at_5": 0.91019,
        "precision_at_1": 0.94118,
        "precision_at_10": 0.65,
        "precision_at_100": 0.26706,
        "precision_at_1000": 0.04454,