{
  "dataset_revision": "d3e0adf4e942446c04427511ccce281c86861248",
  "evaluation_time": 8.825759410858154,
  "kg_co2_emissions": 0.0003916044865770384,
  "mteb_version": "1.14.15",
  "scores": {
    "test": [
      {
        "cv_recall_at_1": 0.4,
        "cv_recall_at_10": 0.67143,
        "cv_recall_at_100": 1.0,
        "cv_recall_at_1000": 1.0,
        "cv_recall_at_20": 0.81429,
        "cv_recall_at_3": 0.52857,
        "cv_recall_at_5": 0.57143,
        "hf_subset": "default",
        "languages": [
          "eng-Latn"
        ],
        "main_score": 0.4,
        "map_at_1": 0.00601,
        "map_at_10": 0.05758,
        "map_at_100": 0.29178,
        "map_at_1000": 0.46663,
        "map_at_20": 0.11518,
        "map_at_3": 0.01731,
        "map_at_5": 0.02852,
        "mrr_at_1": 0.4,
        "mrr_at_10": 0.472358276643991,
        "mrr_at_100": 0.4885847381358485,
        "mrr_at_1000": 0.4885847381358485,
        "mrr_at_20": 0.4833018428816748,
        "mrr_at_3": 0.45,
        "mrr_at_5": 0.45857142857142846,
        "nauc_cv_recall_at_1000_diff1": NaN,
        "nauc_cv_recall_at_1000_max": NaN,
        "nauc_cv_recall_at_1000_std": NaN,
        "nauc_cv_recall_at_100_diff1": NaN,
        "nauc_cv_recall_at_100_max": NaN,
        "nauc_cv_recall_at_100_std": NaN,
        "nauc_cv_recall_at_10_diff1": 0.3795202638791201,
        "nauc_cv_recall_at_10_max": -0.6868133200747004,
        "nauc_cv_recall_at_10_std": -0.8497974824767763,
        "nauc_cv_recall_at_1_diff1": -0.0012137707812271469,
        "nauc_cv_recall_at_1_max": -0.5578564072384878,
        "nauc_cv_recall_at_1_std": -0.7175959982345155,
        "nauc_cv_recall_at_20_diff1": 0.5346250859894514,
        "nauc_cv_recall_at_20_max": -0.6221432393181986,
        "nauc_cv_recall_at_20_std": -0.9897194832989371,
        "nauc_cv_recall_at_3_diff1": 0.29426873982863044,
        "nauc_cv_recall_at_3_max": -0.6369090802141133,
        "nauc_cv_recall_at_3_std": -0.7897296131448405,
        "nauc_cv_recall_at_5_diff1": 0.26172484599589313,
        "nauc_cv_recall_at_5_max": -0.738891170431211,
        "nauc_cv_recall_at_5_std": -0.8463860369609854,
        "nauc_map_at_1000_diff1": 0.0458112627964295,
        "nauc_map_at_1000_max": -0.37019493916957297,
        "nauc_map_at_1000_std": -0.45158713315456944,
        "nauc_map_at_100_diff1": 0.0654623886291795,
        "nauc_map_at_100_max": -0.5013015865084031,
        "nauc_map_at_100_std": -0.5852804188153955,
        "nauc_map_at_10_diff1": 0.024868784763278716,
        "nauc_map_at_10_max": -0.49343654105455226,
        "nauc_map_at_10_std": -0.6028971622466375,
        "nauc_map_at_1_diff1": 0.002354242610782093,
        "nauc_map_at_1_max": -0.4632629305862443,
        "nauc_map_at_1_std": -0.6107960208281065,
        "nauc_map_at_20_diff1": 0.04333425189997708,
        "nauc_map_at_20_max": -0.49788662405417117,
        "nauc_map_at_20_std": -0.602174161405808,
        "nauc_map_at_3_diff1": 0.017347922980226336,
        "nauc_map_at_3_max": -0.4774855186102003,
        "nauc_map_at_3_std": -0.6091769081084619,
        "nauc_map_at_5_diff1": 0.02781073941218795,
        "nauc_map_at_5_max": -0.490539970422935,
        "nauc_map_at_5_std": -0.6049024689132876,
        "nauc_mrr_at_1000_diff1": 0.12158528492485525,
        "nauc_mrr_at_1000_max": -0.5804158093832001,
        "nauc_mrr_at_1000_std": -0.7494953482671285,
        "nauc_mrr_at_100_diff1": 0.12158528492485525,
        "nauc_mrr_at_100_max": -0.5804158093832001,
        "nauc_mrr_at_100_std": -0.7494953482671285,
        "nauc_mrr_at_10_diff1": 0.12666619609332178,
        "nauc_mrr_at_10_max": -0.5836093342289589,
        "nauc_mrr_at_10_std": -0.7474200539778558,
        "nauc_mrr_at_1_diff1": -0.0012137707812271469,
        "nauc_mrr_at_1_max": -0.5578564072384878,
        "nauc_mrr_at_1_std": -0.7175959982345155,
        "nauc_mrr_at_20_diff1": 0.12803203060922583,
        "nauc_mrr_at_20_max": -0.5822987075658274,
        "nauc_mrr_at_20_std": -0.7519423407715191,
        "nauc_mrr_at_3_diff1": 0.12447720077686447,
        "nauc_mrr_at_3_max": -0.5754164352701615,
        "nauc_mrr_at_3_std": -0.7419779930157477,
        "nauc_mrr_at_5_diff1": 0.11697395648378679,
        "nauc_mrr_at_5_max": -0.5937419094696155,
        "nauc_mrr_at_5_std": -0.7520400005317197,
        "nauc_ndcg_at_1000_diff1": 0.07418329023119168,
        "nauc_ndcg_at_1000_max": -0.35189504554899786,
        "nauc_ndcg_at_1000_std": -0.471685195552155,
        "nauc_ndcg_at_100_diff1": 0.1360546556589777,
        "nauc_ndcg_at_100_max": -0.49076661893834617,
        "nauc_ndcg_at_100_std": -0.5680362791789446,
        "nauc_ndcg_at_10_diff1": 0.14988252612656697,
        "nauc_ndcg_at_10_max": -0.6021532474925674,
        "nauc_ndcg_at_10_std": -0.7176719078573733,
        "nauc_ndcg_at_1_diff1": -0.0012137707812271469,
        "nauc_ndcg_at_1_max": -0.5578564072384878,
        "nauc_ndcg_at_1_std": -0.7175959982345155,
        "nauc_ndcg_at_20_diff1": 0.1933020195420103,
        "nauc_ndcg_at_20_max": -0.6051610264545653,
        "nauc_ndcg_at_20_std": -0.7300686140650375,
        "nauc_ndcg_at_3_diff1": 0.09107108975485773,
        "nauc_ndcg_at_3_max": -0.5737334204457307,
        "nauc_ndcg_at_3_std": -0.719838720845944,
        "nauc_ndcg_at_5_diff1": 0.11896201386596106,
        "nauc_ndcg_at_5_max": -0.5940393565745155,
        "nauc_ndcg_at_5_std": -0.7133057937536608,
        "nauc_precision_at_1000_diff1": 0.030540700721223942,
        "nauc_precision_at_1000_max": 0.33659590921479876,
        "nauc_precision_at_1000_std": 0.21762719713425482,
        "nauc_precision_at_100_diff1": 0.13585754647096876,
        "nauc_precision_at_100_max": -0.24057384504764168,
        "nauc_precision_at_100_std": -0.2560239374924266,
        "nauc_precision_at_10_diff1": 0.1765579527959572,
        "nauc_precision_at_10_max": -0.6097580389956568,
        "nauc_precision_at_10_std": -0.7174668936850952,
        "nauc_precision_at_1_diff1": -0.0012137707812271469,
        "nauc_precision_at_1_max": -0.5578564072384878,
        "nauc_precision_at_1_std": -0.7175959982345155,
        "nauc_precision_at_20_diff1": 0.22421561021996453,
        "nauc_precision_at_20_max": -0.606224068466755,
        "nauc_precision_at_20_std": -0.7310657891444157,
        "nauc_precision_at_3_diff1": 0.11477321433073637,
        "nauc_precision_at_3_max": -0.5820159846708518,
        "nauc_precision_at_3_std": -0.7188437586667672,
        "nauc_precision_at_5_diff1": 0.1464405460766477,
        "nauc_precision_at_5_max": -0.6084467178565841,
        "nauc_precision_at_5_std": -0.7111240802407676,
        "nauc_recall_at_1000_diff1": -0.11911939319891211,
        "nauc_recall_at_1000_max": -0.13546512745984046,
        "nauc_recall_at_1000_std": -0.002965501868169012,
        "nauc_recall_at_100_diff1": 0.06439056778382381,
        "nauc_recall_at_100_max": -0.48044958432319884,
        "nauc_recall_at_100_std": -0.5520243115939163,
        "nauc_recall_at_10_diff1": 0.040511609412927765,
        "nauc_recall_at_10_max": -0.498573894722583,
        "nauc_recall_at_10_std": -0.6124221984378889,
        "nauc_recall_at_1_diff1": 0.002354242610782093,
        "nauc_recall_at_1_max": -0.4632629305862443,
        "nauc_recall_at_1_std": -0.6107960208281065,
        "nauc_recall_at_20_diff1": 0.06722477975870984,
        "nauc_recall_at_20_max": -0.5086435608510637,
        "nauc_recall_at_20_std": -0.6202418824543405,
        "nauc_recall_at_3_diff1": 0.03295259623031926,
        "nauc_recall_at_3_max": -0.48048502492321976,
        "nauc_recall_at_3_std": -0.6104298377637986,
        "nauc_recall_at_5_diff1": 0.04054656725868895,
        "nauc_recall_at_5_max": -0.4978289752832023,
        "nauc_recall_at_5_std": -0.6108142875398571,
        "ndcg_at_1": 0.4,
        "ndcg_at_10": 0.4511,
        "ndcg_at_100": 0.49329,
        "ndcg_at_1000": 0.75054,
        "ndcg_at_20": 0.47246,
        "ndcg_at_3": 0.42187,