{
  "dataset_revision": "7d821ddebcb30ad343133e3a81e23347ac2a08a8",
  "evaluation_time": 6.429842472076416,
  "kg_co2_emissions": 0.0002871833460587354,
  "mteb_version": "1.14.15",
  "scores": {
    "test": [
      {
        "cv_recall_at_1": 0.98571,
        "cv_recall_at_10": 1.0,
        "cv_recall_at_100": 1.0,
        "cv_recall_at_1000": 1.0,
        "cv_recall_at_20": 1.0,
        "cv_recall_at_3": 1.0,
        "cv_recall_at_5": 1.0,
        "hf_subset": "default",
        "languages": [
          "eng-Latn"
        ],
        "main_score": 0.98571,
        "map_at_1": 0.02863,
        "map_at_10": 0.1576,
        "map_at_100": 0.70801,
        "map_at_1000": 0.84925,
        "map_at_20": 0.26554,
        "map_at_3": 0.06686,
        "map_at_5": 0.09656,
        "mrr_at_1": 0.9857142857142858,
        "mrr_at_10": 0.9928571428571429,
        "mrr_at_100": 0.9928571428571429,
        "mrr_at_1000": 0.9928571428571429,
        "mrr_at_20": 0.9928571428571429,
        "mrr_at_3": 0.9928571428571429,
        "mrr_at_5": 0.9928571428571429,
        "nauc_cv_recall_at_1000_diff1": NaN,
        "nauc_cv_recall_at_1000_max": NaN,
        "nauc_cv_recall_at_1000_std": NaN,
        "nauc_cv_recall_at_100_diff1": NaN,
        "nauc_cv_recall_at_100_max": NaN,
        "nauc_cv_recall_at_100_std": NaN,
        "nauc_cv_recall_at_10_diff1": NaN,
        "nauc_cv_recall_at_10_max": NaN,
        "nauc_cv_recall_at_10_std": NaN,
        "nauc_cv_recall_at_1_diff1": 0.12278244631185341,
        "nauc_cv_recall_at_1_max": 0.35807656395891546,
        "nauc_cv_recall_at_1_std": 0.35807656395891546,
        "nauc_cv_recall_at_20_diff1": NaN,
        "nauc_cv_recall_at_20_max": NaN,
        "nauc_cv_recall_at_20_std": NaN,
        "nauc_cv_recall_at_3_diff1": NaN,
        "nauc_cv_recall_at_3_max": NaN,
        "nauc_cv_recall_at_3_std": NaN,
        "nauc_cv_recall_at_5_diff1": NaN,
        "nauc_cv_recall_at_5_max": NaN,
        "nauc_cv_recall_at_5_std": NaN,
        "nauc_map_at_1000_diff1": -0.4160462000726928,
        "nauc_map_at_1000_max": 0.0966701373778703,
        "nauc_map_at_1000_std": -0.14186239544154036,
        "nauc_map_at_100_diff1": -0.09366229811874159,
        "nauc_map_at_100_max": 0.0189834202275872,
        "nauc_map_at_100_std": -0.4541670294641769,
        "nauc_map_at_10_diff1": 0.45317413941751217,
        "nauc_map_at_10_max": 0.10176548376292442,
        "nauc_map_at_10_std": -0.46159494320190714,
        "nauc_map_at_1_diff1": 0.7237345801252618,
        "nauc_map_at_1_max": -0.11136070874143882,
        "nauc_map_at_1_std": -0.324677552894197,
        "nauc_map_at_20_diff1": 0.34421038374532,
        "nauc_map_at_20_max": 0.13239453042938654,
        "nauc_map_at_20_std": -0.46867795545418284,
        "nauc_map_at_3_diff1": 0.5998000575114291,
        "nauc_map_at_3_max": 0.08465119311239892,
        "nauc_map_at_3_std": -0.35246251626533937,
        "nauc_map_at_5_diff1": 0.5213724326372363,
        "nauc_map_at_5_max": 0.12961775305619738,
        "nauc_map_at_5_std": -0.4031970163691818,
        "nauc_mrr_at_1000_diff1": 0.12278244631186143,
        "nauc_mrr_at_1000_max": 0.35807656395892135,
        "nauc_mrr_at_1000_std": 0.35807656395892135,
        "nauc_mrr_at_100_diff1": 0.12278244631186143,
        "nauc_mrr_at_100_max": 0.35807656395892135,
        "nauc_mrr_at_100_std": 0.35807656395892135,
        "nauc_mrr_at_10_diff1": 0.12278244631186143,
        "nauc_mrr_at_10_max": 0.35807656395892135,
        "nauc_mrr_at_10_std": 0.35807656395892135,
        "nauc_mrr_at_1_diff1": 0.12278244631185341,
        "nauc_mrr_at_1_max": 0.35807656395891546,
        "nauc_mrr_at_1_std": 0.35807656395891546,
        "nauc_mrr_at_20_diff1": 0.12278244631186143,
        "nauc_mrr_at_20_max": 0.35807656395892135,
        "nauc_mrr_at_20_std": 0.35807656395892135,
        "nauc_mrr_at_3_diff1": 0.12278244631186143,
        "nauc_mrr_at_3_max": 0.35807656395892135,
        "nauc_mrr_at_3_std": 0.35807656395892135,
        "nauc_mrr_at_5_diff1": 0.12278244631186143,
        "nauc_mrr_at_5_max": 0.35807656395892135,
        "nauc_mrr_at_5_std": 0.35807656395892135,
        "nauc_ndcg_at_1000_diff1": -0.5910047894318987,
        "nauc_ndcg_at_1000_max": 0.22493678534510944,
        "nauc_ndcg_at_1000_std": -0.004519998996142508,
        "nauc_ndcg_at_100_diff1": -0.3636502783076817,
        "nauc_ndcg_at_100_max": 0.02202492685200948,
        "nauc_ndcg_at_100_std": -0.24385690333295684,
        "nauc_ndcg_at_10_diff1": -0.7649630860010584,
        "nauc_ndcg_at_10_max": 0.5946666100059795,
        "nauc_ndcg_at_10_std": 0.21886228898586488,
        "nauc_ndcg_at_1_diff1": 0.12278244631185341,
        "nauc_ndcg_at_1_max": 0.35807656395891546,
        "nauc_ndcg_at_1_std": 0.35807656395891546,
        "nauc_ndcg_at_20_diff1": -0.7676600461551565,
        "nauc_ndcg_at_20_max": 0.5405122150694863,
        "nauc_ndcg_at_20_std": 0.3050193637432816,
        "nauc_ndcg_at_3_diff1": -0.9496682347356091,
        "nauc_ndcg_at_3_max": 0.630857356584414,
        "nauc_ndcg_at_3_std": 0.28421844419194753,
        "nauc_ndcg_at_5_diff1": -1.0601581706142889,
        "nauc_ndcg_at_5_max": 0.6219101051482764,
        "nauc_ndcg_at_5_std": 0.22080423741464345,
        "nauc_precision_at_1000_diff1": -0.3538356864331606,
        "nauc_precision_at_1000_max": 0.06531893307933144,
        "nauc_precision_at_1000_std": 0.48044147578136515,
        "nauc_precision_at_100_diff1": -0.5376328878490266,
        "nauc_precision_at_100_max": -0.026773560141601482,
        "nauc_precision_at_100_std": 0.37184274198710415,
        "nauc_precision_at_10_diff1": -0.9958815003358428,
        "nauc_precision_at_10_max": 0.3719906670908905,
        "nauc_precision_at_10_std": 0.32225050376498116,
        "nauc_precision_at_1_diff1": 0.12278244631185341,
        "nauc_precision_at_1_max": 0.35807656395891546,
        "nauc_precision_at_1_std": 0.35807656395891546,
        "nauc_precision_at_20_diff1": -0.8879083905384703,
        "nauc_precision_at_20_max": 0.3344571266095303,
        "nauc_precision_at_20_std": 0.4008387830537387,
        "nauc_precision_at_3_diff1": -1.0536881419234383,
        "nauc_precision_at_3_max": 0.676574333437079,
        "nauc_precision_at_3_std": 0.31076875194521814,
        "nauc_precision_at_5_diff1": -1.2067171239356633,
        "nauc_precision_at_5_max": 0.5483916745506151,
        "nauc_precision_at_5_std": 0.2949858088930925,
        "nauc_recall_at_1000_diff1": 0.3685049144367292,
        "nauc_recall_at_1000_max": -0.6430401232331956,
        "nauc_recall_at_1000_std": -0.12887392646184165,
        "nauc_recall_at_100_diff1": 0.13797035942235011,
        "nauc_recall_at_100_max": -0.13476520748343698,
        "nauc_recall_at_100_std": -0.6006005549495838,
        "nauc_recall_at_10_diff1": 0.4905398585625857,
        "nauc_recall_at_10_max": 0.03550525782061645,
        "nauc_recall_at_10_std": -0.4579319708406218,
        "nauc_recall_at_1_diff1": 0.7237345801252618,
        "nauc_recall_at_1_max": -0.11136070874143882,
        "nauc_recall_at_1_std": -0.324677552894197,
        "nauc_recall_at_20_diff1": 0.3952557620067294,
        "nauc_recall_at_20_max": 0.04652851730609125,
        "nauc_recall_at_20_std": -0.4650993471739175,
        "nauc_recall_at_3_diff1": 0.58958755706039,
        "nauc_recall_at_3_max": 0.07100943318598772,
        "nauc_recall_at_3_std": -0.3350491023291444,
        "nauc_recall_at_5_diff1": 0.5136799168345455,
        "nauc_recall_at_5_max": 0.11366769150563168,
        "nauc_recall_at_5_std": -0.38766004399524384,
        "ndcg_at_1": 0.98571,
        "ndcg_at_10": 0.95282,
        "ndcg_at_100": 0.90181,
        "ndcg_at_1000": 0.95469,
        "ndcg_at_20": 0.94641,
        "ndcg_at_3": 0.9659,
        "ndcg_at_5": 0.95798,
        "precision_at_1": 0.98571,
        "precision_at_10": 0.92286,
        "precision_at_100": 0.676,
        "precision_at_1000": 0.09804,
        "precision_at_20": 0.89714,