{
  "dataset_revision": "5fe59d7e52732b86d11ee0e9c4a8cdb0e8ba7a6e",
  "evaluation_time": 30.754554510116577,
  "kg_co2_emissions": 0.0009312728663335288,
  "mteb_version": "1.14.15",
  "scores": {
    "test": [
      {
        "cv_recall_at_1": 0.0,
        "cv_recall_at_10": 0.0,
        "cv_recall_at_100": 0.15,
        "cv_recall_at_1000": 1.0,
        "cv_recall_at_20": 0.03,
        "cv_recall_at_3": 0.0,
        "cv_recall_at_5": 0.0,
        "hf_subset": "default",
        "languages": [
          "eng-Latn"
        ],
        "main_score": 0.0,
        "map_at_1": 0.0,
        "map_at_10": 0.0,
        "map_at_100": 0.0038,
        "map_at_1000": 0.00626,
        "map_at_20": 0.00201,
        "map_at_3": 0.0,
        "map_at_5": 0.0,
        "mrr_at_1": 0.0,
        "mrr_at_10": 0.0,
        "mrr_at_100": 0.0038613841891357793,
        "mrr_at_1000": 0.006313059899821596,
        "mrr_at_20": 0.0020647773279352227,
        "mrr_at_3": 0.0,
        "mrr_at_5": 0.0,
        "nauc_cv_recall_at_1000_diff1": NaN,
        "nauc_cv_recall_at_1000_max": NaN,
        "nauc_cv_recall_at_1000_std": NaN,
        "nauc_cv_recall_at_100_diff1": -0.26981151093639755,
        "nauc_cv_recall_at_100_max": 0.3022880757988105,
        "nauc_cv_recall_at_100_std": 0.14423949198669486,
        "nauc_cv_recall_at_10_diff1": NaN,
        "nauc_cv_recall_at_10_max": NaN,
        "nauc_cv_recall_at_10_std": NaN,
        "nauc_cv_recall_at_1_diff1": NaN,
        "nauc_cv_recall_at_1_max": NaN,
        "nauc_cv_recall_at_1_std": NaN,
        "nauc_cv_recall_at_20_diff1": -0.4016635363563188,
        "nauc_cv_recall_at_20_max": 0.24121277166621952,
        "nauc_cv_recall_at_20_std": 0.5283069492889724,
        "nauc_cv_recall_at_3_diff1": NaN,
        "nauc_cv_recall_at_3_max": NaN,
        "nauc_cv_recall_at_3_std": NaN,
        "nauc_cv_recall_at_5_diff1": NaN,
        "nauc_cv_recall_at_5_max": NaN,
        "nauc_cv_recall_at_5_std": NaN,
        "nauc_map_at_1000_diff1": -0.3049073633574751,
        "nauc_map_at_1000_max": 0.34347129988327413,
        "nauc_map_at_1000_std": 0.27779030631805,
        "nauc_map_at_100_diff1": -0.33092166963846975,
        "nauc_map_at_100_max": 0.3588679584673507,
        "nauc_map_at_100_std": 0.3563175714068114,
        "nauc_map_at_10_diff1": NaN,
        "nauc_map_at_10_max": NaN,
        "nauc_map_at_10_std": NaN,
        "nauc_map_at_1_diff1": NaN,
        "nauc_map_at_1_max": NaN,
        "nauc_map_at_1_std": NaN,
        "nauc_map_at_20_diff1": -0.38714957735984556,
        "nauc_map_at_20_max": 0.303763128482993,
        "nauc_map_at_20_std": 0.6294325098011208,
        "nauc_map_at_3_diff1": NaN,
        "nauc_map_at_3_max": NaN,
        "nauc_map_at_3_std": NaN,
        "nauc_map_at_5_diff1": NaN,
        "nauc_map_at_5_max": NaN,
        "nauc_map_at_5_std": NaN,
        "nauc_mrr_at_1000_diff1": -0.3077868413596372,
        "nauc_mrr_at_1000_max": 0.3371173401712554,
        "nauc_mrr_at_1000_std": 0.28811152020924513,
        "nauc_mrr_at_100_diff1": -0.33359261118548794,
        "nauc_mrr_at_100_max": 0.35220806459423026,
        "nauc_mrr_at_100_std": 0.36574386897880773,
        "nauc_mrr_at_10_diff1": NaN,
        "nauc_mrr_at_10_max": NaN,
        "nauc_mrr_at_10_std": NaN,
        "nauc_mrr_at_1_diff1": NaN,
        "nauc_mrr_at_1_max": NaN,
        "nauc_mrr_at_1_std": NaN,
        "nauc_mrr_at_20_diff1": -0.39014188986568615,
        "nauc_mrr_at_20_max": 0.29380198551113507,
        "nauc_mrr_at_20_std": 0.6392935494562733,
        "nauc_mrr_at_3_diff1": NaN,
        "nauc_mrr_at_3_max": NaN,
        "nauc_mrr_at_3_std": NaN,
        "nauc_mrr_at_5_diff1": NaN,
        "nauc_mrr_at_5_max": NaN,
        "nauc_mrr_at_5_std": NaN,
        "nauc_ndcg_at_1000_diff1": -0.2406195025235893,
        "nauc_ndcg_at_1000_max": 0.3170026916153561,
        "nauc_ndcg_at_1000_std": 0.1112266145129752,
        "nauc_ndcg_at_100_diff1": -0.28590775324935597,
        "nauc_ndcg_at_100_max": 0.3190916108669135,
        "nauc_ndcg_at_100_std": 0.191954179214548,
        "nauc_ndcg_at_10_diff1": NaN,
        "nauc_ndcg_at_10_max": NaN,
        "nauc_ndcg_at_10_std": NaN,
        "nauc_ndcg_at_1_diff1": NaN,
        "nauc_ndcg_at_1_max": NaN,
        "nauc_ndcg_at_1_std": NaN,
        "nauc_ndcg_at_20_diff1": -0.39670630656634387,
        "nauc_ndcg_at_20_max": 0.2626329283300192,
        "nauc_ndcg_at_20_std": 0.5634337376994148,
        "nauc_ndcg_at_3_diff1": NaN,
        "nauc_ndcg_at_3_max": NaN,
        "nauc_ndcg_at_3_std": NaN,
        "nauc_ndcg_at_5_diff1": NaN,
        "nauc_ndcg_at_5_max": NaN,
        "nauc_ndcg_at_5_std": NaN,
        "nauc_precision_at_1000_diff1": NaN,
        "nauc_precision_at_1000_max": NaN,
        "nauc_precision_at_1000_std": NaN,
        "nauc_precision_at_100_diff1": -0.2698115109363977,
        "nauc_precision_at_100_max": 0.3022880757988106,
        "nauc_precision_at_100_std": 0.14423949198669483,
        "nauc_precision_at_10_diff1": NaN,
        "nauc_precision_at_10_max": NaN,
        "nauc_precision_at_10_std": NaN,
        "nauc_precision_at_1_diff1": NaN,
        "nauc_precision_at_1_max": NaN,
        "nauc_precision_at_1_std": NaN,
        "nauc_precision_at_20_diff1": -0.40166353635631874,
        "nauc_precision_at_20_max": 0.24121277166621935,
        "nauc_precision_at_20_std": 0.5283069492889723,
        "nauc_precision_at_3_diff1": NaN,
        "nauc_precision_at_3_max": NaN,
        "nauc_precision_at_3_std": NaN,
        "nauc_precision_at_5_diff1": NaN,
        "nauc_precision_at_5_max": NaN,
        "nauc_precision_at_5_std": NaN,
        "nauc_recall_at_1000_diff1": NaN,
        "nauc_recall_at_1000_max": NaN,
        "nauc_recall_at_1000_std": NaN,
        "nauc_recall_at_100_diff1": -0.26981151093639755,
        "nauc_recall_at_100_max": 0.3022880757988105,
        "nauc_recall_at_100_std": 0.14423949198669486,
        "nauc_recall_at_10_diff1": NaN,
        "nauc_recall_at_10_max": NaN,
        "nauc_recall_at_10_std": NaN,
        "nauc_recall_at_1_diff1": NaN,
        "nauc_recall_at_1_max": NaN,
        "nauc_recall_at_1_std": NaN,
        "nauc_recall_at_20_diff1": -0.4016635363563188,
        "nauc_recall_at_20_max": 0.24121277166621952,
        "nauc_recall_at_20_std": 0.5283069492889724,
        "nauc_recall_at_3_diff1": NaN,
        "nauc_recall_at_3_max": NaN,
        "nauc_recall_at_3_std": NaN,
        "nauc_recall_at_5_diff1": NaN,
        "nauc_recall_at_5_max": NaN,
        "nauc_recall_at_5_std": NaN,
        "ndcg_at_1": 0.0,
        "ndcg_at_10": 0.0,
        "ndcg_at_100": 0.02712,
        "ndcg_at_1000": 0.12564,
        "ndcg_at_20": 0.0075,
        "ndcg_at_3": 0.0,
        "ndcg_at_5": 0.0,
        "precision_at_1": 0.0,
        "precision_at_10": 0.0,
        "precision_at_100": 0.0015,
        "precision_at_1000": 0.001,
        "precision_at_20": 0.0015,
        "precision_at_3": 0.0,
        "precision_at_5": 0.0,
        "recall_at_1": 0.0,
        "recall_at_10": 0.0,
        "recall_at_100": 0.15,
        "recall_at_1000": 1.0,
        "recall_at_20": 0.03,
        "recall_at_3": 0.0,
        "recall_at_5": 0.0
      }
    ]
  },
  "task_name": "VidoreSyntheticDocQAAIRetrieval"
}