{
  "dataset_revision": "8270b3751ce6b95bec362fb38fbcd2a4aa400cfc",
  "evaluation_time": 33.30471706390381,
  "kg_co2_emissions": 0.001023625752049954,
  "mteb_version": "1.14.15",
  "scores": {
    "test": [
      {
        "cv_recall_at_1": 0.0,
        "cv_recall_at_10": 0.01,
        "cv_recall_at_100": 0.16,
        "cv_recall_at_1000": 1.0,
        "cv_recall_at_20": 0.04,
        "cv_recall_at_3": 0.01,
        "cv_recall_at_5": 0.01,
        "hf_subset": "default",
        "languages": [
          "eng-Latn"
        ],
        "main_score": 0.00631,
        "map_at_1": 0.0,
        "map_at_10": 0.005,
        "map_at_100": 0.00948,
        "map_at_1000": 0.01182,
        "map_at_20": 0.00746,
        "map_at_3": 0.005,
        "map_at_5": 0.005,
        "mrr_at_1": 0.0,
        "mrr_at_10": 0.005,
        "mrr_at_100": 0.00947275551364196,
        "mrr_at_1000": 0.011805015768127125,
        "mrr_at_20": 0.007456709956709957,
        "mrr_at_3": 0.005,
        "mrr_at_5": 0.005,
        "nauc_cv_recall_at_1000_diff1": NaN,
        "nauc_cv_recall_at_1000_max": NaN,
        "nauc_cv_recall_at_1000_std": NaN,
        "nauc_cv_recall_at_100_diff1": -0.12653633430634512,
        "nauc_cv_recall_at_100_max": 0.41194884006759863,
        "nauc_cv_recall_at_100_std": 0.14996543247810723,
        "nauc_cv_recall_at_10_diff1": -0.4995975315266971,
        "nauc_cv_recall_at_10_max": 1.0,
        "nauc_cv_recall_at_10_std": 1.0,
        "nauc_cv_recall_at_1_diff1": NaN,
        "nauc_cv_recall_at_1_max": NaN,
        "nauc_cv_recall_at_1_std": NaN,
        "nauc_cv_recall_at_20_diff1": 0.062382613361953276,
        "nauc_cv_recall_at_20_max": 0.774617654950362,
        "nauc_cv_recall_at_20_std": 0.2109605580896163,
        "nauc_cv_recall_at_3_diff1": -0.4995975315266971,
        "nauc_cv_recall_at_3_max": 1.0,
        "nauc_cv_recall_at_3_std": 1.0,
        "nauc_cv_recall_at_5_diff1": -0.4995975315266971,
        "nauc_cv_recall_at_5_max": 1.0,
        "nauc_cv_recall_at_5_std": 1.0,
        "nauc_map_at_1000_diff1": -0.19115594980513467,
        "nauc_map_at_1000_max": 0.7966169912340766,
        "nauc_map_at_1000_std": 0.5526243289400182,
        "nauc_map_at_100_diff1": -0.2005016531178246,
        "nauc_map_at_100_max": 0.8177961266945871,
        "nauc_map_at_100_std": 0.5605478287374084,
        "nauc_map_at_10_diff1": -0.4995975315266971,
        "nauc_map_at_10_max": 1.0,
        "nauc_map_at_10_std": 1.0,
        "nauc_map_at_1_diff1": NaN,
        "nauc_map_at_1_max": NaN,
        "nauc_map_at_1_std": NaN,
        "nauc_map_at_20_diff1": -0.2319437299617625,
        "nauc_map_at_20_max": 0.9136415978329397,
        "nauc_map_at_20_std": 0.6578258602447209,
        "nauc_map_at_3_diff1": -0.4995975315266971,
        "nauc_map_at_3_max": 1.0,
        "nauc_map_at_3_std": 1.0,
        "nauc_map_at_5_diff1": -0.4995975315266971,
        "nauc_map_at_5_max": 1.0,
        "nauc_map_at_5_std": 1.0,
        "nauc_mrr_at_1000_diff1": -0.191022232608139,
        "nauc_mrr_at_1000_max": 0.7973790649627857,
        "nauc_mrr_at_1000_std": 0.5532520505630015,
        "nauc_mrr_at_100_diff1": -0.20047399752650077,
        "nauc_mrr_at_100_max": 0.8185526093813645,
        "nauc_mrr_at_100_std": 0.5610907916721855,
        "nauc_mrr_at_10_diff1": -0.4995975315266971,
        "nauc_mrr_at_10_max": 1.0,
        "nauc_mrr_at_10_std": 1.0,
        "nauc_mrr_at_1_diff1": NaN,
        "nauc_mrr_at_1_max": NaN,
        "nauc_mrr_at_1_std": NaN,
        "nauc_mrr_at_20_diff1": -0.2319437299617625,
        "nauc_mrr_at_20_max": 0.9136415978329397,
        "nauc_mrr_at_20_std": 0.6578258602447209,
        "nauc_mrr_at_3_diff1": -0.4995975315266971,
        "nauc_mrr_at_3_max": 1.0,
        "nauc_mrr_at_3_std": 1.0,
        "nauc_mrr_at_5_diff1": -0.4995975315266971,
        "nauc_mrr_at_5_max": 1.0,
        "nauc_mrr_at_5_std": 1.0,
        "nauc_ndcg_at_1000_diff1": -0.08850724450262412,
        "nauc_ndcg_at_1000_max": 0.5955248057592407,
        "nauc_ndcg_at_1000_std": 0.3302538388257386,
        "nauc_ndcg_at_100_diff1": -0.12282413161464437,
        "nauc_ndcg_at_100_max": 0.5493719592945351,
        "nauc_ndcg_at_100_std": 0.26222810584794776,
        "nauc_ndcg_at_10_diff1": -0.4995975315266971,
        "nauc_ndcg_at_10_max": 1.0,
        "nauc_ndcg_at_10_std": 1.0,
        "nauc_ndcg_at_1_diff1": NaN,
        "nauc_ndcg_at_1_max": NaN,
        "nauc_ndcg_at_1_std": NaN,
        "nauc_ndcg_at_20_diff1": -0.0667489187800139,
        "nauc_ndcg_at_20_max": 0.839315729959181,
        "nauc_ndcg_at_20_std": 0.41299685039827927,
        "nauc_ndcg_at_3_diff1": -0.4995975315266971,
        "nauc_ndcg_at_3_max": 1.0,
        "nauc_ndcg_at_3_std": 1.0,
        "nauc_ndcg_at_5_diff1": -0.4995975315266971,
        "nauc_ndcg_at_5_max": 1.0,
        "nauc_ndcg_at_5_std": 1.0,
        "nauc_precision_at_1000_diff1": NaN,
        "nauc_precision_at_1000_max": NaN,
        "nauc_precision_at_1000_std": NaN,
        "nauc_precision_at_100_diff1": -0.12653633430634514,
        "nauc_precision_at_100_max": 0.4119488400675988,
        "nauc_precision_at_100_std": 0.14996543247810712,
        "nauc_precision_at_10_diff1": -0.4995975315266972,
        "nauc_precision_at_10_max": 1.0,
        "nauc_precision_at_10_std": 1.0,
        "nauc_precision_at_1_diff1": NaN,
        "nauc_precision_at_1_max": NaN,
        "nauc_precision_at_1_std": NaN,
        "nauc_precision_at_20_diff1": 0.062382613361953186,
        "nauc_precision_at_20_max": 0.7746176549503624,
        "nauc_precision_at_20_std": 0.21096055808961642,
        "nauc_precision_at_3_diff1": -0.4995975315266971,
        "nauc_precision_at_3_max": 1.0,
        "nauc_precision_at_3_std": 1.0,
        "nauc_precision_at_5_diff1": -0.4995975315266972,
        "nauc_precision_at_5_max": 1.0,
        "nauc_precision_at_5_std": 1.0,
        "nauc_recall_at_1000_diff1": NaN,
        "nauc_recall_at_1000_max": NaN,
        "nauc_recall_at_1000_std": NaN,
        "nauc_recall_at_100_diff1": -0.12653633430634512,
        "nauc_recall_at_100_max": 0.41194884006759863,
        "nauc_recall_at_100_std": 0.14996543247810723,
        "nauc_recall_at_10_diff1": -0.4995975315266971,
        "nauc_recall_at_10_max": 1.0,
        "nauc_recall_at_10_std": 1.0,
        "nauc_recall_at_1_diff1": NaN,
        "nauc_recall_at_1_max": NaN,
        "nauc_recall_at_1_std": NaN,
        "nauc_recall_at_20_diff1": 0.062382613361953276,
        "nauc_recall_at_20_max": 0.774617654950362,
        "nauc_recall_at_20_std": 0.2109605580896163,
        "nauc_recall_at_3_diff1": -0.4995975315266971,
        "nauc_recall_at_3_max": 1.0,
        "nauc_recall_at_3_std": 1.0,
        "nauc_recall_at_5_diff1": -0.4995975315266971,
        "nauc_recall_at_5_max": 1.0,
        "nauc_recall_at_5_std": 1.0,
        "ndcg_at_1": 0.0,
        "ndcg_at_10": 0.00631,
        "ndcg_at_100": 0.03447,
        "ndcg_at_1000": 0.13108,
        "ndcg_at_20": 0.01436,
        "ndcg_at_3": 0.00631,
        "ndcg_at_5": 0.00631,
        "precision_at_1": 0.0,
        "precision_at_10": 0.001,
        "precision_at_100": 0.0016,
        "precision_at_1000": 0.001,
        "precision_at_20": 0.002,
        "precision_at_3": 0.00333,
        "precision_at_5": 0.002,
        "recall_at_1": 0.0,
        "recall_at_10": 0.01,
        "recall_at_100": 0.16,
        "recall_at_1000": 1.0,
        "recall_at_20": 0.04,
        "recall_at_3": 0.01,
        "recall_at_5": 0.01
      }
    ]
  },
  "task_name": "VidoreSyntheticDocQAGovernmentReportsRetrieval"
}