{
  "dataset_revision": "5fe59d7e52732b86d11ee0e9c4a8cdb0e8ba7a6e",
  "evaluation_time": 28.327971696853638,
  "kg_co2_emissions": 0.0008895887076560079,
  "mteb_version": "1.14.15",
  "scores": {
    "test": [
      {
        "cv_recall_at_1": 0.13,
        "cv_recall_at_10": 0.39,
        "cv_recall_at_100": 0.66,
        "cv_recall_at_1000": 1.0,
        "cv_recall_at_20": 0.48,
        "cv_recall_at_3": 0.26,
        "cv_recall_at_5": 0.33,
        "hf_subset": "default",
        "languages": [
          "eng-Latn"
        ],
        "main_score": 0.2298,
        "map_at_1": 0.11,
        "map_at_10": 0.20405,
        "map_at_100": 0.21475,
        "map_at_1000": 0.21617,
        "map_at_20": 0.21084,
        "map_at_3": 0.18167,
        "map_at_5": 0.19617,
        "mrr_at_1": 0.13,
        "mrr_at_10": 0.2116785714285714,
        "mrr_at_100": 0.22246438841961363,
        "mrr_at_1000": 0.22388838758138213,
        "mrr_at_20": 0.21856585957901747,
        "mrr_at_3": 0.18666666666666668,
        "mrr_at_5": 0.20366666666666666,
        "nauc_cv_recall_at_1000_diff1": NaN,
        "nauc_cv_recall_at_1000_max": NaN,
        "nauc_cv_recall_at_1000_std": NaN,
        "nauc_cv_recall_at_100_diff1": 0.18364366557137596,
        "nauc_cv_recall_at_100_max": 0.163878655116333,
        "nauc_cv_recall_at_100_std": 0.15443592552026242,
        "nauc_cv_recall_at_10_diff1": 0.1638663614139924,
        "nauc_cv_recall_at_10_max": 0.4626906212409296,
        "nauc_cv_recall_at_10_std": 0.07041506603029253,
        "nauc_cv_recall_at_1_diff1": 0.286919925678852,
        "nauc_cv_recall_at_1_max": 0.5796601822211279,
        "nauc_cv_recall_at_1_std": -0.065613037541134,
        "nauc_cv_recall_at_20_diff1": 0.06353868953106803,
        "nauc_cv_recall_at_20_max": 0.3507991955118024,
        "nauc_cv_recall_at_20_std": 0.06439875092622004,
        "nauc_cv_recall_at_3_diff1": 0.255485530918447,
        "nauc_cv_recall_at_3_max": 0.5328698216299037,
        "nauc_cv_recall_at_3_std": -0.037437483738544594,
        "nauc_cv_recall_at_5_diff1": 0.17018812158006158,
        "nauc_cv_recall_at_5_max": 0.4412402976927481,
        "nauc_cv_recall_at_5_std": 0.05451931141909989,
        "nauc_map_at_1000_diff1": 0.2891127674163197,
        "nauc_map_at_1000_max": 0.5209483533145091,
        "nauc_map_at_1000_std": -0.055899280939350225,
        "nauc_map_at_100_diff1": 0.28905228458065507,
        "nauc_map_at_100_max": 0.5190045681797181,
        "nauc_map_at_100_std": -0.05557599104526757,
        "nauc_map_at_10_diff1": 0.2958449158117352,
        "nauc_map_at_10_max": 0.5334102715657143,
        "nauc_map_at_10_std": -0.059371602647653385,
        "nauc_map_at_1_diff1": 0.4233082517552909,
        "nauc_map_at_1_max": 0.6047009084732112,
        "nauc_map_at_1_std": -0.16621788257795003,
        "nauc_map_at_20_diff1": 0.2850101131692329,
        "nauc_map_at_20_max": 0.5219750098789587,
        "nauc_map_at_20_std": -0.05747476888548762,
        "nauc_map_at_3_diff1": 0.32843625421236144,
        "nauc_map_at_3_max": 0.5566668619332004,
        "nauc_map_at_3_std": -0.09288006832273228,
        "nauc_map_at_5_diff1": 0.298789161643012,
        "nauc_map_at_5_max": 0.5309724042824387,
        "nauc_map_at_5_std": -0.06208304521455215,
        "nauc_mrr_at_1000_diff1": 0.23472389387760142,
        "nauc_mrr_at_1000_max": 0.5149946646549817,
        "nauc_mrr_at_1000_std": -0.006478036251724088,
        "nauc_mrr_at_100_diff1": 0.2348817111120244,
        "nauc_mrr_at_100_max": 0.513152155246818,
        "nauc_mrr_at_100_std": -0.0063670693642314214,
        "nauc_mrr_at_10_diff1": 0.24232801769130072,
        "nauc_mrr_at_10_max": 0.5269665587596061,
        "nauc_mrr_at_10_std": -0.010095536169670287,
        "nauc_mrr_at_1_diff1": 0.286919925678852,
        "nauc_mrr_at_1_max": 0.5796601822211279,
        "nauc_mrr_at_1_std": -0.065613037541134,
        "nauc_mrr_at_20_diff1": 0.23127872445089054,
        "nauc_mrr_at_20_max": 0.5160264368346202,
        "nauc_mrr_at_20_std": -0.00842740579288961,
        "nauc_mrr_at_3_diff1": 0.2721504273911851,
        "nauc_mrr_at_3_max": 0.5527622465158976,
        "nauc_mrr_at_3_std": -0.04309974845316575,
        "nauc_mrr_at_5_diff1": 0.24492967621375547,
        "nauc_mrr_at_5_max": 0.5240639614484033,
        "nauc_mrr_at_5_std": -0.012647419137665997,
        "nauc_ndcg_at_1000_diff1": 0.2585039563411873,
        "nauc_ndcg_at_1000_max": 0.4903093745905042,
        "nauc_ndcg_at_1000_std": -0.024884638840658994,
        "nauc_ndcg_at_100_diff1": 0.25135608899689565,
        "nauc_ndcg_at_100_max": 0.44670479772621674,
        "nauc_ndcg_at_100_std": -0.005450019205980872,
        "nauc_ndcg_at_10_diff1": 0.2545076656345246,
        "nauc_ndcg_at_10_max": 0.5107966759906233,
        "nauc_ndcg_at_10_std": -0.01956661386837252,
        "nauc_ndcg_at_1_diff1": 0.4233082517552909,
        "nauc_ndcg_at_1_max": 0.6047009084732112,
        "nauc_ndcg_at_1_std": -0.16621788257795003,
        "nauc_ndcg_at_20_diff1": 0.22163200036084307,
        "nauc_ndcg_at_20_max": 0.4747173543701094,
        "nauc_ndcg_at_20_std": -0.019104269567504405,
        "nauc_ndcg_at_3_diff1": 0.30616179247850056,
        "nauc_ndcg_at_3_max": 0.5453439721106368,
        "nauc_ndcg_at_3_std": -0.07406536412145535,
        "nauc_ndcg_at_5_diff1": 0.25922248446100676,
        "nauc_ndcg_at_5_max": 0.5037410066677681,
        "nauc_ndcg_at_5_std": -0.02627436995078549,
        "nauc_precision_at_1000_diff1": NaN,
        "nauc_precision_at_1000_max": NaN,
        "nauc_precision_at_1000_std": NaN,
        "nauc_precision_at_100_diff1": 0.18364366557137632,
        "nauc_precision_at_100_max": 0.1638786551163329,
        "nauc_precision_at_100_std": 0.15443592552026264,
        "nauc_precision_at_10_diff1": 0.1638663614139926,
        "nauc_precision_at_10_max": 0.4626906212409297,
        "nauc_precision_at_10_std": 0.07041506603029243,
        "nauc_precision_at_1_diff1": 0.4233082517552909,
        "nauc_precision_at_1_max": 0.6047009084732112,
        "nauc_precision_at_1_std": -0.16621788257795003,
        "nauc_precision_at_20_diff1": 0.06353868953106855,
        "nauc_precision_at_20_max": 0.3507991955118032,
        "nauc_precision_at_20_std": 0.06439875092622045,
        "nauc_precision_at_3_diff1": 0.2563184588501042,
        "nauc_precision_at_3_max": 0.5199960221057266,
        "nauc_precision_at_3_std": -0.03158163917657586,
        "nauc_precision_at_5_diff1": 0.17018812158006136,
        "nauc_precision_at_5_max": 0.44124029769274764,
        "nauc_precision_at_5_std": 0.05451931141909965,
        "nauc_recall_at_1000_diff1": NaN,
        "nauc_recall_at_1000_max": NaN,
        "nauc_recall_at_1000_std": NaN,
        "nauc_recall_at_100_diff1": 0.18364366557137596,
        "nauc_recall_at_100_max": 0.163878655116333,
        "nauc_recall_at_100_std": 0.15443592552026242,
        "nauc_recall_at_10_diff1": 0.1638663614139924,
        "nauc_recall_at_10_max": 0.4626906212409296,
        "nauc_recall_at_10_std": 0.07041506603029253,
        "nauc_recall_at_1_diff1": 0.4233082517552909,
        "nauc_recall_at_1_max": 0.6047009084732112,
        "nauc_recall_at_1_std": -0.16621788257795003,
        "nauc_recall_at_20_diff1": 0.06353868953106803,
        "nauc_recall_at_20_max": 0.3507991955118024,
        "nauc_recall_at_20_std": 0.06439875092622004,
        "nauc_recall_at_3_diff1": 0.2563184588501043,
        "nauc_recall_at_3_max": 0.5199960221057264,
        "nauc_recall_at_3_std": -0.03158163917657585,
        "nauc_recall_at_5_diff1": 0.17018812158006158,
        "nauc_recall_at_5_max": 0.4412402976927481,
        "nauc_recall_at_5_std": 0.05451931141909989,
        "ndcg_at_1": 0.11,
        "ndcg_at_10": 0.24909,
        "ndcg_at_100": 0.30466,
        "ndcg_at_1000": 0.34659,
        "ndcg_at_20": 0.27253,
        "ndcg_at_3": 0.2044,
        "ndcg_at_5": 0.2298,
        "precision_at_1": 0.11,
        "precision_at_10": 0.039,