{
  "dataset_revision": "9e7df4c35994683a7ba88002fb22917ffa15067e",
  "evaluation_time": 30.93380331993103,
  "kg_co2_emissions": 0.0009540853762219047,
  "mteb_version": "1.14.15",
  "scores": {
    "test": [
      {
        "cv_recall_at_1": 0.0,
        "cv_recall_at_10": 0.01,
        "cv_recall_at_100": 0.13,
        "cv_recall_at_1000": 1.0,
        "cv_recall_at_20": 0.02,
        "cv_recall_at_3": 0.0,
        "cv_recall_at_5": 0.0,
        "hf_subset": "default",
        "languages": [
          "eng-Latn"
        ],
        "main_score": 0.0,
        "map_at_1": 0.0,
        "map_at_10": 0.00167,
        "map_at_100": 0.00413,
        "map_at_1000": 0.00658,
        "map_at_20": 0.00225,
        "map_at_3": 0.0,
        "map_at_5": 0.0,
        "mrr_at_1": 0.0,
        "mrr_at_10": 0.0016666666666666666,
        "mrr_at_100": 0.004129295483209911,
        "mrr_at_1000": 0.006576443653028353,
        "mrr_at_20": 0.0022549019607843133,
        "mrr_at_3": 0.0,
        "mrr_at_5": 0.0,
        "nauc_cv_recall_at_1000_diff1": NaN,
        "nauc_cv_recall_at_1000_max": NaN,
        "nauc_cv_recall_at_1000_std": NaN,
        "nauc_cv_recall_at_100_diff1": 0.08779745248595275,
        "nauc_cv_recall_at_100_max": 0.2594748270690157,
        "nauc_cv_recall_at_100_std": 0.2143224911016095,
        "nauc_cv_recall_at_10_diff1": -0.318486718540381,
        "nauc_cv_recall_at_10_max": 0.32385296485108656,
        "nauc_cv_recall_at_10_std": 1.0,
        "nauc_cv_recall_at_1_diff1": NaN,
        "nauc_cv_recall_at_1_max": NaN,
        "nauc_cv_recall_at_1_std": NaN,
        "nauc_cv_recall_at_20_diff1": -0.318486718540381,
        "nauc_cv_recall_at_20_max": 0.492889723638315,
        "nauc_cv_recall_at_20_std": 0.3407566407298094,
        "nauc_cv_recall_at_3_diff1": NaN,
        "nauc_cv_recall_at_3_max": NaN,
        "nauc_cv_recall_at_3_std": NaN,
        "nauc_cv_recall_at_5_diff1": NaN,
        "nauc_cv_recall_at_5_max": NaN,
        "nauc_cv_recall_at_5_std": NaN,
        "nauc_map_at_1000_diff1": -0.12444557753171423,
        "nauc_map_at_1000_max": 0.33722672224088257,
        "nauc_map_at_1000_std": 0.4247775343241024,
        "nauc_map_at_100_diff1": -0.11444441426513922,
        "nauc_map_at_100_max": 0.36021852367113144,
        "nauc_map_at_100_std": 0.4552242421343358,
        "nauc_map_at_10_diff1": -0.318486718540381,
        "nauc_map_at_10_max": 0.3238529648510868,
        "nauc_map_at_10_std": 1.0,
        "nauc_map_at_1_diff1": NaN,
        "nauc_map_at_1_max": NaN,
        "nauc_map_at_1_std": NaN,
        "nauc_map_at_20_diff1": -0.31848671854038096,
        "nauc_map_at_20_max": 0.4120460563922494,
        "nauc_map_at_20_std": 0.6560469429894661,
        "nauc_map_at_3_diff1": NaN,
        "nauc_map_at_3_max": NaN,
        "nauc_map_at_3_std": NaN,
        "nauc_map_at_5_diff1": NaN,
        "nauc_map_at_5_max": NaN,
        "nauc_map_at_5_std": NaN,
        "nauc_mrr_at_1000_diff1": -0.12444557753171423,
        "nauc_mrr_at_1000_max": 0.33722672224088257,
        "nauc_mrr_at_1000_std": 0.4247775343241024,
        "nauc_mrr_at_100_diff1": -0.11444441426513922,
        "nauc_mrr_at_100_max": 0.36021852367113144,
        "nauc_mrr_at_100_std": 0.4552242421343358,
        "nauc_mrr_at_10_diff1": -0.318486718540381,
        "nauc_mrr_at_10_max": 0.3238529648510868,
        "nauc_mrr_at_10_std": 1.0,
        "nauc_mrr_at_1_diff1": NaN,
        "nauc_mrr_at_1_max": NaN,
        "nauc_mrr_at_1_std": NaN,
        "nauc_mrr_at_20_diff1": -0.31848671854038096,
        "nauc_mrr_at_20_max": 0.4120460563922494,
        "nauc_mrr_at_20_std": 0.6560469429894661,
        "nauc_mrr_at_3_diff1": NaN,
        "nauc_mrr_at_3_max": NaN,
        "nauc_mrr_at_3_std": NaN,
        "nauc_mrr_at_5_diff1": NaN,
        "nauc_mrr_at_5_max": NaN,
        "nauc_mrr_at_5_std": NaN,
        "nauc_ndcg_at_1000_diff1": -0.04928269589563528,
        "nauc_ndcg_at_1000_max": 0.273924161203233,
        "nauc_ndcg_at_1000_std": 0.27033695322575346,
        "nauc_ndcg_at_100_diff1": 0.03989901249186023,
        "nauc_ndcg_at_100_max": 0.29104262441268886,
        "nauc_ndcg_at_100_std": 0.26430588183330017,
        "nauc_ndcg_at_10_diff1": -0.31848671854038096,
        "nauc_ndcg_at_10_max": 0.3238529648510866,
        "nauc_ndcg_at_10_std": 1.0,
        "nauc_ndcg_at_1_diff1": NaN,
        "nauc_ndcg_at_1_max": NaN,
        "nauc_ndcg_at_1_std": NaN,
        "nauc_ndcg_at_20_diff1": -0.318486718540381,
        "nauc_ndcg_at_20_max": 0.4598790902159839,
        "nauc_ndcg_at_20_std": 0.4694981110769016,
        "nauc_ndcg_at_3_diff1": NaN,
        "nauc_ndcg_at_3_max": NaN,
        "nauc_ndcg_at_3_std": NaN,
        "nauc_ndcg_at_5_diff1": NaN,
        "nauc_ndcg_at_5_max": NaN,
        "nauc_ndcg_at_5_std": NaN,
        "nauc_precision_at_1000_diff1": NaN,
        "nauc_precision_at_1000_max": NaN,
        "nauc_precision_at_1000_std": NaN,
        "nauc_precision_at_100_diff1": 0.0877974524859529,
        "nauc_precision_at_100_max": 0.25947482706901576,
        "nauc_precision_at_100_std": 0.21432249110160967,
        "nauc_precision_at_10_diff1": -0.3184867185403811,
        "nauc_precision_at_10_max": 0.3238529648510868,
        "nauc_precision_at_10_std": 1.0,
        "nauc_precision_at_1_diff1": NaN,
        "nauc_precision_at_1_max": NaN,
        "nauc_precision_at_1_std": NaN,
        "nauc_precision_at_20_diff1": -0.3184867185403811,
        "nauc_precision_at_20_max": 0.492889723638315,
        "nauc_precision_at_20_std": 0.3407566407298095,
        "nauc_precision_at_3_diff1": NaN,
        "nauc_precision_at_3_max": NaN,
        "nauc_precision_at_3_std": NaN,
        "nauc_precision_at_5_diff1": NaN,
        "nauc_precision_at_5_max": NaN,
        "nauc_precision_at_5_std": NaN,
        "nauc_recall_at_1000_diff1": NaN,
        "nauc_recall_at_1000_max": NaN,
        "nauc_recall_at_1000_std": NaN,
        "nauc_recall_at_100_diff1": 0.08779745248595275,
        "nauc_recall_at_100_max": 0.2594748270690157,
        "nauc_recall_at_100_std": 0.2143224911016095,
        "nauc_recall_at_10_diff1": -0.318486718540381,
        "nauc_recall_at_10_max": 0.32385296485108656,
        "nauc_recall_at_10_std": 1.0,
        "nauc_recall_at_1_diff1": NaN,
        "nauc_recall_at_1_max": NaN,
        "nauc_recall_at_1_std": NaN,
        "nauc_recall_at_20_diff1": -0.318486718540381,
        "nauc_recall_at_20_max": 0.492889723638315,
        "nauc_recall_at_20_std": 0.3407566407298094,
        "nauc_recall_at_3_diff1": NaN,
        "nauc_recall_at_3_max": NaN,
        "nauc_recall_at_3_std": NaN,
        "nauc_recall_at_5_diff1": NaN,
        "nauc_recall_at_5_max": NaN,
        "nauc_recall_at_5_std": NaN,
        "ndcg_at_1": 0.0,
        "ndcg_at_10": 0.00356,
        "ndcg_at_100": 0.02451,
        "ndcg_at_1000": 0.1247,
        "ndcg_at_20": 0.00596,
        "ndcg_at_3": 0.0,
        "ndcg_at_5": 0.0,
        "precision_at_1": 0.0,
        "precision_at_10": 0.001,
        "precision_at_100": 0.0013,
        "precision_at_1000": 0.001,
        "precision_at_20": 0.001,
        "precision_at_3": 0.0,
        "precision_at_5": 0.0,
        "recall_at_1": 0.0,
        "recall_at_10": 0.01,
        "recall_at_100": 0.13,
        "recall_at_1000": 1.0,
        "recall_at_20": 0.02,
        "recall_at_3": 0.0,
        "recall_at_5": 0.0
      }
    ]
  },
  "task_name": "VidoreShiftProjectRetrieval"
}