{
  "dataset_revision": "501f02a80aff50c90045b0feaa81565c4e8f889e",
  "evaluation_time": 4.464544057846069,
  "kg_co2_emissions": 0.00014875788982045531,
  "mteb_version": "1.14.15",
  "scores": {
    "test": [
      {
        "cv_recall_at_1": 0.01071,
        "cv_recall_at_10": 0.13214,
        "cv_recall_at_100": 0.51071,
        "cv_recall_at_1000": 1.0,
        "cv_recall_at_20": 0.20714,
        "cv_recall_at_3": 0.04286,
        "cv_recall_at_5": 0.08571,
        "hf_subset": "default",
        "languages": [
          "eng-Latn"
        ],
        "main_score": 0.04479,
        "map_at_1": 0.01071,
        "map_at_10": 0.0399,
        "map_at_100": 0.05093,
        "map_at_1000": 0.05379,
        "map_at_20": 0.04464,
        "map_at_3": 0.02381,
        "map_at_5": 0.03274,
        "mrr_at_1": 0.010714285714285714,
        "mrr_at_10": 0.038758503401360535,
        "mrr_at_100": 0.05029761719452319,
        "mrr_at_1000": 0.05315770983618535,
        "mrr_at_20": 0.04401585809148833,
        "mrr_at_3": 0.023214285714285715,
        "mrr_at_5": 0.03285714285714286,
        "nauc_cv_recall_at_1000_diff1": NaN,
        "nauc_cv_recall_at_1000_max": NaN,
        "nauc_cv_recall_at_1000_std": NaN,
        "nauc_cv_recall_at_100_diff1": -0.014501609418828955,
        "nauc_cv_recall_at_100_max": 0.2243996555025766,
        "nauc_cv_recall_at_100_std": 0.2884973465037843,
        "nauc_cv_recall_at_10_diff1": -0.06586651285171355,
        "nauc_cv_recall_at_10_max": 0.32339067154449697,
        "nauc_cv_recall_at_10_std": 0.33604879937420495,
        "nauc_cv_recall_at_1_diff1": -0.09686074590823733,
        "nauc_cv_recall_at_1_max": 0.44781325462838745,
        "nauc_cv_recall_at_1_std": 0.1961363026562919,
        "nauc_cv_recall_at_20_diff1": 0.06104204815577274,
        "nauc_cv_recall_at_20_max": 0.29894908044538965,
        "nauc_cv_recall_at_20_std": 0.28781433754535196,
        "nauc_cv_recall_at_3_diff1": -0.29652982738574385,
        "nauc_cv_recall_at_3_max": 0.2162820856810661,
        "nauc_cv_recall_at_3_std": 0.11079062695644386,
        "nauc_cv_recall_at_5_diff1": -0.23903273410249545,
        "nauc_cv_recall_at_5_max": 0.2856855379661926,
        "nauc_cv_recall_at_5_std": 0.2736338431267329,
        "nauc_map_at_1000_diff1": -0.17375572759905925,
        "nauc_map_at_1000_max": 0.15980554525249235,
        "nauc_map_at_1000_std": 0.20410162719650876,
        "nauc_map_at_100_diff1": -0.1702058092291348,
        "nauc_map_at_100_max": 0.16074179389252788,
        "nauc_map_at_100_std": 0.20534353869477057,
        "nauc_map_at_10_diff1": -0.19906536201652889,
        "nauc_map_at_10_max": 0.15182468961159093,
        "nauc_map_at_10_std": 0.19502631908018325,
        "nauc_map_at_1_diff1": -0.436096950183347,
        "nauc_map_at_1_max": -0.4642697433145517,
        "nauc_map_at_1_std": -0.3287720239692337,
        "nauc_map_at_20_diff1": -0.16616537586079483,
        "nauc_map_at_20_max": 0.17179443011466428,
        "nauc_map_at_20_std": 0.20446467651491684,
        "nauc_map_at_3_diff1": -0.36951301314730356,
        "nauc_map_at_3_max": 0.056680976656828454,
        "nauc_map_at_3_std": 0.13581969412396028,
        "nauc_map_at_5_diff1": -0.28121618655023534,
        "nauc_map_at_5_max": 0.12723223650511015,
        "nauc_map_at_5_std": 0.168374271288143,
        "nauc_mrr_at_1000_diff1": -0.12182698719117863,
        "nauc_mrr_at_1000_max": 0.27249284072135865,
        "nauc_mrr_at_1000_std": 0.23851193673577484,
        "nauc_mrr_at_100_diff1": -0.1194886798688505,
        "nauc_mrr_at_100_max": 0.27059179806103234,
        "nauc_mrr_at_100_std": 0.2389128958593781,
        "nauc_mrr_at_10_diff1": -0.15909492625248875,
        "nauc_mrr_at_10_max": 0.292045748390825,
        "nauc_mrr_at_10_std": 0.24650765721868229,
        "nauc_mrr_at_1_diff1": -0.09686074590823733,
        "nauc_mrr_at_1_max": 0.44781325462838745,
        "nauc_mrr_at_1_std": 0.1961363026562919,
        "nauc_mrr_at_20_diff1": -0.11346387974251297,
        "nauc_mrr_at_20_max": 0.2847935110960228,
        "nauc_mrr_at_20_std": 0.23873961629283527,
        "nauc_mrr_at_3_diff1": -0.24510674014296233,
        "nauc_mrr_at_3_max": 0.2415292426024919,
        "nauc_mrr_at_3_std": 0.10670574394749327,
        "nauc_mrr_at_5_diff1": -0.2302698094204843,
        "nauc_mrr_at_5_max": 0.2763038423101302,
        "nauc_mrr_at_5_std": 0.21040935126748403,
        "nauc_ndcg_at_1000_diff1": -0.11397849335573831,
        "nauc_ndcg_at_1000_max": 0.19562490567991714,
        "nauc_ndcg_at_1000_std": 0.2384990769109203,
        "nauc_ndcg_at_100_diff1": -0.08079287402386014,
        "nauc_ndcg_at_100_max": 0.2038760935778721,
        "nauc_ndcg_at_100_std": 0.2537371584668023,
        "nauc_ndcg_at_10_diff1": -0.11028412464367848,
        "nauc_ndcg_at_10_max": 0.2129867079035904,
        "nauc_ndcg_at_10_std": 0.24377216745925334,
        "nauc_ndcg_at_1_diff1": -0.436096950183347,
        "nauc_ndcg_at_1_max": -0.4642697433145517,
        "nauc_ndcg_at_1_std": -0.3287720239692337,
        "nauc_ndcg_at_20_diff1": -0.052896288925593477,
        "nauc_ndcg_at_20_max": 0.24138346032581204,
        "nauc_ndcg_at_20_std": 0.25167646736510024,
        "nauc_ndcg_at_3_diff1": -0.357104052957453,
        "nauc_ndcg_at_3_max": 0.11814364166197502,
        "nauc_ndcg_at_3_std": 0.18926988365144848,
        "nauc_ndcg_at_5_diff1": -0.24055503540273268,
        "nauc_ndcg_at_5_max": 0.18706690867498973,
        "nauc_ndcg_at_5_std": 0.2113335350379055,
        "nauc_precision_at_1000_diff1": NaN,
        "nauc_precision_at_1000_max": NaN,
        "nauc_precision_at_1000_std": NaN,
        "nauc_precision_at_100_diff1": -0.014501609418829046,
        "nauc_precision_at_100_max": 0.2243996555025766,
        "nauc_precision_at_100_std": 0.28849734650378406,
        "nauc_precision_at_10_diff1": -0.006890100613720896,
        "nauc_precision_at_10_max": 0.27167225631782677,
        "nauc_precision_at_10_std": 0.2906694652947304,
        "nauc_precision_at_1_diff1": -0.436096950183347,
        "nauc_precision_at_1_max": -0.4642697433145517,
        "nauc_precision_at_1_std": -0.3287720239692337,
        "nauc_precision_at_20_diff1": 0.06104204815577293,
        "nauc_precision_at_20_max": 0.2989490804453901,
        "nauc_precision_at_20_std": 0.28781433754535246,
        "nauc_precision_at_3_diff1": -0.33632948752347747,
        "nauc_precision_at_3_max": 0.21628208568106613,
        "nauc_precision_at_3_std": 0.274326983275199,
        "nauc_precision_at_5_diff1": -0.18605709219444497,
        "nauc_precision_at_5_max": 0.25818644206203856,
        "nauc_precision_at_5_std": 0.2608345679588433,
        "nauc_recall_at_1000_diff1": NaN,
        "nauc_recall_at_1000_max": NaN,
        "nauc_recall_at_1000_std": NaN,
        "nauc_recall_at_100_diff1": -0.014501609418828955,
        "nauc_recall_at_100_max": 0.2243996555025766,
        "nauc_recall_at_100_std": 0.2884973465037843,
        "nauc_recall_at_10_diff1": -0.006890100613720917,
        "nauc_recall_at_10_max": 0.2716722563178267,
        "nauc_recall_at_10_std": 0.2906694652947306,
        "nauc_recall_at_1_diff1": -0.436096950183347,
        "nauc_recall_at_1_max": -0.4642697433145517,
        "nauc_recall_at_1_std": -0.3287720239692337,
        "nauc_recall_at_20_diff1": 0.06104204815577274,
        "nauc_recall_at_20_max": 0.29894908044538965,
        "nauc_recall_at_20_std": 0.28781433754535196,
        "nauc_recall_at_3_diff1": -0.33632948752347747,
        "nauc_recall_at_3_max": 0.2162820856810661,
        "nauc_recall_at_3_std": 0.274326983275199,
        "nauc_recall_at_5_diff1": -0.1860570921944448,
        "nauc_recall_at_5_max": 0.25818644206203845,
        "nauc_recall_at_5_std": 0.2608345679588432,
        "ndcg_at_1": 0.01071,
        "ndcg_at_10": 0.06281,
        "ndcg_at_100": 0.1332,
        "ndcg_at_1000": 0.19872,
        "ndcg_at_20": 0.08,
        "ndcg_at_3": 0.02866,
        "ndcg_at_5": 0.04479,