{
  "dataset_revision": "86f09ebc1703516c76e5f931465e2ed7626a5e52",
  "evaluation_time": 47.67689919471741,
  "kg_co2_emissions": 0.0013388906455482268,
  "mteb_version": "1.14.15",
  "scores": {
    "test": [
      {
        "cv_recall_at_1": 0.17,
        "cv_recall_at_10": 0.54,
        "cv_recall_at_100": 0.84,
        "cv_recall_at_1000": 1.0,
        "cv_recall_at_20": 0.65,
        "cv_recall_at_3": 0.36,
        "cv_recall_at_5": 0.44,
        "hf_subset": "default",
        "languages": [
          "eng-Latn"
        ],
        "main_score": 0.30437,
        "map_at_1": 0.17,
        "map_at_10": 0.28063,
        "map_at_100": 0.29471,
        "map_at_1000": 0.29534,
        "map_at_20": 0.28943,
        "map_at_3": 0.25167,
        "map_at_5": 0.26567,
        "mrr_at_1": 0.17,
        "mrr_at_10": 0.28181746031746024,
        "mrr_at_100": 0.29491526632655135,
        "mrr_at_1000": 0.29555384294417253,
        "mrr_at_20": 0.2895652202974184,
        "mrr_at_3": 0.25166666666666665,
        "mrr_at_5": 0.2691666666666666,
        "nauc_cv_recall_at_1000_diff1": NaN,
        "nauc_cv_recall_at_1000_max": NaN,
        "nauc_cv_recall_at_1000_std": NaN,
        "nauc_cv_recall_at_100_diff1": 0.375184094256259,
        "nauc_cv_recall_at_100_max": 0.374079528718704,
        "nauc_cv_recall_at_100_std": 0.03666543937162513,
        "nauc_cv_recall_at_10_diff1": -0.13432524797866138,
        "nauc_cv_recall_at_10_max": 0.24729793559500976,
        "nauc_cv_recall_at_10_std": -0.26403823178016755,
        "nauc_cv_recall_at_1_diff1": -0.0980032637195403,
        "nauc_cv_recall_at_1_max": 0.2738407378206421,
        "nauc_cv_recall_at_1_std": -0.16395606813472943,
        "nauc_cv_recall_at_20_diff1": -0.10205875172918878,
        "nauc_cv_recall_at_20_max": 0.26150215640003227,
        "nauc_cv_recall_at_20_std": -0.08440068353812402,
        "nauc_cv_recall_at_3_diff1": -0.2723586836718628,
        "nauc_cv_recall_at_3_max": 0.2809137668608618,
        "nauc_cv_recall_at_3_std": -0.3072482023828268,
        "nauc_cv_recall_at_5_diff1": -0.19592055123453556,
        "nauc_cv_recall_at_5_max": 0.26372866315185045,
        "nauc_cv_recall_at_5_std": -0.32083572584433884,
        "nauc_map_at_1000_diff1": -0.15564264982378354,
        "nauc_map_at_1000_max": 0.2964690392983425,
        "nauc_map_at_1000_std": -0.21638807394479032,
        "nauc_map_at_100_diff1": -0.15458633993688797,
        "nauc_map_at_100_max": 0.29632647339754464,
        "nauc_map_at_100_std": -0.21605646346331245,
        "nauc_map_at_10_diff1": -0.1666897025503044,
        "nauc_map_at_10_max": 0.2857112675434091,
        "nauc_map_at_10_std": -0.23271560883667675,
        "nauc_map_at_1_diff1": -0.10313720456920754,
        "nauc_map_at_1_max": 0.3059828746401658,
        "nauc_map_at_1_std": -0.1770476173013808,
        "nauc_map_at_20_diff1": -0.16296932087779317,
        "nauc_map_at_20_max": 0.29205637682873486,
        "nauc_map_at_20_std": -0.21848095603465204,
        "nauc_map_at_3_diff1": -0.18357122772077997,
        "nauc_map_at_3_max": 0.29319440610674424,
        "nauc_map_at_3_std": -0.22645671078870178,
        "nauc_map_at_5_diff1": -0.17619071354685076,
        "nauc_map_at_5_max": 0.2962150296062929,
        "nauc_map_at_5_std": -0.23985259288225974,
        "nauc_mrr_at_1000_diff1": -0.15835365642360194,
        "nauc_mrr_at_1000_max": 0.2814320335517726,
        "nauc_mrr_at_1000_std": -0.2097792629256813,
        "nauc_mrr_at_100_diff1": -0.15728990822872188,
        "nauc_mrr_at_100_max": 0.2813147009554522,
        "nauc_mrr_at_100_std": -0.2094655476536718,
        "nauc_mrr_at_10_diff1": -0.16816556342869823,
        "nauc_mrr_at_10_max": 0.27497829638557464,
        "nauc_mrr_at_10_std": -0.2255307035397326,
        "nauc_mrr_at_1_diff1": -0.0980032637195403,
        "nauc_mrr_at_1_max": 0.2738407378206421,
        "nauc_mrr_at_1_std": -0.16395606813472943,
        "nauc_mrr_at_20_diff1": -0.16564901889400319,
        "nauc_mrr_at_20_max": 0.2772039859524007,
        "nauc_mrr_at_20_std": -0.21220632822481247,
        "nauc_mrr_at_3_diff1": -0.20527710203102378,
        "nauc_mrr_at_3_max": 0.2828625750379866,
        "nauc_mrr_at_3_std": -0.22634836199846756,
        "nauc_mrr_at_5_diff1": -0.18040654728271294,
        "nauc_mrr_at_5_max": 0.27918340448919,
        "nauc_mrr_at_5_std": -0.23079055722951647,
        "nauc_ndcg_at_1000_diff1": -0.1358836826745153,
        "nauc_ndcg_at_1000_max": 0.30058921272262956,
        "nauc_ndcg_at_1000_std": -0.20543070692381576,
        "nauc_ndcg_at_100_diff1": -0.10091772091416808,
        "nauc_ndcg_at_100_max": 0.30363178763051163,
        "nauc_ndcg_at_100_std": -0.18999120205495507,
        "nauc_ndcg_at_10_diff1": -0.16166874625379876,
        "nauc_ndcg_at_10_max": 0.2671756990636676,
        "nauc_ndcg_at_10_std": -0.2442500247920323,
        "nauc_ndcg_at_1_diff1": -0.10313720456920754,
        "nauc_ndcg_at_1_max": 0.3059828746401658,
        "nauc_ndcg_at_1_std": -0.1770476173013808,
        "nauc_ndcg_at_20_diff1": -0.15189478944993196,
        "nauc_ndcg_at_20_max": 0.2845525124643027,
        "nauc_ndcg_at_20_std": -0.19695195424087367,
        "nauc_ndcg_at_3_diff1": -0.1941508956745511,
        "nauc_ndcg_at_3_max": 0.287222642661784,
        "nauc_ndcg_at_3_std": -0.24169318255576946,
        "nauc_ndcg_at_5_diff1": -0.1839462386215007,
        "nauc_ndcg_at_5_max": 0.2902471577021277,
        "nauc_ndcg_at_5_std": -0.2636609184377249,
        "nauc_precision_at_1000_diff1": NaN,
        "nauc_precision_at_1000_max": NaN,
        "nauc_precision_at_1000_std": NaN,
        "nauc_precision_at_100_diff1": 0.37518409425625915,
        "nauc_precision_at_100_max": 0.37407952871870453,
        "nauc_precision_at_100_std": 0.03666543937162535,
        "nauc_precision_at_10_diff1": -0.1379537863063408,
        "nauc_precision_at_10_max": 0.2107795296155277,
        "nauc_precision_at_10_std": -0.266299193116056,
        "nauc_precision_at_1_diff1": -0.10313720456920754,
        "nauc_precision_at_1_max": 0.3059828746401658,
        "nauc_precision_at_1_std": -0.1770476173013808,
        "nauc_precision_at_20_diff1": -0.10205875172918828,
        "nauc_precision_at_20_max": 0.26150215640003294,
        "nauc_precision_at_20_std": -0.08440068353812297,
        "nauc_precision_at_3_diff1": -0.21724925208628595,
        "nauc_precision_at_3_max": 0.27186007452894545,
        "nauc_precision_at_3_std": -0.2796934865900384,
        "nauc_precision_at_5_diff1": -0.20028773621587992,
        "nauc_precision_at_5_max": 0.274049303989424,
        "nauc_precision_at_5_std": -0.32435129740518975,
        "nauc_recall_at_1000_diff1": NaN,
        "nauc_recall_at_1000_max": NaN,
        "nauc_recall_at_1000_std": NaN,
        "nauc_recall_at_100_diff1": 0.375184094256259,
        "nauc_recall_at_100_max": 0.374079528718704,
        "nauc_recall_at_100_std": 0.03666543937162513,
        "nauc_recall_at_10_diff1": -0.13795378630634117,
        "nauc_recall_at_10_max": 0.2107795296155271,
        "nauc_recall_at_10_std": -0.2662991931160568,
        "nauc_recall_at_1_diff1": -0.10313720456920754,
        "nauc_recall_at_1_max": 0.3059828746401658,
        "nauc_recall_at_1_std": -0.1770476173013808,
        "nauc_recall_at_20_diff1": -0.10205875172918878,
        "nauc_recall_at_20_max": 0.26150215640003227,
        "nauc_recall_at_20_std": -0.08440068353812402,
        "nauc_recall_at_3_diff1": -0.21724925208628562,
        "nauc_recall_at_3_max": 0.27186007452894545,
        "nauc_recall_at_3_std": -0.2796934865900382,
        "nauc_recall_at_5_diff1": -0.20028773621587995,
        "nauc_recall_at_5_max": 0.2740493039894238,
        "nauc_recall_at_5_std": -0.32435129740518953,
        "ndcg_at_1": 0.17,
        "ndcg_at_10": 0.34021,
        "ndcg_at_100": 0.40724,
        "ndcg_at_1000": 0.42698,
        "ndcg_at_20": 0.37114,
        "ndcg_at_3": 0.2794,
        "ndcg_at_5": 0.30437,