{
  "dataset_revision": "3f018eb7ad32218a5a4ebd704493e0834a265cf5",
  "evaluation_time": 55.709555864334106,
  "kg_co2_emissions": 0.0018596818520967369,
  "mteb_version": "1.14.15",
  "scores": {
    "test": [
      {
        "cv_recall_at_1": 0.73529,
        "cv_recall_at_10": 0.88235,
        "cv_recall_at_100": 0.95588,
        "cv_recall_at_1000": 1.0,
        "cv_recall_at_20": 0.89706,
        "cv_recall_at_3": 0.85294,
        "cv_recall_at_5": 0.85294,
        "hf_subset": "default",
        "languages": [
          "eng-Latn"
        ],
        "main_score": 0.73529,
        "map_at_1": 0.13042,
        "map_at_10": 0.25968,
        "map_at_100": 0.38842,
        "map_at_1000": 0.45716,
        "map_at_20": 0.30158,
        "map_at_3": 0.18336,
        "map_at_5": 0.21524,
        "mrr_at_1": 0.7352941176470589,
        "mrr_at_10": 0.7910539215686275,
        "mrr_at_100": 0.7933410591595578,
        "mrr_at_1000": 0.7934260056430172,
        "mrr_at_20": 0.7919730392156863,
        "mrr_at_3": 0.786764705882353,
        "mrr_at_5": 0.786764705882353,
        "nauc_cv_recall_at_1000_diff1": NaN,
        "nauc_cv_recall_at_1000_max": NaN,
        "nauc_cv_recall_at_1000_std": NaN,
        "nauc_cv_recall_at_100_diff1": 0.6494908209555653,
        "nauc_cv_recall_at_100_max": 0.34552497083955047,
        "nauc_cv_recall_at_100_std": -0.7215283364815707,
        "nauc_cv_recall_at_10_diff1": 0.349983588964041,
        "nauc_cv_recall_at_10_max": 0.4751191061338714,
        "nauc_cv_recall_at_10_std": -0.16416704464080162,
        "nauc_cv_recall_at_1_diff1": 0.22611338220019905,
        "nauc_cv_recall_at_1_max": 0.5721351402347079,
        "nauc_cv_recall_at_1_std": 0.03875878561328643,
        "nauc_cv_recall_at_20_diff1": 0.2904664162524042,
        "nauc_cv_recall_at_20_max": 0.6159024096554966,
        "nauc_cv_recall_at_20_std": -0.10273307599284716,
        "nauc_cv_recall_at_3_diff1": 0.4020216984561987,
        "nauc_cv_recall_at_3_max": 0.47529695045327675,
        "nauc_cv_recall_at_3_std": -0.017507278723804198,
        "nauc_cv_recall_at_5_diff1": 0.4020216984561987,
        "nauc_cv_recall_at_5_max": 0.47529695045327675,
        "nauc_cv_recall_at_5_std": -0.017507278723804198,
        "nauc_map_at_1000_diff1": 0.1236685812626731,
        "nauc_map_at_1000_max": 0.23699859730615738,
        "nauc_map_at_1000_std": 0.22649631451677726,
        "nauc_map_at_100_diff1": 0.22296442159642482,
        "nauc_map_at_100_max": 0.004587415425519445,
        "nauc_map_at_100_std": -0.043478363094710704,
        "nauc_map_at_10_diff1": 0.4255161880248732,
        "nauc_map_at_10_max": -0.3458394705233907,
        "nauc_map_at_10_std": -0.3249532166597778,
        "nauc_map_at_1_diff1": 0.4776100093926278,
        "nauc_map_at_1_max": -0.39709309291060735,
        "nauc_map_at_1_std": -0.2518124735072388,
        "nauc_map_at_20_diff1": 0.361742755159717,
        "nauc_map_at_20_max": -0.25232752533857666,
        "nauc_map_at_20_std": -0.28620424472665507,
        "nauc_map_at_3_diff1": 0.45940744238377523,
        "nauc_map_at_3_max": -0.39238310600575166,
        "nauc_map_at_3_std": -0.2873905786457698,
        "nauc_map_at_5_diff1": 0.47078052583272606,
        "nauc_map_at_5_max": -0.38098097007187354,
        "nauc_map_at_5_std": -0.3103419715617098,
        "nauc_mrr_at_1000_diff1": 0.28103316350708885,
        "nauc_mrr_at_1000_max": 0.5487850538814386,
        "nauc_mrr_at_1000_std": -0.00960847724171514,
        "nauc_mrr_at_100_diff1": 0.2812190616851499,
        "nauc_mrr_at_100_max": 0.5487032995827179,
        "nauc_mrr_at_100_std": -0.009782899399283512,
        "nauc_mrr_at_10_diff1": 0.2809258439212157,
        "nauc_mrr_at_10_max": 0.5457219710786984,
        "nauc_mrr_at_10_std": -0.009802959044607972,
        "nauc_mrr_at_1_diff1": 0.22611338220019905,
        "nauc_mrr_at_1_max": 0.5721351402347079,
        "nauc_mrr_at_1_std": 0.03875878561328643,
        "nauc_mrr_at_20_diff1": 0.27861884642410667,
        "nauc_mrr_at_20_max": 0.5507889432095159,
        "nauc_mrr_at_20_std": -0.007072258650415643,
        "nauc_mrr_at_3_diff1": 0.2877641753436662,
        "nauc_mrr_at_3_max": 0.5462354339644588,
        "nauc_mrr_at_3_std": 0.004160900778265702,
        "nauc_mrr_at_5_diff1": 0.2877641753436662,
        "nauc_mrr_at_5_max": 0.5462354339644588,
        "nauc_mrr_at_5_std": 0.004160900778265702,
        "nauc_ndcg_at_1000_diff1": 0.17568311657072402,
        "nauc_ndcg_at_1000_max": 0.3268929321637521,
        "nauc_ndcg_at_1000_std": 0.16935180787678775,
        "nauc_ndcg_at_100_diff1": 0.14387434628621557,
        "nauc_ndcg_at_100_max": 0.22837442060058083,
        "nauc_ndcg_at_100_std": 0.1642999898404693,
        "nauc_ndcg_at_10_diff1": 0.044857109825964636,
        "nauc_ndcg_at_10_max": 0.4187627636616922,
        "nauc_ndcg_at_10_std": 0.2066911572845767,
        "nauc_ndcg_at_1_diff1": 0.22611338220019905,
        "nauc_ndcg_at_1_max": 0.5721351402347079,
        "nauc_ndcg_at_1_std": 0.03875878561328643,
        "nauc_ndcg_at_20_diff1": 0.09301321241228351,
        "nauc_ndcg_at_20_max": 0.35909030831481187,
        "nauc_ndcg_at_20_std": 0.21421422613424923,
        "nauc_ndcg_at_3_diff1": 8.64811021967565e-05,
        "nauc_ndcg_at_3_max": 0.49209296259791,
        "nauc_ndcg_at_3_std": 0.21947290540769707,
        "nauc_ndcg_at_5_diff1": 0.04679551857175061,
        "nauc_ndcg_at_5_max": 0.45083595028071183,
        "nauc_ndcg_at_5_std": 0.19808697392941785,
        "nauc_precision_at_1000_diff1": -0.19536078461886128,
        "nauc_precision_at_1000_max": 0.5902320791789385,
        "nauc_precision_at_1000_std": 0.634511409816493,
        "nauc_precision_at_100_diff1": -0.28031811559049474,
        "nauc_precision_at_100_max": 0.6519770500681925,
        "nauc_precision_at_100_std": 0.6749451696952291,
        "nauc_precision_at_10_diff1": -0.28527922874765105,
        "nauc_precision_at_10_max": 0.6362925929929805,
        "nauc_precision_at_10_std": 0.38225178657076125,
        "nauc_precision_at_1_diff1": 0.22611338220019905,
        "nauc_precision_at_1_max": 0.5721351402347079,
        "nauc_precision_at_1_std": 0.03875878561328643,
        "nauc_precision_at_20_diff1": -0.32161118316301823,
        "nauc_precision_at_20_max": 0.6908618099808207,
        "nauc_precision_at_20_std": 0.4931957507616429,
        "nauc_precision_at_3_diff1": -0.15962979354215237,
        "nauc_precision_at_3_max": 0.5799883431892577,
        "nauc_precision_at_3_std": 0.3060961165808038,
        "nauc_precision_at_5_diff1": -0.19193525176432816,
        "nauc_precision_at_5_max": 0.5844623886643188,
        "nauc_precision_at_5_std": 0.3099798950369365,
        "nauc_recall_at_1000_diff1": -0.03284446625970228,
        "nauc_recall_at_1000_max": 0.04861024833029486,
        "nauc_recall_at_1000_std": 0.1630332106752664,
        "nauc_recall_at_100_diff1": 0.2243991413491196,
        "nauc_recall_at_100_max": -0.22740367983381224,
        "nauc_recall_at_100_std": -0.2604992169940748,
        "nauc_recall_at_10_diff1": 0.3353075921228084,
        "nauc_recall_at_10_max": -0.41332667028277587,
        "nauc_recall_at_10_std": -0.37436796826948504,
        "nauc_recall_at_1_diff1": 0.4776100093926278,
        "nauc_recall_at_1_max": -0.39709309291060735,
        "nauc_recall_at_1_std": -0.2518124735072388,
        "nauc_recall_at_20_diff1": 0.328820104313433,
        "nauc_recall_at_20_max": -0.3487041967839088,
        "nauc_recall_at_20_std": -0.3698739996968648,
        "nauc_recall_at_3_diff1": 0.3770469458457255,
        "nauc_recall_at_3_max": -0.39492874416366275,
        "nauc_recall_at_3_std": -0.28374629690346176,
        "nauc_recall_at_5_diff1": 0.4094596965743285,
        "nauc_recall_at_5_max": -0.3907404193982371,
        "nauc_recall_at_5_std": -0.31766199958160324,
        "ndcg_at_1": 0.73529,
        "ndcg_at_10": 0.61188,
        "ndcg_at_100": 0.60326,
        "ndcg_at_1000": 0.69705,