{
  "dataset_revision": "3bd28e9c45e15f299117c634799f7035c4de2d31",
  "evaluation_time": 47.311057329177856,
  "kg_co2_emissions": 0.0015964548356570383,
  "mteb_version": "1.14.15",
  "scores": {
    "test": [
      {
        "cv_recall_at_1": 0.75714,
        "cv_recall_at_10": 0.88571,
        "cv_recall_at_100": 0.97143,
        "cv_recall_at_1000": 1.0,
        "cv_recall_at_20": 0.9,
        "cv_recall_at_3": 0.84286,
        "cv_recall_at_5": 0.85714,
        "hf_subset": "default",
        "languages": [
          "eng-Latn"
        ],
        "main_score": 0.75714,
        "map_at_1": 0.05612,
        "map_at_10": 0.14061,
        "map_at_100": 0.24361,
        "map_at_1000": 0.31757,
        "map_at_20": 0.17131,
        "map_at_3": 0.08548,
        "map_at_5": 0.10827,
        "mrr_at_1": 0.7571428571428571,
        "mrr_at_10": 0.8053571428571429,
        "mrr_at_100": 0.8078144383879677,
        "mrr_at_1000": 0.8080219482693907,
        "mrr_at_20": 0.80625,
        "mrr_at_3": 0.7976190476190477,
        "mrr_at_5": 0.8011904761904762,
        "nauc_cv_recall_at_1000_diff1": NaN,
        "nauc_cv_recall_at_1000_max": NaN,
        "nauc_cv_recall_at_1000_std": NaN,
        "nauc_cv_recall_at_100_diff1": 0.2754435107376266,
        "nauc_cv_recall_at_100_max": 0.5613912231559313,
        "nauc_cv_recall_at_100_std": -0.5929038281979429,
        "nauc_cv_recall_at_10_diff1": 0.3264712861888946,
        "nauc_cv_recall_at_10_max": 0.5329259610821064,
        "nauc_cv_recall_at_10_std": 0.051020408163265814,
        "nauc_cv_recall_at_1_diff1": 0.24442131684471552,
        "nauc_cv_recall_at_1_max": 0.4770271511218588,
        "nauc_cv_recall_at_1_std": 0.12605222075974157,
        "nauc_cv_recall_at_20_diff1": 0.2638388688808849,
        "nauc_cv_recall_at_20_max": 0.6796051754034941,
        "nauc_cv_recall_at_20_std": 0.13785514205682367,
        "nauc_cv_recall_at_3_diff1": 0.38517066215132373,
        "nauc_cv_recall_at_3_max": 0.49108813831209325,
        "nauc_cv_recall_at_3_std": 0.03555832813474705,
        "nauc_cv_recall_at_5_diff1": 0.3827502429543257,
        "nauc_cv_recall_at_5_max": 0.5227405247813409,
        "nauc_cv_recall_at_5_std": 0.15864917395529687,
        "nauc_map_at_1000_diff1": -0.06607756073387246,
        "nauc_map_at_1000_max": 0.3966187216026032,
        "nauc_map_at_1000_std": 0.38747111202866585,
        "nauc_map_at_100_diff1": 0.0374220490333662,
        "nauc_map_at_100_max": 0.15386751502948268,
        "nauc_map_at_100_std": 0.066666388363073,
        "nauc_map_at_10_diff1": 0.2658549869617409,
        "nauc_map_at_10_max": -0.24878920166446783,
        "nauc_map_at_10_std": -0.25585455054079165,
        "nauc_map_at_1_diff1": 0.43747261266336185,
        "nauc_map_at_1_max": -0.3780828281524895,
        "nauc_map_at_1_std": -0.2210773267014383,
        "nauc_map_at_20_diff1": 0.19209876123604538,
        "nauc_map_at_20_max": -0.13701197195092027,
        "nauc_map_at_20_std": -0.21557842399543997,
        "nauc_map_at_3_diff1": 0.3694773881047582,
        "nauc_map_at_3_max": -0.3532322772960009,
        "nauc_map_at_3_std": -0.24129894394462834,
        "nauc_map_at_5_diff1": 0.350240709174431,
        "nauc_map_at_5_max": -0.31357768684398013,
        "nauc_map_at_5_std": -0.2504103216794664,
        "nauc_mrr_at_1000_diff1": 0.30191588913657785,
        "nauc_mrr_at_1000_max": 0.4880097097847565,
        "nauc_mrr_at_1000_std": 0.1008983147005734,
        "nauc_mrr_at_100_diff1": 0.3020168179841054,
        "nauc_mrr_at_100_max": 0.48796625838008717,
        "nauc_mrr_at_100_std": 0.10042280972372608,
        "nauc_mrr_at_10_diff1": 0.302843428372848,
        "nauc_mrr_at_10_max": 0.48603108409585233,
        "nauc_mrr_at_10_std": 0.10160043687768988,
        "nauc_mrr_at_1_diff1": 0.24442131684471552,
        "nauc_mrr_at_1_max": 0.4770271511218588,
        "nauc_mrr_at_1_std": 0.12605222075974157,
        "nauc_mrr_at_20_diff1": 0.3005456690054712,
        "nauc_mrr_at_20_max": 0.49096732374439184,
        "nauc_mrr_at_20_std": 0.10486365286600835,
        "nauc_mrr_at_3_diff1": 0.31118753551242595,
        "nauc_mrr_at_3_max": 0.48196417356978377,
        "nauc_mrr_at_3_std": 0.0897813929842396,
        "nauc_mrr_at_5_diff1": 0.309476162090486,
        "nauc_mrr_at_5_max": 0.4877525820853759,
        "nauc_mrr_at_5_std": 0.11381552535857384,
        "nauc_ndcg_at_1000_diff1": 0.016501956600724746,
        "nauc_ndcg_at_1000_max": 0.40968691962240045,
        "nauc_ndcg_at_1000_std": 0.2594270762457231,
        "nauc_ndcg_at_100_diff1": -0.023594234810905595,
        "nauc_ndcg_at_100_max": 0.3511230513613014,
        "nauc_ndcg_at_100_std": 0.32565278968767286,
        "nauc_ndcg_at_10_diff1": -0.13001306876954496,
        "nauc_ndcg_at_10_max": 0.5044396928261253,
        "nauc_ndcg_at_10_std": 0.35510467857204064,
        "nauc_ndcg_at_1_diff1": 0.24442131684471552,
        "nauc_ndcg_at_1_max": 0.4770271511218588,
        "nauc_ndcg_at_1_std": 0.12605222075974157,
        "nauc_ndcg_at_20_diff1": -0.14005812269904544,
        "nauc_ndcg_at_20_max": 0.5230109547388514,
        "nauc_ndcg_at_20_std": 0.42529015803622566,
        "nauc_ndcg_at_3_diff1": 0.0027999262057125216,
        "nauc_ndcg_at_3_max": 0.4686298535714752,
        "nauc_ndcg_at_3_std": 0.27930510913444606,
        "nauc_ndcg_at_5_diff1": -0.029931711492731185,
        "nauc_ndcg_at_5_max": 0.4812082953947316,
        "nauc_ndcg_at_5_std": 0.29437289378289677,
        "nauc_precision_at_1000_diff1": -0.21080932591506535,
        "nauc_precision_at_1000_max": 0.4979966509368316,
        "nauc_precision_at_1000_std": 0.5944318082513668,
        "nauc_precision_at_100_diff1": -0.25419419033765595,
        "nauc_precision_at_100_max": 0.6015249946532658,
        "nauc_precision_at_100_std": 0.6452250254443854,
        "nauc_precision_at_10_diff1": -0.2360783339543739,
        "nauc_precision_at_10_max": 0.5629804441132226,
        "nauc_precision_at_10_std": 0.38271298251424957,
        "nauc_precision_at_1_diff1": 0.24442131684471552,
        "nauc_precision_at_1_max": 0.4770271511218588,
        "nauc_precision_at_1_std": 0.12605222075974157,
        "nauc_precision_at_20_diff1": -0.27762644680886067,
        "nauc_precision_at_20_max": 0.6119558249246803,
        "nauc_precision_at_20_std": 0.46599867089662855,
        "nauc_precision_at_3_diff1": -0.08449567243675099,
        "nauc_precision_at_3_max": 0.4915446071904125,
        "nauc_precision_at_3_std": 0.31557922769640456,
        "nauc_precision_at_5_diff1": -0.12609140695387192,
        "nauc_precision_at_5_max": 0.5132619801223602,
        "nauc_precision_at_5_std": 0.30832983485615373,
        "nauc_recall_at_1000_diff1": -0.10544423351958672,
        "nauc_recall_at_1000_max": 0.21608916099451542,
        "nauc_recall_at_1000_std": 0.16115795118923454,
        "nauc_recall_at_100_diff1": 0.0008271110438913888,
        "nauc_recall_at_100_max": -0.031629158600744334,
        "nauc_recall_at_100_std": -0.0912022258896521,
        "nauc_recall_at_10_diff1": 0.1933227025112731,
        "nauc_recall_at_10_max": -0.30090733787556007,
        "nauc_recall_at_10_std": -0.2661429736586578,
        "nauc_recall_at_1_diff1": 0.43747261266336185,
        "nauc_recall_at_1_max": -0.3780828281524895,
        "nauc_recall_at_1_std": -0.2210773267014383,
        "nauc_recall_at_20_diff1": 0.1701273712449124,
        "nauc_recall_at_20_max": -0.21507069219946057,
        "nauc_recall_at_20_std": -0.2714004190432296,
        "nauc_recall_at_3_diff1": 0.30327819183342997,
        "nauc_recall_at_3_max": -0.3455835302278615,
        "nauc_recall_at_3_std": -0.23611072401175592,
        "nauc_recall_at_5_diff1": 0.2764124270602441,
        "nauc_recall_at_5_max": -0.3035145342296366,
        "nauc_recall_at_5_std": -0.1960166949885423,
        "ndcg_at_1": 0.75714,
        "ndcg_at_10": 0.58103,
        "ndcg_at_100": 0.47456,
        "ndcg_at_1000": 0.58739,