{
  "dataset_revision": "f20b30211b7ba3fc64a02bd83998fe75f3023719",
  "evaluation_time": 112.30412530899048,
  "kg_co2_emissions": 0.008559285219591883,
  "mteb_version": "1.14.15",
  "scores": {
    "test": [
      {
        "cv_recall_at_1": 0.04286,
        "cv_recall_at_10": 0.61429,
        "cv_recall_at_100": 0.97143,
        "cv_recall_at_1000": 1.0,
        "cv_recall_at_20": 0.78571,
        "cv_recall_at_3": 0.2,
        "cv_recall_at_5": 0.41429,
        "hf_subset": "default",
        "languages": [
          "eng-Latn"
        ],
        "main_score": 0.04286,
        "map_at_1": 0.00305,
        "map_at_10": 0.09087,
        "map_at_100": 0.16356,
        "map_at_1000": 0.19537,
        "map_at_20": 0.12478,
        "map_at_3": 0.05003,
        "map_at_5": 0.0702,
        "mrr_at_1": 0.04285714285714286,
        "mrr_at_10": 0.19143424036281176,
        "mrr_at_100": 0.20757253738602027,
        "mrr_at_1000": 0.2077923176058005,
        "mrr_at_20": 0.20295407556962178,
        "mrr_at_3": 0.11666666666666665,
        "mrr_at_5": 0.16523809523809524,
        "nauc_cv_recall_at_1000_diff1": NaN,
        "nauc_cv_recall_at_1000_max": NaN,
        "nauc_cv_recall_at_1000_std": NaN,
        "nauc_cv_recall_at_100_diff1": 1.0,
        "nauc_cv_recall_at_100_max": -0.8576097105508853,
        "nauc_cv_recall_at_100_std": -1.739962651727359,
        "nauc_cv_recall_at_10_diff1": 0.7292459601122249,
        "nauc_cv_recall_at_10_max": -0.6632375649753152,
        "nauc_cv_recall_at_10_std": -0.3967245916614111,
        "nauc_cv_recall_at_1_diff1": 0.6619264824255433,
        "nauc_cv_recall_at_1_max": -0.45174850192290517,
        "nauc_cv_recall_at_1_std": -0.4392272605312586,
        "nauc_cv_recall_at_20_diff1": 0.7302789518174136,
        "nauc_cv_recall_at_20_max": -0.9691293322062553,
        "nauc_cv_recall_at_20_std": -0.843651732882502,
        "nauc_cv_recall_at_3_diff1": 0.6245675538539601,
        "nauc_cv_recall_at_3_max": -0.3581115365099868,
        "nauc_cv_recall_at_3_std": 0.08270676691729317,
        "nauc_cv_recall_at_5_diff1": 0.7799050135826884,
        "nauc_cv_recall_at_5_max": -0.596825162160664,
        "nauc_cv_recall_at_5_std": -0.25367286973555353,
        "nauc_map_at_1000_diff1": 0.6378471567775758,
        "nauc_map_at_1000_max": -0.4682226961391155,
        "nauc_map_at_1000_std": 0.07832195647975806,
        "nauc_map_at_100_diff1": 0.6258129799804274,
        "nauc_map_at_100_max": -0.4782774610769027,
        "nauc_map_at_100_std": -0.07195906671145574,
        "nauc_map_at_10_diff1": 0.8388699264385785,
        "nauc_map_at_10_max": -0.33670680113229695,
        "nauc_map_at_10_std": 0.03514146803740722,
        "nauc_map_at_1_diff1": 0.798456172215228,
        "nauc_map_at_1_max": -0.5510756571931783,
        "nauc_map_at_1_std": -0.4148469587831007,
        "nauc_map_at_20_diff1": 0.6926890808804853,
        "nauc_map_at_20_max": -0.4297483024019809,
        "nauc_map_at_20_std": 0.0018416177119818893,
        "nauc_map_at_3_diff1": 0.9312043985070786,
        "nauc_map_at_3_max": -0.20125385696007322,
        "nauc_map_at_3_std": 0.3607812364569948,
        "nauc_map_at_5_diff1": 0.8936019563396501,
        "nauc_map_at_5_max": -0.25465382783230406,
        "nauc_map_at_5_std": 0.15244073833885655,
        "nauc_mrr_at_1000_diff1": 0.6929838611710355,
        "nauc_mrr_at_1000_max": -0.5052532221119089,
        "nauc_mrr_at_1000_std": -0.18356349484441828,
        "nauc_mrr_at_100_diff1": 0.6933676118416704,
        "nauc_mrr_at_100_max": -0.5056936453393546,
        "nauc_mrr_at_100_std": -0.18550889492178074,
        "nauc_mrr_at_10_diff1": 0.6915404039457212,
        "nauc_mrr_at_10_max": -0.49281658409379697,
        "nauc_mrr_at_10_std": -0.16741585956845553,
        "nauc_mrr_at_1_diff1": 0.6619264824255433,
        "nauc_mrr_at_1_max": -0.45174850192290517,
        "nauc_mrr_at_1_std": -0.4392272605312586,
        "nauc_mrr_at_20_diff1": 0.6920052470232158,
        "nauc_mrr_at_20_max": -0.5158888890922956,
        "nauc_mrr_at_20_std": -0.19413170743510186,
        "nauc_mrr_at_3_diff1": 0.6460868524038492,
        "nauc_mrr_at_3_max": -0.37407913891217087,
        "nauc_mrr_at_3_std": -0.005835533737073383,
        "nauc_mrr_at_5_diff1": 0.7002372673958785,
        "nauc_mrr_at_5_max": -0.47434481713651433,
        "nauc_mrr_at_5_std": -0.13847198419594817,
        "nauc_ndcg_at_1000_diff1": 0.465709032788446,
        "nauc_ndcg_at_1000_max": -0.43340733296824374,
        "nauc_ndcg_at_1000_std": 0.17587020671988796,
        "nauc_ndcg_at_100_diff1": 0.6159455866989638,
        "nauc_ndcg_at_100_max": -0.5552315733138304,
        "nauc_ndcg_at_100_std": -0.1726396545193644,
        "nauc_ndcg_at_10_diff1": 0.7382047122485046,
        "nauc_ndcg_at_10_max": -0.4594921672238081,
        "nauc_ndcg_at_10_std": -0.13896737966116385,
        "nauc_ndcg_at_1_diff1": 0.6619264824255433,
        "nauc_ndcg_at_1_max": -0.45174850192290517,
        "nauc_ndcg_at_1_std": -0.4392272605312586,
        "nauc_ndcg_at_20_diff1": 0.6854625990585114,
        "nauc_ndcg_at_20_max": -0.5686314683655134,
        "nauc_ndcg_at_20_std": -0.11628681917964652,
        "nauc_ndcg_at_3_diff1": 0.7147311202548383,
        "nauc_ndcg_at_3_max": -0.3295378326047841,
        "nauc_ndcg_at_3_std": 0.042336014529495376,
        "nauc_ndcg_at_5_diff1": 0.7512901783511752,
        "nauc_ndcg_at_5_max": -0.4142825487666459,
        "nauc_ndcg_at_5_std": -0.11433477124998541,
        "nauc_precision_at_1000_diff1": -0.07706031912627462,
        "nauc_precision_at_1000_max": 0.0649090920726751,
        "nauc_precision_at_1000_std": 0.44301946701359207,
        "nauc_precision_at_100_diff1": 0.09554832070415724,
        "nauc_precision_at_100_max": -0.34666035628929603,
        "nauc_precision_at_100_std": -0.08595896121307448,
        "nauc_precision_at_10_diff1": 0.3360560516953457,
        "nauc_precision_at_10_max": -0.5111127245738439,
        "nauc_precision_at_10_std": -0.3574425002218509,
        "nauc_precision_at_1_diff1": 0.6619264824255433,
        "nauc_precision_at_1_max": -0.45174850192290517,
        "nauc_precision_at_1_std": -0.4392272605312586,
        "nauc_precision_at_20_diff1": 0.19569034038799182,
        "nauc_precision_at_20_max": -0.5440421183191102,
        "nauc_precision_at_20_std": -0.2629184972966361,
        "nauc_precision_at_3_diff1": 0.5630048814203635,
        "nauc_precision_at_3_max": -0.37283107981626296,
        "nauc_precision_at_3_std": -0.10688726654859114,
        "nauc_precision_at_5_diff1": 0.49088293707551084,
        "nauc_precision_at_5_max": -0.5021372585878566,
        "nauc_precision_at_5_std": -0.3391253177282129,
        "nauc_recall_at_1000_diff1": 0.3770974987748927,
        "nauc_recall_at_1000_max": -0.3991831874415008,
        "nauc_recall_at_1000_std": 0.18839132564936126,
        "nauc_recall_at_100_diff1": 0.5519913919147099,
        "nauc_recall_at_100_max": -0.4920917678685912,
        "nauc_recall_at_100_std": -0.24176717286532456,
        "nauc_recall_at_10_diff1": 0.7911297423374297,
        "nauc_recall_at_10_max": -0.30971911134324254,
        "nauc_recall_at_10_std": -0.06245319928024734,
        "nauc_recall_at_1_diff1": 0.798456172215228,
        "nauc_recall_at_1_max": -0.5510756571931783,
        "nauc_recall_at_1_std": -0.4148469587831007,
        "nauc_recall_at_20_diff1": 0.6492555304496866,
        "nauc_recall_at_20_max": -0.4406145554063577,
        "nauc_recall_at_20_std": -0.04779353017993142,
        "nauc_recall_at_3_diff1": 0.9203096164208144,
        "nauc_recall_at_3_max": -0.17561091229565617,
        "nauc_recall_at_3_std": 0.37943817648557815,
        "nauc_recall_at_5_diff1": 0.8542721146634602,
        "nauc_recall_at_5_max": -0.24385122753971158,
        "nauc_recall_at_5_std": 0.019059323770256015,
        "ndcg_at_1": 0.04286,
        "ndcg_at_10": 0.19849,
        "ndcg_at_100": 0.33085,
        "ndcg_at_1000": 0.46853,