{
  "dataset_revision": "9c3a626c16c811f15514689c3e7e95a4f2b9b8c3",
  "evaluation_time": 154.97900223731995,
  "kg_co2_emissions": 0.0071968814057047715,
  "mteb_version": "1.14.15",
  "scores": {
    "test": [
      {
        "cv_recall_at_1": 0.02345,
        "cv_recall_at_10": 0.17138,
        "cv_recall_at_100": 0.46362,
        "cv_recall_at_1000": 0.93145,
        "cv_recall_at_20": 0.24113,
        "cv_recall_at_3": 0.07216,
        "cv_recall_at_5": 0.10884,
        "hf_subset": "default",
        "languages": [
          "eng-Latn"
        ],
        "main_score": 0.06636,
        "map_at_1": 0.02465,
        "map_at_10": 0.06102,
        "map_at_100": 0.07093,
        "map_at_1000": 0.07273,
        "map_at_20": 0.06581,
        "map_at_3": 0.044,
        "map_at_5": 0.05254,
        "mrr_at_1": 0.02345159350571257,
        "mrr_at_10": 0.060676345102081725,
        "mrr_at_100": 0.07070560049735491,
        "mrr_at_1000": 0.0724861396064582,
        "mrr_at_20": 0.06550049746378886,
        "mrr_at_3": 0.04409701342954501,
        "mrr_at_5": 0.0523050711565444,
        "nauc_cv_recall_at_1000_diff1": 0.09111993357608515,
        "nauc_cv_recall_at_1000_max": 0.0518438953169788,
        "nauc_cv_recall_at_1000_std": 0.22259140372599956,
        "nauc_cv_recall_at_100_diff1": 0.07760911208483841,
        "nauc_cv_recall_at_100_max": 0.012672319801496228,
        "nauc_cv_recall_at_100_std": 0.20824367148574627,
        "nauc_cv_recall_at_10_diff1": 0.06652694761931001,
        "nauc_cv_recall_at_10_max": 0.03200248144614146,
        "nauc_cv_recall_at_10_std": 0.10394797997410128,
        "nauc_cv_recall_at_1_diff1": 0.07102222192302471,
        "nauc_cv_recall_at_1_max": 0.09902228739453167,
        "nauc_cv_recall_at_1_std": 0.06372261231528918,
        "nauc_cv_recall_at_20_diff1": 0.1016817460904818,
        "nauc_cv_recall_at_20_max": 0.024717140488933503,
        "nauc_cv_recall_at_20_std": 0.1314085033806838,
        "nauc_cv_recall_at_3_diff1": 0.11597080560523432,
        "nauc_cv_recall_at_3_max": 0.07064747244852021,
        "nauc_cv_recall_at_3_std": 0.09477156589417335,
        "nauc_cv_recall_at_5_diff1": 0.07346352578948284,
        "nauc_cv_recall_at_5_max": 0.05531855931402042,
        "nauc_cv_recall_at_5_std": 0.08586765577342045,
        "nauc_map_at_1000_diff1": 0.09748958723953761,
        "nauc_map_at_1000_max": 0.10899862083394103,
        "nauc_map_at_1000_std": 0.0831141136386564,
        "nauc_map_at_100_diff1": 0.0971871483760593,
        "nauc_map_at_100_max": 0.10739700575405513,
        "nauc_map_at_100_std": 0.0825609833399682,
        "nauc_map_at_10_diff1": 0.09425282922989116,
        "nauc_map_at_10_max": 0.12154641126922837,
        "nauc_map_at_10_std": 0.07333339052246697,
        "nauc_map_at_1_diff1": 0.11599129032139895,
        "nauc_map_at_1_max": 0.2332378013614616,
        "nauc_map_at_1_std": 0.06396401855670075,
        "nauc_map_at_20_diff1": 0.09854406360292328,
        "nauc_map_at_20_max": 0.10864137487093337,
        "nauc_map_at_20_std": 0.07635806618163901,
        "nauc_map_at_3_diff1": 0.11181825018949326,
        "nauc_map_at_3_max": 0.15877899491329367,
        "nauc_map_at_3_std": 0.03557622495371966,
        "nauc_map_at_5_diff1": 0.09645885038761892,
        "nauc_map_at_5_max": 0.13866149996180727,
        "nauc_map_at_5_std": 0.06559774159171475,
        "nauc_mrr_at_1000_diff1": 0.08233076919156633,
        "nauc_mrr_at_1000_max": 0.06311959092656488,
        "nauc_mrr_at_1000_std": 0.10242809582238191,
        "nauc_mrr_at_100_diff1": 0.08212040315189853,
        "nauc_mrr_at_100_max": 0.062069126279903665,
        "nauc_mrr_at_100_std": 0.10191968035790805,
        "nauc_mrr_at_10_diff1": 0.07508962586999851,
        "nauc_mrr_at_10_max": 0.06660564558258027,
        "nauc_mrr_at_10_std": 0.0890077520480924,
        "nauc_mrr_at_1_diff1": 0.07102222192302471,
        "nauc_mrr_at_1_max": 0.09902228739453167,
        "nauc_mrr_at_1_std": 0.06372261231528918,
        "nauc_mrr_at_20_diff1": 0.0835645071918639,
        "nauc_mrr_at_20_max": 0.06456900465249325,
        "nauc_mrr_at_20_std": 0.09603907555112991,
        "nauc_mrr_at_3_diff1": 0.09424825375987328,
        "nauc_mrr_at_3_max": 0.0857294951511312,
        "nauc_mrr_at_3_std": 0.08928330019642075,
        "nauc_mrr_at_5_diff1": 0.07743512962342443,
        "nauc_mrr_at_5_max": 0.07559137412609111,
        "nauc_mrr_at_5_std": 0.08388196649465182,
        "nauc_ndcg_at_1000_diff1": 0.0937433525471593,
        "nauc_ndcg_at_1000_max": 0.08223880985575191,
        "nauc_ndcg_at_1000_std": 0.11821191303817428,
        "nauc_ndcg_at_100_diff1": 0.08944779878848104,
        "nauc_ndcg_at_100_max": 0.06149199727498691,
        "nauc_ndcg_at_100_std": 0.12960496051614404,
        "nauc_ndcg_at_10_diff1": 0.08727788588180446,
        "nauc_ndcg_at_10_max": 0.09522410047935333,
        "nauc_ndcg_at_10_std": 0.09158015328680275,
        "nauc_ndcg_at_1_diff1": 0.11599129032139895,
        "nauc_ndcg_at_1_max": 0.2332378013614616,
        "nauc_ndcg_at_1_std": 0.06396401855670075,
        "nauc_ndcg_at_20_diff1": 0.09775728999815969,
        "nauc_ndcg_at_20_max": 0.06547293361309656,
        "nauc_ndcg_at_20_std": 0.09903204767989182,
        "nauc_ndcg_at_3_diff1": 0.11270607952834046,
        "nauc_ndcg_at_3_max": 0.1457767060537647,
        "nauc_ndcg_at_3_std": 0.030686919752784175,
        "nauc_ndcg_at_5_diff1": 0.09012335807711544,
        "nauc_ndcg_at_5_max": 0.12153802120201587,
        "nauc_ndcg_at_5_std": 0.07797716720357833,
        "nauc_precision_at_1000_diff1": 0.091119933576083,
        "nauc_precision_at_1000_max": 0.051843895316977924,
        "nauc_precision_at_1000_std": 0.22259140372599692,
        "nauc_precision_at_100_diff1": 0.07630605918844072,
        "nauc_precision_at_100_max": 0.006619595254220173,
        "nauc_precision_at_100_std": 0.20254148488326348,
        "nauc_precision_at_10_diff1": 0.07795211792415933,
        "nauc_precision_at_10_max": 0.06120660869621621,
        "nauc_precision_at_10_std": 0.11828010132658542,
        "nauc_precision_at_1_diff1": 0.11599129032139895,
        "nauc_precision_at_1_max": 0.2332378013614616,
        "nauc_precision_at_1_std": 0.06396401855670075,
        "nauc_precision_at_20_diff1": 0.09863925736774919,
        "nauc_precision_at_20_max": 0.010263616304751479,
        "nauc_precision_at_20_std": 0.12942299255374523,
        "nauc_precision_at_3_diff1": 0.11465226957421178,
        "nauc_precision_at_3_max": 0.12200658438244957,
        "nauc_precision_at_3_std": 0.021762109251498598,
        "nauc_precision_at_5_diff1": 0.07974256299386401,
        "nauc_precision_at_5_max": 0.0962505261632306,
        "nauc_precision_at_5_std": 0.09990634609992773,
        "nauc_recall_at_1000_diff1": 0.09111993357608515,
        "nauc_recall_at_1000_max": 0.0518438953169788,
        "nauc_recall_at_1000_std": 0.22259140372599956,
        "nauc_recall_at_100_diff1": 0.07630605918844055,
        "nauc_recall_at_100_max": 0.006619595254220012,
        "nauc_recall_at_100_std": 0.2025414848832633,
        "nauc_recall_at_10_diff1": 0.0779521179241591,
        "nauc_recall_at_10_max": 0.06120660869621607,
        "nauc_recall_at_10_std": 0.11828010132658547,
        "nauc_recall_at_1_diff1": 0.11599129032139895,
        "nauc_recall_at_1_max": 0.2332378013614616,
        "nauc_recall_at_1_std": 0.06396401855670075,
        "nauc_recall_at_20_diff1": 0.09863925736774888,
        "nauc_recall_at_20_max": 0.010263616304751293,
        "nauc_recall_at_20_std": 0.12942299255374493,
        "nauc_recall_at_3_diff1": 0.11465226957421217,
        "nauc_recall_at_3_max": 0.12200658438244996,
        "nauc_recall_at_3_std": 0.02176210925149882,
        "nauc_recall_at_5_diff1": 0.0797425629938637,
        "nauc_recall_at_5_max": 0.09625052616323039,
        "nauc_recall_at_5_std": 0.09990634609992757,
        "ndcg_at_1": 0.02465,
        "ndcg_at_10": 0.08706,