{
  "dataset_revision": "a7293da8a341de665ee4dcb2f209281df342d80b",
  "evaluation_time": 1105.3656640052795,
  "kg_co2_emissions": 0.025423541277931404,
  "mteb_version": "1.14.15",
  "scores": {
    "test": [
      {
        "cv_recall_at_1": 0.9,
        "cv_recall_at_10": 1.0,
        "cv_recall_at_100": 1.0,
        "cv_recall_at_1000": 1.0,
        "cv_recall_at_20": 1.0,
        "cv_recall_at_3": 0.98571,
        "cv_recall_at_5": 1.0,
        "hf_subset": "default",
        "languages": [
          "eng-Latn"
        ],
        "main_score": 0.9,
        "map_at_1": 0.02709,
        "map_at_10": 0.1364,
        "map_at_100": 0.50464,
        "map_at_1000": 0.6283,
        "map_at_20": 0.2221,
        "map_at_3": 0.06259,
        "map_at_5": 0.08688,
        "mrr_at_1": 0.9,
        "mrr_at_10": 0.9457142857142857,
        "mrr_at_100": 0.9457142857142857,
        "mrr_at_1000": 0.9457142857142857,
        "mrr_at_20": 0.9457142857142857,
        "mrr_at_3": 0.9428571428571428,
        "mrr_at_5": 0.9457142857142857,
        "nauc_cv_recall_at_1000_diff1": NaN,
        "nauc_cv_recall_at_1000_max": NaN,
        "nauc_cv_recall_at_1000_std": NaN,
        "nauc_cv_recall_at_100_diff1": NaN,
        "nauc_cv_recall_at_100_max": NaN,
        "nauc_cv_recall_at_100_std": NaN,
        "nauc_cv_recall_at_10_diff1": NaN,
        "nauc_cv_recall_at_10_max": NaN,
        "nauc_cv_recall_at_10_std": NaN,
        "nauc_cv_recall_at_1_diff1": 0.17987194877951132,
        "nauc_cv_recall_at_1_max": 0.16613311991463223,
        "nauc_cv_recall_at_1_std": -0.4575830332132865,
        "nauc_cv_recall_at_20_diff1": NaN,
        "nauc_cv_recall_at_20_max": NaN,
        "nauc_cv_recall_at_20_std": NaN,
        "nauc_cv_recall_at_3_diff1": -1.151727357609713,
        "nauc_cv_recall_at_3_max": 0.5541549953314642,
        "nauc_cv_recall_at_3_std": -1.151727357609713,
        "nauc_cv_recall_at_5_diff1": NaN,
        "nauc_cv_recall_at_5_max": NaN,
        "nauc_cv_recall_at_5_std": NaN,
        "nauc_map_at_1000_diff1": -0.14649388105177674,
        "nauc_map_at_1000_max": 0.2874922860826065,
        "nauc_map_at_1000_std": 0.33242926243790527,
        "nauc_map_at_100_diff1": -0.04391904356197777,
        "nauc_map_at_100_max": 0.22673011163336518,
        "nauc_map_at_100_std": 0.24743758420280373,
        "nauc_map_at_10_diff1": 0.4138636681625531,
        "nauc_map_at_10_max": 0.07203704739162972,
        "nauc_map_at_10_std": -0.2189981188551112,
        "nauc_map_at_1_diff1": 0.5733161821332576,
        "nauc_map_at_1_max": -0.1345780578413732,
        "nauc_map_at_1_std": -0.45507195816432877,
        "nauc_map_at_20_diff1": 0.26770371641403423,
        "nauc_map_at_20_max": 0.1518095231665574,
        "nauc_map_at_20_std": -0.04809254759880664,
        "nauc_map_at_3_diff1": 0.5603416451197399,
        "nauc_map_at_3_max": -0.1163792778739057,
        "nauc_map_at_3_std": -0.4087407180411446,
        "nauc_map_at_5_diff1": 0.5226374641923368,
        "nauc_map_at_5_max": -0.028478507379935587,
        "nauc_map_at_5_std": -0.34824618490481296,
        "nauc_mrr_at_1000_diff1": 0.07474568774878436,
        "nauc_mrr_at_1000_max": 0.19676642586859414,
        "nauc_mrr_at_1000_std": -0.5123839009287935,
        "nauc_mrr_at_100_diff1": 0.07474568774878436,
        "nauc_mrr_at_100_max": 0.19676642586859414,
        "nauc_mrr_at_100_std": -0.5123839009287935,
        "nauc_mrr_at_10_diff1": 0.07474568774878436,
        "nauc_mrr_at_10_max": 0.19676642586859414,
        "nauc_mrr_at_10_std": -0.5123839009287935,
        "nauc_mrr_at_1_diff1": 0.17987194877951132,
        "nauc_mrr_at_1_max": 0.16613311991463223,
        "nauc_mrr_at_1_std": -0.4575830332132865,
        "nauc_mrr_at_20_diff1": 0.07474568774878436,
        "nauc_mrr_at_20_max": 0.19676642586859414,
        "nauc_mrr_at_20_std": -0.5123839009287935,
        "nauc_mrr_at_3_diff1": 0.013422035480861894,
        "nauc_mrr_at_3_max": 0.21463585434173704,
        "nauc_mrr_at_3_std": -0.5443510737628391,
        "nauc_mrr_at_5_diff1": 0.07474568774878436,
        "nauc_mrr_at_5_max": 0.19676642586859414,
        "nauc_mrr_at_5_std": -0.5123839009287935,
        "nauc_ndcg_at_1000_diff1": -0.20179890025745698,
        "nauc_ndcg_at_1000_max": 0.43966035761355415,
        "nauc_ndcg_at_1000_std": 0.42231450704967105,
        "nauc_ndcg_at_100_diff1": -0.08687760386246579,
        "nauc_ndcg_at_100_max": 0.22962251170357847,
        "nauc_ndcg_at_100_std": 0.2488139318432646,
        "nauc_ndcg_at_10_diff1": -0.31485243932308604,
        "nauc_ndcg_at_10_max": 0.41002561505259666,
        "nauc_ndcg_at_10_std": 0.23351630466371281,
        "nauc_ndcg_at_1_diff1": 0.17987194877951132,
        "nauc_ndcg_at_1_max": 0.16613311991463223,
        "nauc_ndcg_at_1_std": -0.4575830332132865,
        "nauc_ndcg_at_20_diff1": -0.2591579993452839,
        "nauc_ndcg_at_20_max": 0.4203364859531422,
        "nauc_ndcg_at_20_std": 0.3213036231901594,
        "nauc_ndcg_at_3_diff1": -0.26504712282398096,
        "nauc_ndcg_at_3_max": 0.3092151920580632,
        "nauc_ndcg_at_3_std": -0.07465768421500625,
        "nauc_ndcg_at_5_diff1": -0.2849251907594277,
        "nauc_ndcg_at_5_max": 0.36182855343265385,
        "nauc_ndcg_at_5_std": 0.12960246055418126,
        "nauc_precision_at_1000_diff1": -0.24825117349168355,
        "nauc_precision_at_1000_max": 0.04175788944348418,
        "nauc_precision_at_1000_std": 0.04129062596366245,
        "nauc_precision_at_100_diff1": -0.3273523702410694,
        "nauc_precision_at_100_max": 0.13288367265921078,
        "nauc_precision_at_100_std": 0.24923707171943957,
        "nauc_precision_at_10_diff1": -0.5108794933257917,
        "nauc_precision_at_10_max": 0.4060719303044772,
        "nauc_precision_at_10_std": 0.4370111414542766,
        "nauc_precision_at_1_diff1": 0.17987194877951132,
        "nauc_precision_at_1_max": 0.16613311991463223,
        "nauc_precision_at_1_std": -0.4575830332132865,
        "nauc_precision_at_20_diff1": -0.5127068598435814,
        "nauc_precision_at_20_max": 0.38200884926285533,
        "nauc_precision_at_20_std": 0.5043844787298422,
        "nauc_precision_at_3_diff1": -0.42849454098108797,
        "nauc_precision_at_3_max": 0.40281408580654937,
        "nauc_precision_at_3_std": 0.1031831462401971,
        "nauc_precision_at_5_diff1": -0.4302057660342768,
        "nauc_precision_at_5_max": 0.42273170172522345,
        "nauc_precision_at_5_std": 0.32932882443973105,
        "nauc_recall_at_1000_diff1": 0.007900459534280828,
        "nauc_recall_at_1000_max": 0.5162542644334263,
        "nauc_recall_at_1000_std": 0.6567815772882094,
        "nauc_recall_at_100_diff1": 0.11319157586804285,
        "nauc_recall_at_100_max": 0.18708224927838135,
        "nauc_recall_at_100_std": 0.2290308184628786,
        "nauc_recall_at_10_diff1": 0.465467735006375,
        "nauc_recall_at_10_max": 0.0652895038564165,
        "nauc_recall_at_10_std": -0.2145418232162874,
        "nauc_recall_at_1_diff1": 0.5733161821332576,
        "nauc_recall_at_1_max": -0.1345780578413732,
        "nauc_recall_at_1_std": -0.45507195816432877,
        "nauc_recall_at_20_diff1": 0.3458264307102427,
        "nauc_recall_at_20_max": 0.11756982837035651,
        "nauc_recall_at_20_std": -0.04656720128225887,
        "nauc_recall_at_3_diff1": 0.5723351107411782,
        "nauc_recall_at_3_max": -0.09556707557529252,
        "nauc_recall_at_3_std": -0.4074906705016538,
        "nauc_recall_at_5_diff1": 0.5605026763904978,
        "nauc_recall_at_5_max": -0.01023509155830272,
        "nauc_recall_at_5_std": -0.3381927247650551,
        "ndcg_at_1": 0.9,
        "ndcg_at_10": 0.87459,
        "ndcg_at_100": 0.73571,
        "ndcg_at_1000": 0.85925,
        "ndcg_at_20": 0.85551,
        "ndcg_at_3": 0.91269,
        "ndcg_at_5": 0.89078,
        "precision_at_1": 0.9,
        "precision_at_10": 0.83857,
        "precision_at_100": 0.52429,
        "precision_at_1000": 0.09249,