{
  "dataset_revision": "ae713b03ae68e343f16c3bcdbd1b1ee760975d55",
  "evaluation_time": 21.784336805343628,
  "kg_co2_emissions": null,
  "mteb_version": "1.14.15",
  "scores": {
    "test": [
      {
        "accuracy": 0.36836,
        "hf_subset": "default",
        "languages": [
          "eng-Latn"
        ],
        "main_score": 0.36836,
        "mrr_at_1": 0.36836403033586135,
        "mrr_at_10": 0.62766341639581,
        "mrr_at_100": 0.62766341639581,
        "mrr_at_1000": 0.62766341639581,
        "mrr_at_20": 0.62766341639581,
        "mrr_at_3": 0.594618996027446,
        "mrr_at_5": 0.62766341639581,
        "ndcg_at_1": 0.36836,
        "ndcg_at_10": 0.72183,
        "ndcg_at_100": 0.72183,
        "ndcg_at_1000": 0.72183,
        "ndcg_at_20": 0.72183,
        "ndcg_at_3": 0.6649,
        "ndcg_at_5": 0.72183
      }
    ]
  },
  "task_name": "BLINKIT2TMultiChoice"
}