{
  "dataset_revision": "5fe59d7e52732b86d11ee0e9c4a8cdb0e8ba7a6e",
  "evaluation_time": 43.068683385849,
  "kg_co2_emissions": 0.0013163568139484124,
  "mteb_version": "1.14.15",
  "scores": {
    "test": [
      {
        "cv_recall_at_1": 0.27,
        "cv_recall_at_10": 0.61,
        "cv_recall_at_100": 0.86,
        "cv_recall_at_1000": 1.0,
        "cv_recall_at_20": 0.67,
        "cv_recall_at_3": 0.46,
        "cv_recall_at_5": 0.54,
        "hf_subset": "default",
        "languages": [
          "eng-Latn"
        ],
        "main_score": 0.41304,
        "map_at_1": 0.27,
        "map_at_10": 0.38353,
        "map_at_100": 0.39301,
        "map_at_1000": 0.39369,
        "map_at_20": 0.38897,
        "map_at_3": 0.35667,
        "map_at_5": 0.37367,
        "mrr_at_1": 0.27,
        "mrr_at_10": 0.3845793650793652,
        "mrr_at_100": 0.3929423920896864,
        "mrr_at_1000": 0.39362137349689613,
        "mrr_at_20": 0.38842366332497924,
        "mrr_at_3": 0.35666666666666663,
        "mrr_at_5": 0.3751666666666667,
        "nauc_cv_recall_at_1000_diff1": NaN,
        "nauc_cv_recall_at_1000_max": NaN,
        "nauc_cv_recall_at_1000_std": NaN,
        "nauc_cv_recall_at_100_diff1": 0.09124289871137523,
        "nauc_cv_recall_at_100_max": 0.27102674241374464,
        "nauc_cv_recall_at_100_std": 0.12138007482333336,
        "nauc_cv_recall_at_10_diff1": 0.06946353844062077,
        "nauc_cv_recall_at_10_max": 0.4709712507364823,
        "nauc_cv_recall_at_10_std": 0.006768087259982133,
        "nauc_cv_recall_at_1_diff1": 0.2211567148276009,
        "nauc_cv_recall_at_1_max": 0.36352270951427074,
        "nauc_cv_recall_at_1_std": -0.0036653454374973864,
        "nauc_cv_recall_at_20_diff1": 0.07631494303465304,
        "nauc_cv_recall_at_20_max": 0.38162550151512575,
        "nauc_cv_recall_at_20_std": -0.0648541585549596,
        "nauc_cv_recall_at_3_diff1": 0.05966991669075706,
        "nauc_cv_recall_at_3_max": 0.47548027647105234,
        "nauc_cv_recall_at_3_std": 0.017857612152111648,
        "nauc_cv_recall_at_5_diff1": -0.0024033786224335564,
        "nauc_cv_recall_at_5_max": 0.41242255008196493,
        "nauc_cv_recall_at_5_std": 0.014725903698146784,
        "nauc_map_at_1000_diff1": 0.14177852248077774,
        "nauc_map_at_1000_max": 0.40146069057680284,
        "nauc_map_at_1000_std": -0.01566377220801009,
        "nauc_map_at_100_diff1": 0.14133589384672762,
        "nauc_map_at_100_max": 0.4011569976180165,
        "nauc_map_at_100_std": -0.015461518666124255,
        "nauc_map_at_10_diff1": 0.13571734047060105,
        "nauc_map_at_10_max": 0.40482525786754003,
        "nauc_map_at_10_std": -0.013413898256621077,
        "nauc_map_at_1_diff1": 0.21717882055434798,
        "nauc_map_at_1_max": 0.3590475784568611,
        "nauc_map_at_1_std": -0.03797468354430384,
        "nauc_map_at_20_diff1": 0.14018467273525395,
        "nauc_map_at_20_max": 0.40248450184993734,
        "nauc_map_at_20_std": -0.016886495239024277,
        "nauc_map_at_3_diff1": 0.1443369601713296,
        "nauc_map_at_3_max": 0.40855241068268655,
        "nauc_map_at_3_std": -0.012091980725428155,
        "nauc_map_at_5_diff1": 0.13149174083909515,
        "nauc_map_at_5_max": 0.40400001284437254,
        "nauc_map_at_5_std": -0.009628921490148854,
        "nauc_mrr_at_1000_diff1": 0.13424727202421252,
        "nauc_mrr_at_1000_max": 0.4009512218688176,
        "nauc_mrr_at_1000_std": 0.01143345085745446,
        "nauc_mrr_at_100_diff1": 0.13382391569910357,
        "nauc_mrr_at_100_max": 0.40065226229990736,
        "nauc_mrr_at_100_std": 0.01158517274649808,
        "nauc_mrr_at_10_diff1": 0.1318163069011086,
        "nauc_mrr_at_10_max": 0.40778886815786664,
        "nauc_mrr_at_10_std": 0.012658288865056686,
        "nauc_mrr_at_1_diff1": 0.2211567148276009,
        "nauc_mrr_at_1_max": 0.36352270951427074,
        "nauc_mrr_at_1_std": -0.0036653454374973864,
        "nauc_mrr_at_20_diff1": 0.1333911770090181,
        "nauc_mrr_at_20_max": 0.4028870409258548,
        "nauc_mrr_at_20_std": 0.008321752977537178,
        "nauc_mrr_at_3_diff1": 0.1347631968202404,
        "nauc_mrr_at_3_max": 0.4146505803243283,
        "nauc_mrr_at_3_std": 0.012554788242874251,
        "nauc_mrr_at_5_diff1": 0.121560548249327,
        "nauc_mrr_at_5_max": 0.3997778075402545,
        "nauc_mrr_at_5_std": 0.012332003134402454,
        "nauc_ndcg_at_1000_diff1": 0.13381590772922936,
        "nauc_ndcg_at_1000_max": 0.4001711021769189,
        "nauc_ndcg_at_1000_std": -0.01136655825577741,
        "nauc_ndcg_at_100_diff1": 0.1295322082960905,
        "nauc_ndcg_at_100_max": 0.3923882957296728,
        "nauc_ndcg_at_100_std": -0.00402945422500093,
        "nauc_ndcg_at_10_diff1": 0.11033266103306097,
        "nauc_ndcg_at_10_max": 0.4111154821765992,
        "nauc_ndcg_at_10_std": -0.006956001445105177,
        "nauc_ndcg_at_1_diff1": 0.21717882055434798,
        "nauc_ndcg_at_1_max": 0.3590475784568611,
        "nauc_ndcg_at_1_std": -0.03797468354430384,
        "nauc_ndcg_at_20_diff1": 0.12120356275705083,
        "nauc_ndcg_at_20_max": 0.3981910460667872,
        "nauc_ndcg_at_20_std": -0.016558774928612966,
        "nauc_ndcg_at_3_diff1": 0.12507457723019952,
        "nauc_ndcg_at_3_max": 0.41833421872651017,
        "nauc_ndcg_at_3_std": -0.0031794691885021955,
        "nauc_ndcg_at_5_diff1": 0.10287794309109524,
        "nauc_ndcg_at_5_max": 0.41108682781126255,
        "nauc_ndcg_at_5_std": 0.0026604778585012966,
        "nauc_precision_at_1000_diff1": NaN,
        "nauc_precision_at_1000_max": NaN,
        "nauc_precision_at_1000_std": NaN,
        "nauc_precision_at_100_diff1": 0.09124289871137743,
        "nauc_precision_at_100_max": 0.2710267424137471,
        "nauc_precision_at_100_std": 0.1213800748233348,
        "nauc_precision_at_10_diff1": 0.031626595428911414,
        "nauc_precision_at_10_max": 0.4260611457405766,
        "nauc_precision_at_10_std": 0.010552092609083538,
        "nauc_precision_at_1_diff1": 0.21717882055434798,
        "nauc_precision_at_1_max": 0.3590475784568611,
        "nauc_precision_at_1_std": -0.03797468354430384,
        "nauc_precision_at_20_diff1": 0.05737336742450468,
        "nauc_precision_at_20_max": 0.35728353258240647,
        "nauc_precision_at_20_std": -0.023564370119548574,
        "nauc_precision_at_3_diff1": 0.07221886415600076,
        "nauc_precision_at_3_max": 0.4440224961236236,
        "nauc_precision_at_3_std": 0.021996793776773098,
        "nauc_precision_at_5_diff1": 0.018886857551306906,
        "nauc_precision_at_5_max": 0.4293392349035733,
        "nauc_precision_at_5_std": 0.04016550055670924,
        "nauc_recall_at_1000_diff1": NaN,
        "nauc_recall_at_1000_max": NaN,
        "nauc_recall_at_1000_std": NaN,
        "nauc_recall_at_100_diff1": 0.09124289871137523,
        "nauc_recall_at_100_max": 0.27102674241374464,
        "nauc_recall_at_100_std": 0.12138007482333336,
        "nauc_recall_at_10_diff1": 0.031626595428910595,
        "nauc_recall_at_10_max": 0.426061145740576,
        "nauc_recall_at_10_std": 0.01055209260908266,
        "nauc_recall_at_1_diff1": 0.21717882055434798,
        "nauc_recall_at_1_max": 0.3590475784568611,
        "nauc_recall_at_1_std": -0.03797468354430384,
        "nauc_recall_at_20_diff1": 0.057373367424503954,
        "nauc_recall_at_20_max": 0.3572835325824061,
        "nauc_recall_at_20_std": -0.023564370119549986,
        "nauc_recall_at_3_diff1": 0.07221886415600126,
        "nauc_recall_at_3_max": 0.44402249612362366,
        "nauc_recall_at_3_std": 0.0219967937767732,
        "nauc_recall_at_5_diff1": 0.018886857551306473,
        "nauc_recall_at_5_max": 0.4293392349035727,
        "nauc_recall_at_5_std": 0.040165500556708714,
        "ndcg_at_1": 0.27,
        "ndcg_at_10": 0.4362,
        "ndcg_at_100": 0.48854,
        "ndcg_at_1000": 0.50645,
        "ndcg_at_20": 0.45625,
        "ndcg_at_3": 0.38333,
        "ndcg_at_5": 0.41304,