{
  "dataset_revision": "8270b3751ce6b95bec362fb38fbcd2a4aa400cfc",
  "evaluation_time": 49.368545055389404,
  "kg_co2_emissions": 0.001508430792250903,
  "mteb_version": "1.14.15",
  "scores": {
    "test": [
      {
        "cv_recall_at_1": 0.2,
        "cv_recall_at_10": 0.7,
        "cv_recall_at_100": 0.89,
        "cv_recall_at_1000": 1.0,
        "cv_recall_at_20": 0.84,
        "cv_recall_at_3": 0.54,
        "cv_recall_at_5": 0.64,
        "hf_subset": "default",
        "languages": [
          "eng-Latn"
        ],
        "main_score": 0.44107,
        "map_at_1": 0.21,
        "map_at_10": 0.38661,
        "map_at_100": 0.39744,
        "map_at_1000": 0.398,
        "map_at_20": 0.39582,
        "map_at_3": 0.35833,
        "map_at_5": 0.37733,
        "mrr_at_1": 0.2,
        "mrr_at_10": 0.3860793650793651,
        "mrr_at_100": 0.396879601849488,
        "mrr_at_1000": 0.397438040566595,
        "mrr_at_20": 0.3952655663050401,
        "mrr_at_3": 0.355,
        "mrr_at_5": 0.3785,
        "nauc_cv_recall_at_1000_diff1": NaN,
        "nauc_cv_recall_at_1000_max": NaN,
        "nauc_cv_recall_at_1000_std": NaN,
        "nauc_cv_recall_at_100_diff1": 0.32759213126020004,
        "nauc_cv_recall_at_100_max": 0.6334507344729837,
        "nauc_cv_recall_at_100_std": 0.4262949918391889,
        "nauc_cv_recall_at_10_diff1": 0.06009727976941106,
        "nauc_cv_recall_at_10_max": 0.5747973338137276,
        "nauc_cv_recall_at_10_std": 0.17847234732480602,
        "nauc_cv_recall_at_1_diff1": 0.2752502421698419,
        "nauc_cv_recall_at_1_max": 0.43388763319341306,
        "nauc_cv_recall_at_1_std": -0.055537617048757044,
        "nauc_cv_recall_at_20_diff1": 0.15525282277859637,
        "nauc_cv_recall_at_20_max": 0.6068667157584676,
        "nauc_cv_recall_at_20_std": 0.20535714285714318,
        "nauc_cv_recall_at_3_diff1": -0.06198771915201029,
        "nauc_cv_recall_at_3_max": 0.4767580784084908,
        "nauc_cv_recall_at_3_std": -0.09093940151704616,
        "nauc_cv_recall_at_5_diff1": 0.02212926299655108,
        "nauc_cv_recall_at_5_max": 0.5692138204112905,
        "nauc_cv_recall_at_5_std": 0.14179652573764212,
        "nauc_map_at_1000_diff1": 0.11723410533020409,
        "nauc_map_at_1000_max": 0.43887433172345586,
        "nauc_map_at_1000_std": -0.014964397527019809,
        "nauc_map_at_100_diff1": 0.11767223577098489,
        "nauc_map_at_100_max": 0.4393649949567852,
        "nauc_map_at_100_std": -0.014073597702311584,
        "nauc_map_at_10_diff1": 0.11111001792371819,
        "nauc_map_at_10_max": 0.4429463951006986,
        "nauc_map_at_10_std": -0.012828608714070112,
        "nauc_map_at_1_diff1": 0.2449364181988059,
        "nauc_map_at_1_max": 0.37837110234848836,
        "nauc_map_at_1_std": -0.09433543952998553,
        "nauc_map_at_20_diff1": 0.1148974499064847,
        "nauc_map_at_20_max": 0.440072759661538,
        "nauc_map_at_20_std": -0.016933721064476905,
        "nauc_map_at_3_diff1": 0.08920970600819025,
        "nauc_map_at_3_max": 0.43720310494468556,
        "nauc_map_at_3_std": -0.056815598068577604,
        "nauc_map_at_5_diff1": 0.10114759263421523,
        "nauc_map_at_5_max": 0.44116593485101463,
        "nauc_map_at_5_std": -0.02181901008219874,
        "nauc_mrr_at_1000_diff1": 0.12622135144657176,
        "nauc_mrr_at_1000_max": 0.46042204978302526,
        "nauc_mrr_at_1000_std": 0.0013336276038124824,
        "nauc_mrr_at_100_diff1": 0.12664706281137172,
        "nauc_mrr_at_100_max": 0.46087893758677945,
        "nauc_mrr_at_100_std": 0.002205594741465043,
        "nauc_mrr_at_10_diff1": 0.1198797379042334,
        "nauc_mrr_at_10_max": 0.4639887363940805,
        "nauc_mrr_at_10_std": 0.0029110181861521063,
        "nauc_mrr_at_1_diff1": 0.2752502421698419,
        "nauc_mrr_at_1_max": 0.43388763319341306,
        "nauc_mrr_at_1_std": -0.055537617048757044,
        "nauc_mrr_at_20_diff1": 0.12380432780714137,
        "nauc_mrr_at_20_max": 0.4615011371565192,
        "nauc_mrr_at_20_std": -0.0007640015008414272,
        "nauc_mrr_at_3_diff1": 0.09166586646772482,
        "nauc_mrr_at_3_max": 0.4457674400281671,
        "nauc_mrr_at_3_std": -0.05326370371464676,
        "nauc_mrr_at_5_diff1": 0.11295160154458786,
        "nauc_mrr_at_5_max": 0.4640609696578494,
        "nauc_mrr_at_5_std": -0.00030672014685915967,
        "nauc_ndcg_at_1000_diff1": 0.1152793151272187,
        "nauc_ndcg_at_1000_max": 0.45149308197028315,
        "nauc_ndcg_at_1000_std": 0.007820246315907052,
        "nauc_ndcg_at_100_diff1": 0.12700046376268562,
        "nauc_ndcg_at_100_max": 0.46210222230801856,
        "nauc_ndcg_at_100_std": 0.030702178387935628,
        "nauc_ndcg_at_10_diff1": 0.09612841594684048,
        "nauc_ndcg_at_10_max": 0.47181175231879513,
        "nauc_ndcg_at_10_std": 0.027809361703644536,
        "nauc_ndcg_at_1_diff1": 0.2449364181988059,
        "nauc_ndcg_at_1_max": 0.37837110234848836,
        "nauc_ndcg_at_1_std": -0.09433543952998553,
        "nauc_ndcg_at_20_diff1": 0.11215649255394494,
        "nauc_ndcg_at_20_max": 0.4649231576526423,
        "nauc_ndcg_at_20_std": 0.01597348637116481,
        "nauc_ndcg_at_3_diff1": 0.05505769913191181,
        "nauc_ndcg_at_3_max": 0.4576463370593815,
        "nauc_ndcg_at_3_std": -0.05453096587243288,
        "nauc_ndcg_at_5_diff1": 0.07492695331956298,
        "nauc_ndcg_at_5_max": 0.46796569484384554,
        "nauc_ndcg_at_5_std": 0.007332477088967102,
        "nauc_precision_at_1000_diff1": NaN,
        "nauc_precision_at_1000_max": NaN,
        "nauc_precision_at_1000_std": NaN,
        "nauc_precision_at_100_diff1": 0.3275921312602033,
        "nauc_precision_at_100_max": 0.6334507344729841,
        "nauc_precision_at_100_std": 0.4262949918391905,
        "nauc_precision_at_10_diff1": 0.060097279769411927,
        "nauc_precision_at_10_max": 0.5747973338137273,
        "nauc_precision_at_10_std": 0.17847234732480735,
        "nauc_precision_at_1_diff1": 0.2449364181988059,
        "nauc_precision_at_1_max": 0.37837110234848836,
        "nauc_precision_at_1_std": -0.09433543952998553,
        "nauc_precision_at_20_diff1": 0.1552528227785953,
        "nauc_precision_at_20_max": 0.6068667157584668,
        "nauc_precision_at_20_std": 0.20535714285714193,
        "nauc_precision_at_3_diff1": -0.03601769290177631,
        "nauc_precision_at_3_max": 0.5152004493435374,
        "nauc_precision_at_3_std": -0.05083198764305272,
        "nauc_precision_at_5_diff1": 0.0028048073457757243,
        "nauc_precision_at_5_max": 0.5528761027280276,
        "nauc_precision_at_5_std": 0.10050298500446618,
        "nauc_recall_at_1000_diff1": NaN,
        "nauc_recall_at_1000_max": NaN,
        "nauc_recall_at_1000_std": NaN,
        "nauc_recall_at_100_diff1": 0.32759213126020004,
        "nauc_recall_at_100_max": 0.6334507344729837,
        "nauc_recall_at_100_std": 0.4262949918391889,
        "nauc_recall_at_10_diff1": 0.06009727976941106,
        "nauc_recall_at_10_max": 0.5747973338137276,
        "nauc_recall_at_10_std": 0.17847234732480602,
        "nauc_recall_at_1_diff1": 0.2449364181988059,
        "nauc_recall_at_1_max": 0.37837110234848836,
        "nauc_recall_at_1_std": -0.09433543952998553,
        "nauc_recall_at_20_diff1": 0.15525282277859637,
        "nauc_recall_at_20_max": 0.6068667157584676,
        "nauc_recall_at_20_std": 0.20535714285714318,
        "nauc_recall_at_3_diff1": -0.03601769290177669,
        "nauc_recall_at_3_max": 0.515200449343537,
        "nauc_recall_at_3_std": -0.0508319876430529,
        "nauc_recall_at_5_diff1": 0.002804807345774356,
        "nauc_recall_at_5_max": 0.5528761027280279,
        "nauc_recall_at_5_std": 0.10050298500446553,
        "ndcg_at_1": 0.21,
        "ndcg_at_10": 0.46366,
        "ndcg_at_100": 0.50825,
        "ndcg_at_1000": 0.52247,
        "ndcg_at_20": 0.49842,
        "ndcg_at_3": 0.4075,
        "ndcg_at_5": 0.44107,
        "precision_at_1": 0.21,
        "precision_at_10": 0.07,