{
  "dataset_revision": "9c3a626c16c811f15514689c3e7e95a4f2b9b8c3",
  "evaluation_time": 88.74201035499573,
  "kg_co2_emissions": 0.002739525513850288,
  "mteb_version": "1.14.15",
  "scores": {
    "test": [
      {
        "cv_recall_at_1": 0.01323,
        "cv_recall_at_10": 0.11545,
        "cv_recall_at_100": 0.32772,
        "cv_recall_at_1000": 0.8623,
        "cv_recall_at_20": 0.16416,
        "cv_recall_at_3": 0.04811,
        "cv_recall_at_5": 0.07096,
        "hf_subset": "default",
        "languages": [
          "eng-Latn"
        ],
        "main_score": 0.03926,
        "map_at_1": 0.01082,
        "map_at_10": 0.03554,
        "map_at_100": 0.04288,
        "map_at_1000": 0.04466,
        "map_at_20": 0.03909,
        "map_at_3": 0.02315,
        "map_at_5": 0.02956,
        "mrr_at_1": 0.0132291040288635,
        "mrr_at_10": 0.0384333629222385,
        "mrr_at_100": 0.04576374587779423,
        "mrr_at_1000": 0.04753963048730386,
        "mrr_at_20": 0.041919106075536686,
        "mrr_at_3": 0.027560633393465626,
        "mrr_at_5": 0.03264181198637003,
        "nauc_cv_recall_at_1000_diff1": 0.05581650556668075,
        "nauc_cv_recall_at_1000_max": 0.2325755152640361,
        "nauc_cv_recall_at_1000_std": 0.2531582961365425,
        "nauc_cv_recall_at_100_diff1": 0.02854530043788297,
        "nauc_cv_recall_at_100_max": 0.15702357315464355,
        "nauc_cv_recall_at_100_std": 0.17050743065908447,
        "nauc_cv_recall_at_10_diff1": 0.032299934741598826,
        "nauc_cv_recall_at_10_max": 0.22746118516634997,
        "nauc_cv_recall_at_10_std": 0.20005643690932767,
        "nauc_cv_recall_at_1_diff1": -0.0250376472191535,
        "nauc_cv_recall_at_1_max": 0.43167803179845576,
        "nauc_cv_recall_at_1_std": 0.24013510238826583,
        "nauc_cv_recall_at_20_diff1": 0.022314382409066934,
        "nauc_cv_recall_at_20_max": 0.22554331406412112,
        "nauc_cv_recall_at_20_std": 0.22223400981572308,
        "nauc_cv_recall_at_3_diff1": -0.02472579281546349,
        "nauc_cv_recall_at_3_max": 0.26286844861826403,
        "nauc_cv_recall_at_3_std": 0.22649363734498232,
        "nauc_cv_recall_at_5_diff1": 0.01210665065762017,
        "nauc_cv_recall_at_5_max": 0.28232045873899486,
        "nauc_cv_recall_at_5_std": 0.21570385858763738,
        "nauc_map_at_1000_diff1": 0.024715802019984957,
        "nauc_map_at_1000_max": 0.3015145275368463,
        "nauc_map_at_1000_std": 0.24213954300532323,
        "nauc_map_at_100_diff1": 0.024511076548025573,
        "nauc_map_at_100_max": 0.30042244581050365,
        "nauc_map_at_100_std": 0.24085993151729393,
        "nauc_map_at_10_diff1": 0.024299426197334644,
        "nauc_map_at_10_max": 0.31987033399158704,
        "nauc_map_at_10_std": 0.24620686952608464,
        "nauc_map_at_1_diff1": 0.0505104733314085,
        "nauc_map_at_1_max": 0.5744841863057033,
        "nauc_map_at_1_std": 0.3330614705021164,
        "nauc_map_at_20_diff1": 0.024572251722942515,
        "nauc_map_at_20_max": 0.31507833402653684,
        "nauc_map_at_20_std": 0.25056455002329436,
        "nauc_map_at_3_diff1": 0.022157998711666335,
        "nauc_map_at_3_max": 0.4006039945687037,
        "nauc_map_at_3_std": 0.2879343717182894,
        "nauc_map_at_5_diff1": 0.02512715262019041,
        "nauc_map_at_5_max": 0.3517900521534697,
        "nauc_map_at_5_std": 0.26169953954375325,
        "nauc_mrr_at_1000_diff1": -0.0003050349819665678,
        "nauc_mrr_at_1000_max": 0.281054082856281,
        "nauc_mrr_at_1000_std": 0.20865858133178367,
        "nauc_mrr_at_100_diff1": 0.00013698510596657704,
        "nauc_mrr_at_100_max": 0.2803045013949231,
        "nauc_mrr_at_100_std": 0.20796334420689971,
        "nauc_mrr_at_10_diff1": -0.0005803867599117307,
        "nauc_mrr_at_10_max": 0.29494872407250095,
        "nauc_mrr_at_10_std": 0.2088162220850999,
        "nauc_mrr_at_1_diff1": -0.0250376472191535,
        "nauc_mrr_at_1_max": 0.43167803179845576,
        "nauc_mrr_at_1_std": 0.24013510238826583,
        "nauc_mrr_at_20_diff1": -0.0015280168296765498,
        "nauc_mrr_at_20_max": 0.2917941180983371,
        "nauc_mrr_at_20_std": 0.21470133862820964,
        "nauc_mrr_at_3_diff1": -0.027154951833890467,
        "nauc_mrr_at_3_max": 0.3170331665405481,
        "nauc_mrr_at_3_std": 0.21851069999214673,
        "nauc_mrr_at_5_diff1": -0.009228512357083671,
        "nauc_mrr_at_5_max": 0.31751852059466307,
        "nauc_mrr_at_5_std": 0.21516752506211492,
        "nauc_ndcg_at_1000_diff1": 0.02773654038076365,
        "nauc_ndcg_at_1000_max": 0.250993571154392,
        "nauc_ndcg_at_1000_std": 0.2260777909383482,
        "nauc_ndcg_at_100_diff1": 0.021122686466231156,
        "nauc_ndcg_at_100_max": 0.22358674052871813,
        "nauc_ndcg_at_100_std": 0.20234029668007317,
        "nauc_ndcg_at_10_diff1": 0.0238221787295077,
        "nauc_ndcg_at_10_max": 0.27596513618876833,
        "nauc_ndcg_at_10_std": 0.22623444531426062,
        "nauc_ndcg_at_1_diff1": 0.0505104733314085,
        "nauc_ndcg_at_1_max": 0.5744841863057033,
        "nauc_ndcg_at_1_std": 0.3330614705021164,
        "nauc_ndcg_at_20_diff1": 0.024123954903440978,
        "nauc_ndcg_at_20_max": 0.27174311572025556,
        "nauc_ndcg_at_20_std": 0.23769382780943996,
        "nauc_ndcg_at_3_diff1": 0.0173483796460478,
        "nauc_ndcg_at_3_max": 0.37759910194157137,
        "nauc_ndcg_at_3_std": 0.2795409888595397,
        "nauc_ndcg_at_5_diff1": 0.022644102423384223,
        "nauc_ndcg_at_5_max": 0.3211194797720998,
        "nauc_ndcg_at_5_std": 0.24422090224648318,
        "nauc_precision_at_1000_diff1": 0.05581650556667933,
        "nauc_precision_at_1000_max": 0.23257551526403394,
        "nauc_precision_at_1000_std": 0.2531582961365413,
        "nauc_precision_at_100_diff1": 0.016920835087632567,
        "nauc_precision_at_100_max": 0.1527516843700444,
        "nauc_precision_at_100_std": 0.1640164868647726,
        "nauc_precision_at_10_diff1": 0.024574554733429836,
        "nauc_precision_at_10_max": 0.2279497900122448,
        "nauc_precision_at_10_std": 0.20484249347593847,
        "nauc_precision_at_1_diff1": 0.0505104733314085,
        "nauc_precision_at_1_max": 0.5744841863057033,
        "nauc_precision_at_1_std": 0.3330614705021164,
        "nauc_precision_at_20_diff1": 0.0246470837564769,
        "nauc_precision_at_20_max": 0.23228364929819265,
        "nauc_precision_at_20_std": 0.2282152436892139,
        "nauc_precision_at_3_diff1": 0.009239749383309551,
        "nauc_precision_at_3_max": 0.3398236257765398,
        "nauc_precision_at_3_std": 0.2652756946821476,
        "nauc_precision_at_5_diff1": 0.019662474206354544,
        "nauc_precision_at_5_max": 0.28130178714682746,
        "nauc_precision_at_5_std": 0.21955455573224775,
        "nauc_recall_at_1000_diff1": 0.05581650556668075,
        "nauc_recall_at_1000_max": 0.2325755152640361,
        "nauc_recall_at_1000_std": 0.2531582961365425,
        "nauc_recall_at_100_diff1": 0.016920835087632015,
        "nauc_recall_at_100_max": 0.15275168437004383,
        "nauc_recall_at_100_std": 0.164016486864772,
        "nauc_recall_at_10_diff1": 0.024574554733429572,
        "nauc_recall_at_10_max": 0.22794979001224483,
        "nauc_recall_at_10_std": 0.20484249347593828,
        "nauc_recall_at_1_diff1": 0.0505104733314085,
        "nauc_recall_at_1_max": 0.5744841863057033,
        "nauc_recall_at_1_std": 0.3330614705021164,
        "nauc_recall_at_20_diff1": 0.024647083756477024,
        "nauc_recall_at_20_max": 0.23228364929819253,
        "nauc_recall_at_20_std": 0.2282152436892138,
        "nauc_recall_at_3_diff1": 0.009239749383309324,
        "nauc_recall_at_3_max": 0.3398236257765396,
        "nauc_recall_at_3_std": 0.2652756946821474,
        "nauc_recall_at_5_diff1": 0.019662474206354478,
        "nauc_recall_at_5_max": 0.2813017871468274,
        "nauc_recall_at_5_std": 0.2195545557322476,
        "ndcg_at_1": 0.01082,
        "ndcg_at_10": 0.05392,