{
  "dataset_revision": "d3e0adf4e942446c04427511ccce281c86861248",
  "evaluation_time": 42.627734661102295,
  "kg_co2_emissions": 0.0020111586803531543,
  "mteb_version": "1.14.15",
  "scores": {
    "test": [
      {
        "cv_recall_at_1": 0.44286,
        "cv_recall_at_10": 0.67143,
        "cv_recall_at_100": 1.0,
        "cv_recall_at_1000": 1.0,
        "cv_recall_at_20": 0.74286,
        "cv_recall_at_3": 0.55714,
        "cv_recall_at_5": 0.62857,
        "hf_subset": "default",
        "languages": [
          "eng-Latn"
        ],
        "main_score": 0.44286,
        "map_at_1": 0.00608,
        "map_at_10": 0.06193,
        "map_at_100": 0.36417,
        "map_at_1000": 0.55386,
        "map_at_20": 0.12377,
        "map_at_3": 0.0183,
        "map_at_5": 0.03074,
        "mrr_at_1": 0.44285714285714284,
        "mrr_at_10": 0.5178741496598639,
        "mrr_at_100": 0.5310335412033904,
        "mrr_at_1000": 0.5310335412033904,
        "mrr_at_20": 0.5226296307996884,
        "mrr_at_3": 0.4952380952380953,
        "mrr_at_5": 0.5116666666666667,
        "nauc_cv_recall_at_1000_diff1": NaN,
        "nauc_cv_recall_at_1000_max": NaN,
        "nauc_cv_recall_at_1000_std": NaN,
        "nauc_cv_recall_at_100_diff1": NaN,
        "nauc_cv_recall_at_100_max": NaN,
        "nauc_cv_recall_at_100_std": NaN,
        "nauc_cv_recall_at_10_diff1": 0.1349227522980281,
        "nauc_cv_recall_at_10_max": -0.8248647862045542,
        "nauc_cv_recall_at_10_std": -0.7776430355800239,
        "nauc_cv_recall_at_1_diff1": -0.24901561945994355,
        "nauc_cv_recall_at_1_max": -0.4959038572788175,
        "nauc_cv_recall_at_1_std": -0.5338794856961575,
        "nauc_cv_recall_at_20_diff1": 0.19599018003273283,
        "nauc_cv_recall_at_20_max": -0.8698562076221649,
        "nauc_cv_recall_at_20_std": -0.7552606967500581,
        "nauc_cv_recall_at_3_diff1": -0.13877938827905473,
        "nauc_cv_recall_at_3_max": -0.6470778498797178,
        "nauc_cv_recall_at_3_std": -0.5809731740352156,
        "nauc_cv_recall_at_5_diff1": 0.059296302911233896,
        "nauc_cv_recall_at_5_max": -0.7466065368815861,
        "nauc_cv_recall_at_5_std": -0.6496919092695126,
        "nauc_map_at_1000_diff1": -0.043857275182727515,
        "nauc_map_at_1000_max": -0.48147941405432637,
        "nauc_map_at_1000_std": -0.44546087772210113,
        "nauc_map_at_100_diff1": -0.13134822070935206,
        "nauc_map_at_100_max": -0.4718824713591824,
        "nauc_map_at_100_std": -0.5111288995976212,
        "nauc_map_at_10_diff1": -0.20322724585655852,
        "nauc_map_at_10_max": -0.45780514038586917,
        "nauc_map_at_10_std": -0.5720259823431499,
        "nauc_map_at_1_diff1": -0.22855357889313552,
        "nauc_map_at_1_max": -0.43690437405415006,
        "nauc_map_at_1_std": -0.5489976175585649,
        "nauc_map_at_20_diff1": -0.18499400138624833,
        "nauc_map_at_20_max": -0.4595288242597099,
        "nauc_map_at_20_std": -0.5634059733583628,
        "nauc_map_at_3_diff1": -0.23186742400118798,
        "nauc_map_at_3_max": -0.4416777002896951,
        "nauc_map_at_3_std": -0.5605901110139779,
        "nauc_map_at_5_diff1": -0.21943421495199159,
        "nauc_map_at_5_max": -0.44901149648747457,
        "nauc_map_at_5_std": -0.5670589770834829,
        "nauc_mrr_at_1000_diff1": -0.16407611493791976,
        "nauc_mrr_at_1000_max": -0.5792243029724038,
        "nauc_mrr_at_1000_std": -0.5679451275604102,
        "nauc_mrr_at_100_diff1": -0.16407611493791976,
        "nauc_mrr_at_100_max": -0.5792243029724038,
        "nauc_mrr_at_100_std": -0.5679451275604102,
        "nauc_mrr_at_10_diff1": -0.1567564502353518,
        "nauc_mrr_at_10_max": -0.5879076603576063,
        "nauc_mrr_at_10_std": -0.5780089219269868,
        "nauc_mrr_at_1_diff1": -0.24901561945994355,
        "nauc_mrr_at_1_max": -0.4959038572788175,
        "nauc_mrr_at_1_std": -0.5338794856961575,
        "nauc_mrr_at_20_diff1": -0.15620344241357043,
        "nauc_mrr_at_20_max": -0.5860821918202815,
        "nauc_mrr_at_20_std": -0.573266389050799,
        "nauc_mrr_at_3_diff1": -0.20214936787084473,
        "nauc_mrr_at_3_max": -0.5599492751757342,
        "nauc_mrr_at_3_std": -0.55042227772485,
        "nauc_mrr_at_5_diff1": -0.1622089273928639,
        "nauc_mrr_at_5_max": -0.5791967494941614,
        "nauc_mrr_at_5_std": -0.5632044079466298,
        "nauc_ndcg_at_1000_diff1": -0.0352220473570877,
        "nauc_ndcg_at_1000_max": -0.5264278795159069,
        "nauc_ndcg_at_1000_std": -0.495663210240126,
        "nauc_ndcg_at_100_diff1": -0.02920361933313586,
        "nauc_ndcg_at_100_max": -0.5465487759632656,
        "nauc_ndcg_at_100_std": -0.4751706174762047,
        "nauc_ndcg_at_10_diff1": -0.10486268835277478,
        "nauc_ndcg_at_10_max": -0.6172923840572899,
        "nauc_ndcg_at_10_std": -0.5866266539760927,
        "nauc_ndcg_at_1_diff1": -0.24901561945994355,
        "nauc_ndcg_at_1_max": -0.4959038572788175,
        "nauc_ndcg_at_1_std": -0.5338794856961575,
        "nauc_ndcg_at_20_diff1": -0.04867120965868639,
        "nauc_ndcg_at_20_max": -0.6250841518412292,
        "nauc_ndcg_at_20_std": -0.5612506192414715,
        "nauc_ndcg_at_3_diff1": -0.24341719590492888,
        "nauc_ndcg_at_3_max": -0.5379009287328422,
        "nauc_ndcg_at_3_std": -0.5423054438610981,
        "nauc_ndcg_at_5_diff1": -0.17313000780359794,
        "nauc_ndcg_at_5_max": -0.5774912314086788,
        "nauc_ndcg_at_5_std": -0.5616753916113659,
        "nauc_precision_at_1000_diff1": 0.3085698490034903,
        "nauc_precision_at_1000_max": 0.04281280308272855,
        "nauc_precision_at_1000_std": -0.02336483202188349,
        "nauc_precision_at_100_diff1": 0.09336177039821367,
        "nauc_precision_at_100_max": -0.308136315798286,
        "nauc_precision_at_100_std": -0.14616841294565971,
        "nauc_precision_at_10_diff1": -0.056972365563547116,
        "nauc_precision_at_10_max": -0.6417525054292597,
        "nauc_precision_at_10_std": -0.5967563905879537,
        "nauc_precision_at_1_diff1": -0.24901561945994355,
        "nauc_precision_at_1_max": -0.4959038572788175,
        "nauc_precision_at_1_std": -0.5338794856961575,
        "nauc_precision_at_20_diff1": -0.0009972102337185867,
        "nauc_precision_at_20_max": -0.6396518242487617,
        "nauc_precision_at_20_std": -0.5544579738464458,
        "nauc_precision_at_3_diff1": -0.2388700435040916,
        "nauc_precision_at_3_max": -0.5502724595463053,
        "nauc_precision_at_3_std": -0.5461392514229862,
        "nauc_precision_at_5_diff1": -0.13675572578999387,
        "nauc_precision_at_5_max": -0.6007134671836485,
        "nauc_precision_at_5_std": -0.5697416134247989,
        "nauc_recall_at_1000_diff1": -0.049754805279856915,
        "nauc_recall_at_1000_max": -0.21465402063579997,
        "nauc_recall_at_1000_std": 0.1201957946383522,
        "nauc_recall_at_100_diff1": -0.15552606634887695,
        "nauc_recall_at_100_max": -0.43957528097831366,
        "nauc_recall_at_100_std": -0.47975949325779865,
        "nauc_recall_at_10_diff1": -0.1823143845429382,
        "nauc_recall_at_10_max": -0.4831788622516851,
        "nauc_recall_at_10_std": -0.5827828390158464,
        "nauc_recall_at_1_diff1": -0.22855357889313552,
        "nauc_recall_at_1_max": -0.43690437405415006,
        "nauc_recall_at_1_std": -0.5489976175585649,
        "nauc_recall_at_20_diff1": -0.15995446211117925,
        "nauc_recall_at_20_max": -0.4785945099595965,
        "nauc_recall_at_20_std": -0.5630690523614515,
        "nauc_recall_at_3_diff1": -0.22653317682479163,
        "nauc_recall_at_3_max": -0.45240001216314707,
        "nauc_recall_at_3_std": -0.5663066341937687,
        "nauc_recall_at_5_diff1": -0.20382997410164475,
        "nauc_recall_at_5_max": -0.46795109748218977,
        "nauc_recall_at_5_std": -0.5753004498924167,
        "ndcg_at_1": 0.44286,
        "ndcg_at_10": 0.49843,
        "ndcg_at_100": 0.57175,
        "ndcg_at_1000": 0.79225,