{
  "dataset_revision": "8270b3751ce6b95bec362fb38fbcd2a4aa400cfc",
  "evaluation_time": 57.5666823387146,
  "kg_co2_emissions": 0.002090771093016646,
  "mteb_version": "1.14.15",
  "scores": {
    "test": [
      {
        "cv_recall_at_1": 0.2,
        "cv_recall_at_10": 0.59,
        "cv_recall_at_100": 0.86,
        "cv_recall_at_1000": 1.0,
        "cv_recall_at_20": 0.67,
        "cv_recall_at_3": 0.42,
        "cv_recall_at_5": 0.48,
        "hf_subset": "default",
        "languages": [
          "eng-Latn"
        ],
        "main_score": 0.3674,
        "map_at_1": 0.2,
        "map_at_10": 0.33628,
        "map_at_100": 0.3479,
        "map_at_1000": 0.34863,
        "map_at_20": 0.3423,
        "map_at_3": 0.30667,
        "map_at_5": 0.32267,
        "mrr_at_1": 0.2,
        "mrr_at_10": 0.3362301587301587,
        "mrr_at_100": 0.34807304726827865,
        "mrr_at_1000": 0.3488042244657336,
        "mrr_at_20": 0.3424940702572281,
        "mrr_at_3": 0.305,
        "mrr_at_5": 0.32,
        "nauc_cv_recall_at_1000_diff1": NaN,
        "nauc_cv_recall_at_1000_max": NaN,
        "nauc_cv_recall_at_1000_std": NaN,
        "nauc_cv_recall_at_100_diff1": 0.14611334349452654,
        "nauc_cv_recall_at_100_max": 0.40861853955937383,
        "nauc_cv_recall_at_100_std": 0.22505888873493185,
        "nauc_cv_recall_at_10_diff1": 0.020206318693412717,
        "nauc_cv_recall_at_10_max": 0.5823587245219891,
        "nauc_cv_recall_at_10_std": 0.33595022524835977,
        "nauc_cv_recall_at_1_diff1": 0.056587019696480445,
        "nauc_cv_recall_at_1_max": 0.3293348401679044,
        "nauc_cv_recall_at_1_std": 0.09803035195350328,
        "nauc_cv_recall_at_20_diff1": 0.09607083001811348,
        "nauc_cv_recall_at_20_max": 0.5487972101369536,
        "nauc_cv_recall_at_20_std": 0.37615750537488774,
        "nauc_cv_recall_at_3_diff1": -0.03276563755605662,
        "nauc_cv_recall_at_3_max": 0.5023848407081939,
        "nauc_cv_recall_at_3_std": 0.2464292194831118,
        "nauc_cv_recall_at_5_diff1": -0.10910871176034713,
        "nauc_cv_recall_at_5_max": 0.4776119402985077,
        "nauc_cv_recall_at_5_std": 0.25125701280829865,
        "nauc_map_at_1000_diff1": 0.008018147797559404,
        "nauc_map_at_1000_max": 0.3368663777831052,
        "nauc_map_at_1000_std": 0.18548250220682463,
        "nauc_map_at_100_diff1": 0.00842718195713823,
        "nauc_map_at_100_max": 0.3372498286686927,
        "nauc_map_at_100_std": 0.18567544464705346,
        "nauc_map_at_10_diff1": 0.003701611268933732,
        "nauc_map_at_10_max": 0.3470400148584362,
        "nauc_map_at_10_std": 0.18918772436128792,
        "nauc_map_at_1_diff1": 0.07071359380045199,
        "nauc_map_at_1_max": 0.19593154665805623,
        "nauc_map_at_1_std": 0.06785598966741989,
        "nauc_map_at_20_diff1": 0.009364197247430458,
        "nauc_map_at_20_max": 0.34301812264148984,
        "nauc_map_at_20_std": 0.19091621150696703,
        "nauc_map_at_3_diff1": -0.016682351133602755,
        "nauc_map_at_3_max": 0.3104084043135486,
        "nauc_map_at_3_std": 0.18010889501329996,
        "nauc_map_at_5_diff1": -0.008513532574986042,
        "nauc_map_at_5_max": 0.3449357427313251,
        "nauc_map_at_5_std": 0.18201733622656896,
        "nauc_mrr_at_1000_diff1": 0.003031845330639089,
        "nauc_mrr_at_1000_max": 0.4225650190507822,
        "nauc_mrr_at_1000_std": 0.19942077281140536,
        "nauc_mrr_at_100_diff1": 0.0034518294584822843,
        "nauc_mrr_at_100_max": 0.42275956343922383,
        "nauc_mrr_at_100_std": 0.1995849088151351,
        "nauc_mrr_at_10_diff1": -0.0014588846201558318,
        "nauc_mrr_at_10_max": 0.43065365571010517,
        "nauc_mrr_at_10_std": 0.20159236758088822,
        "nauc_mrr_at_1_diff1": 0.056587019696480445,
        "nauc_mrr_at_1_max": 0.3293348401679044,
        "nauc_mrr_at_1_std": 0.09803035195350328,
        "nauc_mrr_at_20_diff1": 0.00440268934592406,
        "nauc_mrr_at_20_max": 0.42740172645075075,
        "nauc_mrr_at_20_std": 0.20453140614447363,
        "nauc_mrr_at_3_diff1": -0.0026590584058586234,
        "nauc_mrr_at_3_max": 0.4232023208070119,
        "nauc_mrr_at_3_std": 0.18764807481775847,
        "nauc_mrr_at_5_diff1": -0.023338007198716516,
        "nauc_mrr_at_5_max": 0.4159848605308933,
        "nauc_mrr_at_5_std": 0.18863142475799474,
        "nauc_ndcg_at_1000_diff1": 0.011177449887930924,
        "nauc_ndcg_at_1000_max": 0.35662012271246707,
        "nauc_ndcg_at_1000_std": 0.2005073100973625,
        "nauc_ndcg_at_100_diff1": 0.020101199385009313,
        "nauc_ndcg_at_100_max": 0.36098871723441045,
        "nauc_ndcg_at_100_std": 0.20257687714702213,
        "nauc_ndcg_at_10_diff1": 0.0049654117899731775,
        "nauc_ndcg_at_10_max": 0.4051136835179123,
        "nauc_ndcg_at_10_std": 0.22598254594411696,
        "nauc_ndcg_at_1_diff1": 0.07071359380045199,
        "nauc_ndcg_at_1_max": 0.19593154665805623,
        "nauc_ndcg_at_1_std": 0.06785598966741989,
        "nauc_ndcg_at_20_diff1": 0.023137642889264246,
        "nauc_ndcg_at_20_max": 0.39165990503194237,
        "nauc_ndcg_at_20_std": 0.2321425033712232,
        "nauc_ndcg_at_3_diff1": -0.035983904090513934,
        "nauc_ndcg_at_3_max": 0.3377108240253455,
        "nauc_ndcg_at_3_std": 0.20549678675464897,
        "nauc_ndcg_at_5_diff1": -0.01965046277316499,
        "nauc_ndcg_at_5_max": 0.3982976257263898,
        "nauc_ndcg_at_5_std": 0.20967619743510665,
        "nauc_precision_at_1000_diff1": NaN,
        "nauc_precision_at_1000_max": NaN,
        "nauc_precision_at_1000_std": NaN,
        "nauc_precision_at_100_diff1": 0.1461133434945293,
        "nauc_precision_at_100_max": 0.40861853955937494,
        "nauc_precision_at_100_std": 0.22505888873493407,
        "nauc_precision_at_10_diff1": 0.020206318693413317,
        "nauc_precision_at_10_max": 0.5823587245219899,
        "nauc_precision_at_10_std": 0.33595022524836043,
        "nauc_precision_at_1_diff1": 0.07071359380045199,
        "nauc_precision_at_1_max": 0.19593154665805623,
        "nauc_precision_at_1_std": 0.06785598966741989,
        "nauc_precision_at_20_diff1": 0.09607083001811448,
        "nauc_precision_at_20_max": 0.5487972101369543,
        "nauc_precision_at_20_std": 0.37615750537488846,
        "nauc_precision_at_3_diff1": -0.08491240847433425,
        "nauc_precision_at_3_max": 0.4076549921317187,
        "nauc_precision_at_3_std": 0.27007061944830957,
        "nauc_precision_at_5_diff1": -0.04413057961359015,
        "nauc_precision_at_5_max": 0.546702198534311,
        "nauc_precision_at_5_std": 0.28238507661559004,
        "nauc_recall_at_1000_diff1": NaN,
        "nauc_recall_at_1000_max": NaN,
        "nauc_recall_at_1000_std": NaN,
        "nauc_recall_at_100_diff1": 0.14611334349452654,
        "nauc_recall_at_100_max": 0.40861853955937383,
        "nauc_recall_at_100_std": 0.22505888873493185,
        "nauc_recall_at_10_diff1": 0.020206318693412717,
        "nauc_recall_at_10_max": 0.5823587245219891,
        "nauc_recall_at_10_std": 0.33595022524835977,
        "nauc_recall_at_1_diff1": 0.07071359380045199,
        "nauc_recall_at_1_max": 0.19593154665805623,
        "nauc_recall_at_1_std": 0.06785598966741989,
        "nauc_recall_at_20_diff1": 0.09607083001811348,
        "nauc_recall_at_20_max": 0.5487972101369536,
        "nauc_recall_at_20_std": 0.37615750537488774,
        "nauc_recall_at_3_diff1": -0.08491240847433387,
        "nauc_recall_at_3_max": 0.40765499213171863,
        "nauc_recall_at_3_std": 0.27007061944830996,
        "nauc_recall_at_5_diff1": -0.04413057961359104,
        "nauc_recall_at_5_max": 0.5467021985343102,
        "nauc_recall_at_5_std": 0.2823850766155896,
        "ndcg_at_1": 0.2,
        "ndcg_at_10": 0.39809,
        "ndcg_at_100": 0.45561,
        "ndcg_at_1000": 0.47375,
        "ndcg_at_20": 0.41891,
        "ndcg_at_3": 0.33857,
        "ndcg_at_5": 0.3674,
        "precision_at_1": 0.2,
        "precision_at_10": 0.059,