{
  "dataset_revision": "501f02a80aff50c90045b0feaa81565c4e8f889e",
  "evaluation_time": 7.926573991775513,
  "kg_co2_emissions": 0.0003651203992678825,
  "mteb_version": "1.14.15",
  "scores": {
    "test": [
      {
        "cv_recall_at_1": 0.05714,
        "cv_recall_at_10": 0.29643,
        "cv_recall_at_100": 0.68929,
        "cv_recall_at_1000": 1.0,
        "cv_recall_at_20": 0.36429,
        "cv_recall_at_3": 0.17143,
        "cv_recall_at_5": 0.22143,
        "hf_subset": "default",
        "languages": [
          "eng-Latn"
        ],
        "main_score": 0.13412,
        "map_at_1": 0.05,
        "map_at_10": 0.11635,
        "map_at_100": 0.12844,
        "map_at_1000": 0.13044,
        "map_at_20": 0.12139,
        "map_at_3": 0.08929,
        "map_at_5": 0.10661,
        "mrr_at_1": 0.05714285714285714,
        "mrr_at_10": 0.12621740362811792,
        "mrr_at_100": 0.13757952881816093,
        "mrr_at_1000": 0.13958647773048866,
        "mrr_at_20": 0.13054269565451015,
        "mrr_at_3": 0.10476190476190475,
        "mrr_at_5": 0.11654761904761902,
        "nauc_cv_recall_at_1000_diff1": NaN,
        "nauc_cv_recall_at_1000_max": NaN,
        "nauc_cv_recall_at_1000_std": NaN,
        "nauc_cv_recall_at_100_diff1": 0.10456069287812413,
        "nauc_cv_recall_at_100_max": 0.1871387328683116,
        "nauc_cv_recall_at_100_std": 0.15496669580914418,
        "nauc_cv_recall_at_10_diff1": 0.018396182913392286,
        "nauc_cv_recall_at_10_max": 0.2653321748753768,
        "nauc_cv_recall_at_10_std": 0.21337145242475292,
        "nauc_cv_recall_at_1_diff1": -0.05824054199087735,
        "nauc_cv_recall_at_1_max": 0.32591561577676426,
        "nauc_cv_recall_at_1_std": 0.26836262409444606,
        "nauc_cv_recall_at_20_diff1": 0.02162425058690379,
        "nauc_cv_recall_at_20_max": 0.26904514717023503,
        "nauc_cv_recall_at_20_std": 0.14286315553186135,
        "nauc_cv_recall_at_3_diff1": 0.025524411825941916,
        "nauc_cv_recall_at_3_max": 0.24385149906308545,
        "nauc_cv_recall_at_3_std": 0.09812877368311462,
        "nauc_cv_recall_at_5_diff1": 0.06991044643944337,
        "nauc_cv_recall_at_5_max": 0.29344011866677,
        "nauc_cv_recall_at_5_std": 0.18723225256539408,
        "nauc_map_at_1000_diff1": 0.08181420777207826,
        "nauc_map_at_1000_max": 0.24912517886030253,
        "nauc_map_at_1000_std": 0.18260523721768931,
        "nauc_map_at_100_diff1": 0.08196339168880919,
        "nauc_map_at_100_max": 0.2487466609101888,
        "nauc_map_at_100_std": 0.18207667119194085,
        "nauc_map_at_10_diff1": 0.07573082294118241,
        "nauc_map_at_10_max": 0.25453984629056375,
        "nauc_map_at_10_std": 0.19125643694885824,
        "nauc_map_at_1_diff1": 0.07706313005481226,
        "nauc_map_at_1_max": 0.16907508911801902,
        "nauc_map_at_1_std": 0.20964774426003294,
        "nauc_map_at_20_diff1": 0.07673361427838049,
        "nauc_map_at_20_max": 0.2546933415375303,
        "nauc_map_at_20_std": 0.18109452653836208,
        "nauc_map_at_3_diff1": 0.12160215850576664,
        "nauc_map_at_3_max": 0.2565353702331414,
        "nauc_map_at_3_std": 0.2005624275589504,
        "nauc_map_at_5_diff1": 0.0906178186280369,
        "nauc_map_at_5_max": 0.2682860949224241,
        "nauc_map_at_5_std": 0.17873667029693419,
        "nauc_mrr_at_1000_diff1": 0.01191735027206527,
        "nauc_mrr_at_1000_max": 0.26528537637065236,
        "nauc_mrr_at_1000_std": 0.17671583888197165,
        "nauc_mrr_at_100_diff1": 0.012693317368625988,
        "nauc_mrr_at_100_max": 0.2647811165111123,
        "nauc_mrr_at_100_std": 0.17627108134577024,
        "nauc_mrr_at_10_diff1": 0.008764256110842613,
        "nauc_mrr_at_10_max": 0.271451730545595,
        "nauc_mrr_at_10_std": 0.1842820015602399,
        "nauc_mrr_at_1_diff1": -0.05824054199087735,
        "nauc_mrr_at_1_max": 0.32591561577676426,
        "nauc_mrr_at_1_std": 0.26836262409444606,
        "nauc_mrr_at_20_diff1": 0.008692026757894078,
        "nauc_mrr_at_20_max": 0.2705683665371989,
        "nauc_mrr_at_20_std": 0.1754507040411985,
        "nauc_mrr_at_3_diff1": 0.0024162714483640367,
        "nauc_mrr_at_3_max": 0.2567991980176915,
        "nauc_mrr_at_3_std": 0.14163746935947982,
        "nauc_mrr_at_5_diff1": 0.02155143162813471,
        "nauc_mrr_at_5_max": 0.2769374913413057,
        "nauc_mrr_at_5_std": 0.17558596883401667,
        "nauc_ndcg_at_1000_diff1": 0.07666268577056487,
        "nauc_ndcg_at_1000_max": 0.24620942536663643,
        "nauc_ndcg_at_1000_std": 0.1810824409203695,
        "nauc_ndcg_at_100_diff1": 0.08127175478545327,
        "nauc_ndcg_at_100_max": 0.2365475099095379,
        "nauc_ndcg_at_100_std": 0.17538659317111113,
        "nauc_ndcg_at_10_diff1": 0.0525156232051448,
        "nauc_ndcg_at_10_max": 0.25822461410958825,
        "nauc_ndcg_at_10_std": 0.2001635672871517,
        "nauc_ndcg_at_1_diff1": 0.07706313005481226,
        "nauc_ndcg_at_1_max": 0.16907508911801902,
        "nauc_ndcg_at_1_std": 0.20964774426003294,
        "nauc_ndcg_at_20_diff1": 0.05608608591282606,
        "nauc_ndcg_at_20_max": 0.26168109670243556,
        "nauc_ndcg_at_20_std": 0.16960532885724286,
        "nauc_ndcg_at_3_diff1": 0.12428806494129123,
        "nauc_ndcg_at_3_max": 0.27314838851050904,
        "nauc_ndcg_at_3_std": 0.20851482104527108,
        "nauc_ndcg_at_5_diff1": 0.07956602756645516,
        "nauc_ndcg_at_5_max": 0.28941431038132837,
        "nauc_ndcg_at_5_std": 0.17574118353461676,
        "nauc_precision_at_1000_diff1": NaN,
        "nauc_precision_at_1000_max": NaN,
        "nauc_precision_at_1000_std": NaN,
        "nauc_precision_at_100_diff1": 0.104560692878124,
        "nauc_precision_at_100_max": 0.18713873286831167,
        "nauc_precision_at_100_std": 0.15496669580914463,
        "nauc_precision_at_10_diff1": 0.01088371224957889,
        "nauc_precision_at_10_max": 0.2566218253792848,
        "nauc_precision_at_10_std": 0.2178657904688938,
        "nauc_precision_at_1_diff1": 0.07706313005481226,
        "nauc_precision_at_1_max": 0.16907508911801902,
        "nauc_precision_at_1_std": 0.20964774426003294,
        "nauc_precision_at_20_diff1": 0.02162425058690398,
        "nauc_precision_at_20_max": 0.2690451471702352,
        "nauc_precision_at_20_std": 0.1428631555318614,
        "nauc_precision_at_3_diff1": 0.1281857696790226,
        "nauc_precision_at_3_max": 0.304419213205597,
        "nauc_precision_at_3_std": 0.22542458604235233,
        "nauc_precision_at_5_diff1": 0.05859015863640681,
        "nauc_precision_at_5_max": 0.3250959786478853,
        "nauc_precision_at_5_std": 0.17051602801629298,
        "nauc_recall_at_1000_diff1": NaN,
        "nauc_recall_at_1000_max": NaN,
        "nauc_recall_at_1000_std": NaN,
        "nauc_recall_at_100_diff1": 0.10456069287812413,
        "nauc_recall_at_100_max": 0.1871387328683116,
        "nauc_recall_at_100_std": 0.15496669580914418,
        "nauc_recall_at_10_diff1": 0.010883712249578742,
        "nauc_recall_at_10_max": 0.25662182537928435,
        "nauc_recall_at_10_std": 0.21786579046889354,
        "nauc_recall_at_1_diff1": 0.07706313005481226,
        "nauc_recall_at_1_max": 0.16907508911801902,
        "nauc_recall_at_1_std": 0.20964774426003294,
        "nauc_recall_at_20_diff1": 0.02162425058690379,
        "nauc_recall_at_20_max": 0.26904514717023503,
        "nauc_recall_at_20_std": 0.14286315553186135,
        "nauc_recall_at_3_diff1": 0.1281857696790226,
        "nauc_recall_at_3_max": 0.3044192132055972,
        "nauc_recall_at_3_std": 0.22542458604235255,
        "nauc_recall_at_5_diff1": 0.05859015863640664,
        "nauc_recall_at_5_max": 0.32509597864788503,
        "nauc_recall_at_5_std": 0.17051602801629256,
        "ndcg_at_1": 0.05,
        "ndcg_at_10": 0.15743,
        "ndcg_at_100": 0.23392,
        "ndcg_at_1000": 0.27637,
        "ndcg_at_20": 0.17618,
        "ndcg_at_3": 0.10383,
        "ndcg_at_5": 0.13412,